Client_ID;Credit_ID;Agence;Type_Credit;Date_Realisation;Montant_Initial;Duree_Mois;Taux;Assurance;Echeance_Mensuelle
CLI-0001;CRE-0001;Epinal;Habitat;2021-06-07;201079;191;3.93;1;1711.3
CLI-0002;CRE-0002;Strasbourg;Auto;2019-06-10;38985;68;5.57;1;754.26
CLI-0003;CRE-0003;Strasbourg;Habitat;2021-12-15;335789;225;3.36;1;2432.6
CLI-0004;CRE-0004;Colmar;Consommation;2020-12-15;12310;54;6.7;1;296.69
CLI-0005;CRE-0005;Epinal;Habitat;2021-10-06;388921;290;3.37;0;2433.33
CLI-0006;CRE-0006;Strasbourg;Habitat;2020-12-05;333969;257;3.15;0;2176.16
CLI-0007;CRE-0007;Epinal;Habitat;2021-02-27;359706;194;3.9;0;3023.2
CLI-0008;CRE-0008;Colmar;Auto;2021-02-20;31112;64;4.86;0;612.13
CLI-0009;CRE-0009;Epinal;Consommation;2020-02-21;14168;16;6.3;0;959.88
CLI-0010;CRE-0010;Strasbourg;Habitat;2021-08-15;161704;265;3.88;0;1133.05
CLI-0011;CRE-0011;Strasbourg;Auto;2019-07-08;19643;50;5.87;1;488.95
CLI-0012;CRE-0012;Epinal;Habitat;2021-10-05;348143;216;3.76;1;2702.62
CLI-0013;CRE-0013;Colmar;Habitat;2019-08-08;329486;208;3.17;0;2454.46
CLI-0014;CRE-0014;Strasbourg;Habitat;2019-06-09;342112;282;4.05;1;2367.79
CLI-0015;CRE-0015;Mulhouse;Consommation;2019-12-21;18377;50;6.05;0;460.19
CLI-0016;CRE-0016;Colmar;Auto;2020-03-12;22117;63;5.65;1;455.2
CLI-0017;CRE-0017;Colmar;Habitat;2022-06-15;159603;234;3.68;0;1171.51
CLI-0018;CRE-0018;Mulhouse;Habitat;2020-06-25;389081;290;3.07;1;2337.06
CLI-0019;CRE-0019;Strasbourg;Auto;2022-06-13;31560;40;5.07;1;922.34
CLI-0020;CRE-0020;Colmar;Habitat;2022-05-05;302536;219;3.52;1;2268.88
CLI-0021;CRE-0021;Colmar;Habitat;2022-09-28;417699;267;3.66;1;2838.4
CLI-0022;CRE-0022;Epinal;Auto;2021-06-15;32602;63;5.75;1;673.71
CLI-0023;CRE-0023;Colmar;Consommation;2021-02-04;8138;21;6.55;1;431.94
CLI-0024;CRE-0024;Strasbourg;Habitat;2022-03-22;390836;181;3.1;1;3168.97
CLI-0025;CRE-0025;Epinal;Consommation;2022-08-22;11187;18;6.07;1;678.09
CLI-0026;CRE-0026;Colmar;Habitat;2019-09-09;186238;217;3.51;1;1402.99
CLI-0027;CRE-0027;Mulhouse;Consommation;2020-05-06;7326;46;7.09;0;202.55
CLI-0028;CRE-0028;Strasbourg;Auto;2019-05-16;26082;42;5.35;0;737.28
CLI-0029;CRE-0029;Epinal;Consommation;2022-10-17;5007;21;6.45;0;265.34
CLI-0030;CRE-0030;Colmar;Habitat;2022-02-20;286469;191;3.85;1;2418.93
CLI-0031;CRE-0031;Colmar;Habitat;2021-08-02;261630;271;3.61;1;1752.49
CLI-0032;CRE-0032;Mulhouse;Habitat;2022-01-12;150045;207;3.79;0;1198.75
CLI-0033;CRE-0033;Epinal;Habitat;2021-09-16;398195;182;3.82;1;3455.47
CLI-0034;CRE-0034;Colmar;Habitat;2019-06-28;444515;261;3.22;1;2895.9
CLI-0035;CRE-0035;Epinal;Habitat;2019-02-08;302144;190;3.61;0;2499.18
CLI-0036;CRE-0036;Strasbourg;Habitat;2022-09-09;306308;248;3.48;0;2123.41
CLI-0037;CRE-0037;Strasbourg;Consommation;2022-02-24;18592;42;7.18;1;553.91
CLI-0038;CRE-0038;Strasbourg;Auto;2022-10-23;18597;68;5.48;1;358.41
CLI-0039;CRE-0039;Strasbourg;Auto;2020-03-15;21877;67;5.78;0;431.9
CLI-0040;CRE-0040;Strasbourg;Consommation;2019-09-04;21951;15;7.33;1;1597.48
CLI-0041;CRE-0041;Colmar;Consommation;2019-11-15;18414;17;7.24;1;1194.27
CLI-0042;CRE-0042;Mulhouse;Auto;2019-05-13;38180;82;5.02;1;625.33
CLI-0043;CRE-0043;Epinal;Auto;2022-02-12;32749;39;5.76;0;996.91
CLI-0044;CRE-0044;Epinal;Consommation;2020-11-30;10796;23;5.66;1;520.31
CLI-0045;CRE-0045;Colmar;Habitat;2019-09-25;189673;188;3.44;1;1552.63
CLI-0046;CRE-0046;Mulhouse;Consommation;2022-10-17;14209;19;6.75;1;827.77
CLI-0047;CRE-0047;Colmar;Habitat;2019-10-28;448221;214;3.56;0;3424.21
CLI-0048;CRE-0048;Mulhouse;Consommation;2022-08-17;7513;35;5.98;0;252.1
CLI-0049;CRE-0049;Mulhouse;Habitat;2021-06-16;336483;183;3.83;1;2912.65
CLI-0050;CRE-0050;Mulhouse;Auto;2019-08-18;35077;73;5.03;1;627.54
CLI-0051;CRE-0051;Epinal;Habitat;2022-07-06;412759;260;3.24;1;2701.98
CLI-0052;CRE-0052;Mulhouse;Habitat;2022-07-20;219104;257;3.31;1;1456.91
CLI-0053;CRE-0053;Strasbourg;Auto;2022-02-05;20009;82;5.35;1;333.22
CLI-0054;CRE-0054;Mulhouse;Habitat;2020-03-10;229974;278;3.33;1;1465.42
CLI-0055;CRE-0055;Colmar;Habitat;2020-12-19;365739;249;4.05;1;2703.2
CLI-0056;CRE-0056;Strasbourg;Habitat;2019-05-08;338313;255;4.11;1;2485.44
CLI-0057;CRE-0057;Mulhouse;Habitat;2022-09-29;152402;252;3.74;1;1079.76
CLI-0058;CRE-0058;Colmar;Habitat;2021-06-19;414997;214;3.17;0;3035.52
CLI-0059;CRE-0059;Strasbourg;Habitat;2021-08-11;422325;295;3.98;1;2832.32
CLI-0060;CRE-0060;Epinal;Habitat;2022-01-02;402074;240;3.92;1;2988.75
CLI-0061;CRE-0061;Colmar;Consommation;2019-07-13;10976;25;5.71;1;491.27
CLI-0062;CRE-0062;Strasbourg;Habitat;2019-08-22;386828;234;3.7;1;2845.83
CLI-0063;CRE-0063;Mulhouse;Consommation;2022-07-13;6345;51;7.47;1;163.91
CLI-0064;CRE-0064;Mulhouse;Consommation;2019-09-01;24613;43;7.24;0;720.89
CLI-0065;CRE-0065;Mulhouse;Habitat;2019-10-01;304661;275;4.0;0;2123.39
CLI-0066;CRE-0066;Epinal;Habitat;2022-02-14;206876;263;3.63;1;1412.4
CLI-0067;CRE-0067;Epinal;Auto;2020-08-30;22740;43;5.23;1;627.95
CLI-0068;CRE-0068;Mulhouse;Habitat;2021-01-16;300641;227;3.7;1;2251.39
CLI-0069;CRE-0069;Colmar;Auto;2020-03-27;23338;52;5.69;0;559.47
CLI-0070;CRE-0070;Epinal;Habitat;2019-10-01;449186;284;3.75;1;2985.35
CLI-0071;CRE-0071;Strasbourg;Auto;2019-04-17;15896;68;5.63;1;308.34
CLI-0072;CRE-0072;Strasbourg;Auto;2020-03-05;17969;70;5.88;1;344.75
CLI-0073;CRE-0073;Mulhouse;Consommation;2020-02-23;6217;21;7.11;0;332.88
CLI-0074;CRE-0074;Mulhouse;Habitat;2020-02-19;383259;236;3.3;0;2677.94
CLI-0075;CRE-0075;Colmar;Consommation;2022-11-05;9188;20;7.32;1;515.45
CLI-0076;CRE-0076;Strasbourg;Auto;2019-08-12;15403;62;5.7;0;321.6
CLI-0077;CRE-0077;Strasbourg;Habitat;2021-01-07;216358;222;3.71;1;1643.49
CLI-0078;CRE-0078;Mulhouse;Habitat;2019-03-26;400851;255;3.42;0;2714.39
CLI-0079;CRE-0079;Colmar;Habitat;2020-03-03;352277;293;3.77;1;2309.05
CLI-0080;CRE-0080;Colmar;Habitat;2022-02-28;413336;203;3.32;1;3179.7
CLI-0081;CRE-0081;Mulhouse;Consommation;2019-03-17;21161;19;6.35;0;1225.71
CLI-0082;CRE-0082;Colmar;Consommation;2022-11-05;16143;42;6.98;0;478.26
CLI-0083;CRE-0083;Mulhouse;Habitat;2021-05-17;446271;192;3.84;1;3752.4
CLI-0084;CRE-0084;Mulhouse;Consommation;2021-02-06;21903;46;6.5;1;594.79
CLI-0085;CRE-0085;Colmar;Auto;2020-02-14;30986;67;5.82;1;612.76
CLI-0086;CRE-0086;Colmar;Consommation;2019-02-17;17140;12;7.25;1;1531.89
CLI-0087;CRE-0087;Colmar;Habitat;2019-03-09;425854;181;3.19;1;3484.85
CLI-0088;CRE-0088;Mulhouse;Auto;2021-05-08;40276;68;5.14;0;764.81
CLI-0089;CRE-0089;Epinal;Habitat;2019-08-18;218373;252;4.11;0;1614.49
CLI-0090;CRE-0090;Mulhouse;Habitat;2021-11-20;403725;265;3.75;0;2785.13
CLI-0091;CRE-0091;Mulhouse;Habitat;2022-05-28;416518;223;3.96;0;3242.3
CLI-0092;CRE-0092;Strasbourg;Consommation;2021-02-23;11883;27;7.11;1;510.52
CLI-0093;CRE-0093;Strasbourg;Habitat;2019-09-05;384102;226;4.04;1;2992.71
CLI-0094;CRE-0094;Epinal;Consommation;2019-04-04;18560;43;7.45;1;546.85
CLI-0095;CRE-0095;Colmar;Habitat;2021-02-25;396797;235;3.72;0;2918.57
CLI-0096;CRE-0096;Colmar;Consommation;2022-08-09;10088;48;5.68;0;257.92
CLI-0097;CRE-0097;Strasbourg;Auto;2020-04-20;38544;56;5.85;1;876.19
CLI-0098;CRE-0098;Epinal;Consommation;2020-10-19;19324;36;7.36;1;655.3
CLI-0099;CRE-0099;Colmar;Consommation;2021-02-08;13290;41;7.42;1;406.32
CLI-0100;CRE-0100;Mulhouse;Habitat;2020-02-24;346472;270;3.15;1;2192.72
CLI-0101;CRE-0101;Epinal;Habitat;2022-03-02;433386;265;3.18;1;2783.89
CLI-0102;CRE-0102;Mulhouse;Habitat;2020-06-03;412731;280;3.22;1;2581.53
CLI-0103;CRE-0103;Epinal;Consommation;2019-03-15;11606;56;7.26;1;277.47
CLI-0104;CRE-0104;Mulhouse;Habitat;2020-08-20;179255;281;3.87;1;1216.02
CLI-0105;CRE-0105;Strasbourg;Habitat;2019-11-29;385909;247;3.8;1;2784.43
CLI-0106;CRE-0106;Strasbourg;Consommation;2020-03-26;19592;45;5.91;1;531.87
CLI-0107;CRE-0107;Strasbourg;Consommation;2021-05-21;6764;35;6.13;1;227.81
CLI-0108;CRE-0108;Strasbourg;Consommation;2021-11-25;13142;33;6.54;1;469.87
CLI-0109;CRE-0109;Strasbourg;Habitat;2020-02-27;189483;225;3.32;1;1366.38
CLI-0110;CRE-0110;Colmar;Consommation;2022-09-29;23975;25;6.61;1;1091.06
CLI-0111;CRE-0111;Epinal;Habitat;2019-12-22;422492;259;4.02;0;3046.59
CLI-0112;CRE-0112;Colmar;Habitat;2020-10-26;430343;242;3.99;0;3209.17
CLI-0113;CRE-0113;Mulhouse;Habitat;2020-06-13;335392;191;3.13;1;2630.79
CLI-0114;CRE-0114;Epinal;Habitat;2019-08-18;322902;222;3.71;1;2452.82
CLI-0115;CRE-0115;Epinal;Habitat;2019-06-04;299382;211;3.61;0;2319.51
CLI-0116;CRE-0116;Colmar;Consommation;2019-04-05;6651;46;7.29;1;184.99
CLI-0117;CRE-0117;Strasbourg;Auto;2021-06-01;44972;68;5.22;0;856.98
CLI-0118;CRE-0118;Epinal;Auto;2021-06-02;25626;67;5.47;1;499.29
CLI-0119;CRE-0119;Mulhouse;Auto;2020-09-23;42266;72;5.9;1;794.84
CLI-0120;CRE-0120;Epinal;Consommation;2020-01-06;21766;43;5.62;1;608.12
CLI-0121;CRE-0121;Mulhouse;Consommation;2021-09-22;18919;45;5.95;1;514.23
CLI-0122;CRE-0122;Mulhouse;Habitat;2019-10-29;233883;262;3.72;0;1617.72
CLI-0123;CRE-0123;Colmar;Habitat;2021-03-23;345194;278;3.69;1;2303.18
CLI-0124;CRE-0124;Colmar;Habitat;2022-02-22;269900;230;3.79;1;2025.91
CLI-0125;CRE-0125;Epinal;Auto;2020-05-03;44900;59;5.8;1;978.03
CLI-0126;CRE-0126;Strasbourg;Auto;2022-08-30;18505;55;5.3;1;418.18
CLI-0127;CRE-0127;Colmar;Consommation;2019-06-26;12335;38;7.2;0;398.62
CLI-0128;CRE-0128;Epinal;Consommation;2022-09-01;18428;43;5.93;1;519.62
CLI-0129;CRE-0129;Strasbourg;Consommation;2019-08-03;13978;46;6.1;0;374.92
CLI-0130;CRE-0130;Mulhouse;Consommation;2021-07-15;24230;13;5.78;0;1980.55
CLI-0131;CRE-0131;Mulhouse;Habitat;2019-02-02;442879;184;3.89;1;3842.62
CLI-0132;CRE-0132;Colmar;Consommation;2019-09-16;20910;52;7.39;1;530.89
CLI-0133;CRE-0133;Colmar;Auto;2019-10-25;23567;44;4.93;0;632.43
CLI-0134;CRE-0134;Colmar;Habitat;2022-02-02;410788;259;3.82;1;2893.73
CLI-0135;CRE-0135;Epinal;Habitat;2022-03-15;211772;216;4.12;0;1707.51
CLI-0136;CRE-0136;Mulhouse;Auto;2021-12-11;40081;48;5.67;1;1024.4
CLI-0137;CRE-0137;Epinal;Habitat;2021-08-29;182780;182;4.06;1;1622.69
CLI-0138;CRE-0138;Colmar;Habitat;2021-07-21;339250;257;3.61;1;2340.62
CLI-0139;CRE-0139;Mulhouse;Consommation;2019-07-29;19816;27;6.78;1;845.89
CLI-0140;CRE-0140;Strasbourg;Habitat;2022-08-26;217143;279;4.06;0;1512.96
CLI-0141;CRE-0141;Strasbourg;Habitat;2022-10-31;281866;254;3.46;1;1922.42
CLI-0142;CRE-0142;Mulhouse;Habitat;2020-05-07;389028;236;3.8;1;2880.35
CLI-0143;CRE-0143;Mulhouse;Habitat;2019-05-12;217100;202;3.5;0;1707.96
CLI-0144;CRE-0144;Strasbourg;Consommation;2021-08-31;10877;40;5.59;1;322.59
CLI-0145;CRE-0145;Colmar;Auto;2021-10-12;22813;60;5.62;1;487.06
CLI-0146;CRE-0146;Mulhouse;Habitat;2019-05-06;202619;200;3.77;1;1649.66
CLI-0147;CRE-0147;Epinal;Consommation;2022-10-11;5661;40;6.2;0;170.77
CLI-0148;CRE-0148;Strasbourg;Habitat;2019-05-07;392879;292;3.92;1;2628.88
CLI-0149;CRE-0149;Epinal;Habitat;2019-08-24;215337;246;4.03;0;1598.53
CLI-0150;CRE-0150;Strasbourg;Habitat;2020-04-07;358796;247;3.41;1;2472.19
CLI-0151;CRE-0151;Epinal;Habitat;2022-09-06;255986;181;3.72;1;2207.84
CLI-0152;CRE-0152;Strasbourg;Habitat;2021-07-07;444515;191;3.44;1;3601.58
CLI-0153;CRE-0153;Strasbourg;Habitat;2022-11-15;279056;288;3.25;1;1724.72
CLI-0154;CRE-0154;Mulhouse;Habitat;2019-12-09;402172;272;3.45;1;2634.82
CLI-0155;CRE-0155;Mulhouse;Habitat;2021-04-15;280146;218;3.49;1;2099.83
CLI-0156;CRE-0156;Strasbourg;Habitat;2021-01-24;307881;287;3.55;1;1983.57
CLI-0157;CRE-0157;Epinal;Consommation;2020-02-21;17255;49;6.9;0;451.36
CLI-0158;CRE-0158;Mulhouse;Auto;2020-01-17;24984;70;5.39;1;469.13
CLI-0159;CRE-0159;Epinal;Auto;2021-01-24;30158;71;5.69;1;567.76
CLI-0160;CRE-0160;Epinal;Auto;2022-05-31;22605;52;5.95;1;546.79
CLI-0161;CRE-0161;Mulhouse;Consommation;2020-07-22;8501;49;5.73;1;214.08
CLI-0162;CRE-0162;Strasbourg;Consommation;2019-05-11;21759;20;7.08;0;1216.33
CLI-0163;CRE-0163;Strasbourg;Habitat;2019-01-29;258671;209;3.57;1;2007.21
CLI-0164;CRE-0164;Colmar;Habitat;2021-12-05;394941;186;3.41;0;3245.63
CLI-0165;CRE-0165;Colmar;Habitat;2020-11-28;246965;232;3.92;1;1871.26
CLI-0166;CRE-0166;Mulhouse;Consommation;2022-08-31;14462;24;7.3;1;690.56
CLI-0167;CRE-0167;Strasbourg;Consommation;2022-03-13;11923;44;6.66;1;337.15
CLI-0168;CRE-0168;Strasbourg;Habitat;2021-05-08;421418;202;3.62;1;3357.51
CLI-0169;CRE-0169;Colmar;Consommation;2022-04-02;10210;12;7.4;1;913.8
CLI-0170;CRE-0170;Epinal;Consommation;2019-09-29;17778;30;6.16;0;683.86
CLI-0171;CRE-0171;Strasbourg;Habitat;2020-03-25;263911;262;3.61;1;1801.23
CLI-0172;CRE-0172;Epinal;Auto;2021-06-11;33532;65;5.46;0;668.45
CLI-0173;CRE-0173;Mulhouse;Consommation;2021-01-15;7153;29;7.12;1;289.1
CLI-0174;CRE-0174;Mulhouse;Habitat;2022-08-04;363464;255;3.27;1;2415.79
CLI-0175;CRE-0175;Epinal;Habitat;2022-01-28;439573;191;3.04;1;3415.01
CLI-0176;CRE-0176;Colmar;Auto;2020-09-26;44692;67;5.07;1;855.87
CLI-0177;CRE-0177;Epinal;Habitat;2022-08-05;285086;246;3.19;0;1916.74
CLI-0178;CRE-0178;Epinal;Consommation;2022-09-10;22335;31;6.26;1;837.0
CLI-0179;CRE-0179;Mulhouse;Habitat;2021-12-04;227950;200;3.92;1;1884.39
CLI-0180;CRE-0180;Mulhouse;Habitat;2021-11-24;357280;207;3.78;0;2851.42
CLI-0181;CRE-0181;Strasbourg;Consommation;2021-01-10;14461;44;7.43;1;418.2
CLI-0182;CRE-0182;Mulhouse;Habitat;2019-11-16;222196;235;3.74;1;1638.03
CLI-0183;CRE-0183;Colmar;Auto;2020-02-28;22377;60;5.86;1;482.22
CLI-0184;CRE-0184;Mulhouse;Habitat;2021-08-05;326623;294;3.38;1;2030.95
CLI-0185;CRE-0185;Strasbourg;Auto;2020-07-23;41229;67;5.32;0;798.14
CLI-0186;CRE-0186;Strasbourg;Habitat;2019-07-25;420522;180;3.41;0;3531.22
CLI-0187;CRE-0187;Epinal;Consommation;2021-03-21;22799;53;6.61;1;555.75
CLI-0188;CRE-0188;Epinal;Habitat;2021-09-17;281631;263;3.93;0;1993.18
CLI-0189;CRE-0189;Epinal;Auto;2019-03-05;41933;83;5.82;1;708.59
CLI-0190;CRE-0190;Strasbourg;Consommation;2020-04-14;12123;15;6.46;1;873.46
CLI-0191;CRE-0191;Colmar;Habitat;2020-05-20;164560;233;3.44;1;1178.0
CLI-0192;CRE-0192;Colmar;Consommation;2022-02-14;14668;30;6.52;1;568.63
CLI-0193;CRE-0193;Colmar;Habitat;2021-12-30;254264;186;3.88;0;2189.13
CLI-0194;CRE-0194;Mulhouse;Habitat;2020-03-01;414018;205;3.91;0;3368.61
CLI-0195;CRE-0195;Mulhouse;Habitat;2019-06-25;373968;190;3.39;1;3024.71
CLI-0196;CRE-0196;Colmar;Habitat;2021-12-25;376559;286;3.82;1;2515.35
CLI-0197;CRE-0197;Colmar;Consommation;2020-08-14;14864;41;5.89;1;435.49
CLI-0198;CRE-0198;Strasbourg;Auto;2021-04-23;17717;46;5.15;1;461.19
CLI-0199;CRE-0199;Colmar;Consommation;2020-08-09;7142;25;7.12;1;328.06
CLI-0200;CRE-0200;Epinal;Consommation;2021-05-12;20646;37;7.05;1;679.3
CLI-0201;CRE-0201;Epinal;Consommation;2019-04-21;22647;47;7.35;1;620.56
CLI-0202;CRE-0202;Epinal;Consommation;2022-06-09;7425;14;6.38;0;569.83
CLI-0203;CRE-0203;Strasbourg;Consommation;2021-03-25;10674;38;5.63;0;330.97
CLI-0204;CRE-0204;Epinal;Auto;2020-03-09;25252;54;5.53;1;584.0
CLI-0205;CRE-0205;Mulhouse;Auto;2022-05-10;29998;71;5.77;0;566.75
CLI-0206;CRE-0206;Colmar;Consommation;2022-08-04;5552;35;7.04;1;191.2
CLI-0207;CRE-0207;Strasbourg;Consommation;2021-10-04;17792;17;7.31;1;1154.97
CLI-0208;CRE-0208;Mulhouse;Consommation;2021-06-11;21091;41;7.16;0;640.26
CLI-0209;CRE-0209;Mulhouse;Habitat;2020-06-02;167108;252;4.27;1;1257.75
CLI-0210;CRE-0210;Mulhouse;Habitat;2022-08-02;261567;187;3.94;0;2257.57
CLI-0211;CRE-0211;Colmar;Habitat;2020-12-09;403099;223;3.1;1;2848.96
CLI-0212;CRE-0212;Colmar;Habitat;2021-09-22;307374;247;3.47;1;2133.25
CLI-0213;CRE-0213;Colmar;Habitat;2020-01-02;336404;190;3.32;1;2701.27
CLI-0214;CRE-0214;Colmar;Habitat;2022-05-28;288589;249;3.85;1;2084.88
CLI-0215;CRE-0215;Strasbourg;Habitat;2020-01-19;343792;211;3.97;1;2766.72
CLI-0216;CRE-0216;Strasbourg;Auto;2021-07-25;41740;71;4.9;1;758.33
CLI-0217;CRE-0217;Mulhouse;Consommation;2022-01-04;23580;14;7.13;1;1824.39
CLI-0218;CRE-0218;Strasbourg;Consommation;2022-10-26;22747;19;5.82;0;1307.53
CLI-0219;CRE-0219;Colmar;Habitat;2022-11-26;312317;195;3.88;1;2611.45
CLI-0220;CRE-0220;Epinal;Auto;2022-06-15;39525;47;5.67;1;1027.71
CLI-0221;CRE-0221;Epinal;Consommation;2020-04-25;6481;30;5.85;0;247.63
CLI-0222;CRE-0222;Colmar;Auto;2021-09-25;36972;62;4.9;0;747.29
CLI-0223;CRE-0223;Strasbourg;Auto;2021-01-31;17849;75;5.55;1;320.54
CLI-0224;CRE-0224;Strasbourg;Consommation;2019-12-24;18595;37;5.65;1;590.12
CLI-0225;CRE-0225;Epinal;Habitat;2019-06-25;397432;201;3.79;0;3232.5
CLI-0226;CRE-0226;Strasbourg;Habitat;2020-11-12;297356;207;3.86;1;2393.0
CLI-0227;CRE-0227;Colmar;Habitat;2021-08-22;287322;197;3.52;1;2301.3
CLI-0228;CRE-0228;Colmar;Habitat;2020-12-01;412233;290;3.19;1;2517.35
CLI-0229;CRE-0229;Epinal;Habitat;2019-05-13;424741;225;3.06;0;2970.83
CLI-0230;CRE-0230;Mulhouse;Consommation;2022-11-07;5442;56;6.09;1;124.8
CLI-0231;CRE-0231;Colmar;Consommation;2019-04-18;22293;30;7.14;0;875.74
CLI-0232;CRE-0232;Colmar;Consommation;2020-03-18;19527;48;7.37;1;526.74
CLI-0233;CRE-0233;Colmar;Auto;2021-04-09;21405;48;5.88;1;550.82
CLI-0234;CRE-0234;Strasbourg;Habitat;2019-11-12;418894;188;3.65;1;3502.3
CLI-0235;CRE-0235;Strasbourg;Habitat;2021-06-14;291948;195;3.82;1;2426.54
CLI-0236;CRE-0236;Colmar;Consommation;2021-02-09;18293;42;6.32;1;531.89
CLI-0237;CRE-0237;Strasbourg;Consommation;2022-02-05;16377;53;7.08;1;405.62
CLI-0238;CRE-0238;Mulhouse;Auto;2022-03-28;21069;75;4.83;0;365.72
CLI-0239;CRE-0239;Colmar;Consommation;2019-10-10;20626;14;6.11;1;1578.31
CLI-0240;CRE-0240;Strasbourg;Consommation;2021-03-16;16484;52;6.29;1;403.4
CLI-0241;CRE-0241;Epinal;Consommation;2021-07-15;15734;55;5.56;0;358.97
CLI-0242;CRE-0242;Strasbourg;Habitat;2022-05-26;253283;286;3.81;1;1689.78
CLI-0243;CRE-0243;Mulhouse;Habitat;2020-02-26;164463;185;4.06;0;1445.42
CLI-0244;CRE-0244;Mulhouse;Habitat;2021-07-14;382384;207;3.26;1;2886.08
CLI-0245;CRE-0245;Colmar;Habitat;2020-06-07;217433;232;3.82;1;1629.37
CLI-0246;CRE-0246;Mulhouse;Consommation;2020-05-07;20789;32;6.62;1;764.34
CLI-0247;CRE-0247;Mulhouse;Habitat;2022-05-27;439926;217;3.94;1;3471.73
CLI-0248;CRE-0248;Mulhouse;Habitat;2019-05-17;266418;269;3.59;0;1787.44
CLI-0249;CRE-0249;Colmar;Habitat;2020-06-04;165623;218;3.81;1;1285.59
CLI-0250;CRE-0250;Epinal;Consommation;2020-09-14;19676;13;6.01;1;1612.08
CLI-0251;CRE-0251;Strasbourg;Habitat;2020-02-22;188153;188;3.91;1;1613.88
CLI-0252;CRE-0252;Mulhouse;Habitat;2022-08-10;218181;260;3.66;0;1504.61
CLI-0253;CRE-0253;Epinal;Consommation;2022-09-17;21043;52;5.57;1;502.35
CLI-0254;CRE-0254;Mulhouse;Consommation;2019-02-15;13739;28;6.7;1;567.39
CLI-0255;CRE-0255;Strasbourg;Habitat;2020-09-03;354807;275;3.26;1;2254.1
CLI-0256;CRE-0256;Colmar;Habitat;2020-10-11;428399;249;3.66;1;3027.09
CLI-0257;CRE-0257;Mulhouse;Auto;2021-05-29;24730;39;5.23;1;741.88
CLI-0258;CRE-0258;Colmar;Consommation;2019-09-29;8998;44;5.98;1;249.34
CLI-0259;CRE-0259;Colmar;Consommation;2020-01-11;13753;49;6.65;1;356.89
CLI-0260;CRE-0260;Epinal;Habitat;2020-05-05;211044;185;4.17;1;1874.16
CLI-0261;CRE-0261;Colmar;Habitat;2020-11-12;358386;272;3.22;1;2279.26
CLI-0262;CRE-0262;Colmar;Consommation;2019-12-24;22819;42;6.74;1;671.48
CLI-0263;CRE-0263;Colmar;Consommation;2020-02-19;15598;44;7.0;1;445.49
CLI-0264;CRE-0264;Strasbourg;Habitat;2021-10-10;309988;293;3.41;1;1938.86
CLI-0265;CRE-0265;Strasbourg;Consommation;2022-04-25;22081;57;6.28;1;502.94
CLI-0266;CRE-0266;Mulhouse;Habitat;2020-02-05;315274;211;4.1;0;2571.38
CLI-0267;CRE-0267;Epinal;Habitat;2022-03-13;274673;290;3.41;1;1727.68
CLI-0268;CRE-0268;Epinal;Auto;2019-09-17;25742;81;4.82;1;421.2
CLI-0269;CRE-0269;Mulhouse;Habitat;2021-07-18;328450;233;3.79;0;2447.01
CLI-0270;CRE-0270;Mulhouse;Habitat;2022-11-08;305086;243;3.42;1;2124.99
CLI-0271;CRE-0271;Colmar;Consommation;2020-10-07;20823;40;7.42;1;649.33
CLI-0272;CRE-0272;Epinal;Auto;2022-08-13;16020;48;4.99;0;400.37
CLI-0273;CRE-0273;Epinal;Habitat;2022-09-15;348942;267;3.25;1;2251.95
CLI-0274;CRE-0274;Strasbourg;Auto;2021-05-16;21422;44;4.82;1;572.91
CLI-0275;CRE-0275;Colmar;Habitat;2021-07-22;224838;265;3.66;0;1534.2
CLI-0276;CRE-0276;Mulhouse;Consommation;2020-01-02;15189;52;6.66;1;376.4
CLI-0277;CRE-0277;Epinal;Consommation;2019-12-11;22554;33;6.32;1;802.24
CLI-0278;CRE-0278;Epinal;Habitat;2019-12-29;158547;287;4.12;1;1096.77
CLI-0279;CRE-0279;Colmar;Consommation;2022-01-26;12103;46;5.82;0;321.81
CLI-0280;CRE-0280;Mulhouse;Consommation;2021-12-30;15516;25;6.7;0;707.27
CLI-0281;CRE-0281;Strasbourg;Auto;2019-08-29;24031;81;5.76;1;412.03
CLI-0282;CRE-0282;Strasbourg;Habitat;2020-07-23;317972;252;3.58;0;2210.41
CLI-0283;CRE-0283;Epinal;Consommation;2021-12-10;17161;19;7.17;1;1005.75
CLI-0284;CRE-0284;Mulhouse;Habitat;2021-03-05;229004;296;3.94;1;1525.56
CLI-0285;CRE-0285;Mulhouse;Habitat;2021-05-01;304094;236;3.8;1;2251.5
CLI-0286;CRE-0286;Epinal;Auto;2020-11-01;30854;72;5.56;1;571.48
CLI-0287;CRE-0287;Colmar;Auto;2020-05-13;18364;41;5.97;1;539.26
CLI-0288;CRE-0288;Epinal;Habitat;2021-12-19;370219;270;3.22;1;2364.6
CLI-0289;CRE-0289;Epinal;Auto;2022-04-23;33453;46;5.09;1;869.14
CLI-0290;CRE-0290;Mulhouse;Habitat;2021-08-08;274325;253;3.58;1;1902.69
CLI-0291;CRE-0291;Strasbourg;Habitat;2020-02-13;397502;182;3.18;1;3237.46
CLI-0292;CRE-0292;Strasbourg;Habitat;2022-07-11;300053;298;3.61;1;1909.55
CLI-0293;CRE-0293;Epinal;Habitat;2019-11-23;399249;205;3.29;1;3042.16
CLI-0294;CRE-0294;Mulhouse;Consommation;2022-07-18;21085;36;6.9;1;706.93
CLI-0295;CRE-0295;Epinal;Habitat;2020-11-08;381159;256;4.06;1;2778.49
CLI-0296;CRE-0296;Colmar;Habitat;2022-11-18;369043;219;3.7;1;2823.01
CLI-0297;CRE-0297;Mulhouse;Habitat;2020-01-19;371444;211;3.5;0;2843.78
CLI-0298;CRE-0298;Colmar;Auto;2022-02-28;37791;59;5.22;1;804.92
CLI-0299;CRE-0299;Colmar;Consommation;2019-03-01;13324;55;6.61;1;315.65
CLI-0300;CRE-0300;Epinal;Auto;2020-07-03;43732;66;5.63;1;867.78
CLI-0301;CRE-0301;Strasbourg;Consommation;2019-09-03;6647;14;6.33;0;509.85
CLI-0302;CRE-0302;Mulhouse;Habitat;2022-06-20;160436;275;3.74;1;1083.43
CLI-0303;CRE-0303;Colmar;Habitat;2022-02-10;276817;201;3.62;1;2212.26
CLI-0304;CRE-0304;Mulhouse;Habitat;2021-09-30;246259;247;3.5;1;1715.26
CLI-0305;CRE-0305;Strasbourg;Consommation;2019-12-08;7947;54;7.36;1;195.91
CLI-0306;CRE-0306;Mulhouse;Consommation;2020-08-13;20846;50;6.13;1;523.41
CLI-0307;CRE-0307;Mulhouse;Habitat;2021-07-17;216137;224;3.91;1;1669.14
CLI-0308;CRE-0308;Strasbourg;Habitat;2019-10-09;397633;185;3.71;1;3378.72
CLI-0309;CRE-0309;Strasbourg;Habitat;2022-10-06;382116;250;3.69;1;2703.47
CLI-0310;CRE-0310;Mulhouse;Consommation;2022-08-25;6663;50;6.47;0;169.18
CLI-0311;CRE-0311;Colmar;Auto;2021-07-21;23473;50;4.91;1;565.5
CLI-0312;CRE-0312;Epinal;Habitat;2019-03-16;404145;257;3.58;1;2778.25
CLI-0313;CRE-0313;Colmar;Habitat;2022-10-16;442934;205;3.2;1;3341.81
CLI-0314;CRE-0314;Colmar;Habitat;2022-11-05;388389;293;3.91;0;2591.06
CLI-0315;CRE-0315;Strasbourg;Habitat;2022-03-15;218288;216;4.07;0;1750.95
CLI-0316;CRE-0316;Strasbourg;Habitat;2020-01-09;303598;181;4.09;1;2712.1
CLI-0317;CRE-0317;Mulhouse;Auto;2019-07-15;30743;47;5.69;1;799.88
CLI-0318;CRE-0318;Strasbourg;Habitat;2021-12-29;164244;210;3.5;1;1261.16
CLI-0319;CRE-0319;Strasbourg;Consommation;2022-05-18;20252;30;6.78;0;789.49
CLI-0320;CRE-0320;Strasbourg;Habitat;2019-12-05;255409;229;3.57;1;1875.16
CLI-0321;CRE-0321;Epinal;Habitat;2021-08-05;263134;210;3.57;1;2035.84
CLI-0322;CRE-0322;Strasbourg;Auto;2019-09-29;38741;72;5.91;0;728.87
CLI-0323;CRE-0323;Epinal;Habitat;2020-01-10;348379;252;3.45;0;2384.05
CLI-0324;CRE-0324;Epinal;Habitat;2021-10-05;165746;248;4.19;1;1247.06
CLI-0325;CRE-0325;Epinal;Consommation;2019-09-24;7857;15;6.94;0;569.24
CLI-0326;CRE-0326;Strasbourg;Consommation;2020-10-28;19787;31;6.54;1;746.13
CLI-0327;CRE-0327;Epinal;Consommation;2019-12-05;15575;54;5.78;1;363.45
CLI-0328;CRE-0328;Colmar;Consommation;2019-07-15;22228;57;7.2;1;523.33
CLI-0329;CRE-0329;Strasbourg;Consommation;2019-07-03;10453;34;6.94;0;367.89
CLI-0330;CRE-0330;Strasbourg;Habitat;2020-01-13;295376;266;3.45;1;1959.64
CLI-0331;CRE-0331;Epinal;Habitat;2021-05-18;257689;233;4.1;1;1986.4
CLI-0332;CRE-0332;Strasbourg;Consommation;2019-08-06;19147;19;5.67;1;1098.21
CLI-0333;CRE-0333;Epinal;Consommation;2020-02-09;11702;23;6.35;0;570.71
CLI-0334;CRE-0334;Colmar;Habitat;2019-11-06;443457;294;3.77;0;2901.55
CLI-0335;CRE-0335;Epinal;Habitat;2021-09-02;248055;265;3.43;1;1645.08
CLI-0336;CRE-0336;Strasbourg;Auto;2021-01-29;19025;78;4.98;1;322.86
CLI-0337;CRE-0337;Strasbourg;Auto;2022-05-30;15332;59;5.4;1;328.86
CLI-0338;CRE-0338;Mulhouse;Consommation;2020-09-12;17982;55;6.32;0;421.65
CLI-0339;CRE-0339;Colmar;Habitat;2021-03-15;447457;249;3.03;1;2926.84
CLI-0340;CRE-0340;Mulhouse;Consommation;2020-01-06;5609;38;5.51;0;173.36
CLI-0341;CRE-0341;Mulhouse;Habitat;2020-03-21;247764;284;4.12;0;1723.06
CLI-0342;CRE-0342;Mulhouse;Consommation;2020-01-17;6978;52;6.5;0;171.99
CLI-0343;CRE-0343;Colmar;Habitat;2021-05-13;337032;204;3.32;1;2584.57
CLI-0344;CRE-0344;Strasbourg;Auto;2019-07-10;28471;62;5.04;1;578.79
CLI-0345;CRE-0345;Mulhouse;Consommation;2020-02-20;22554;26;7.02;0;999.4
CLI-0346;CRE-0346;Strasbourg;Habitat;2020-12-16;183846;267;3.3;0;1194.14
CLI-0347;CRE-0347;Colmar;Consommation;2021-06-21;7774;39;5.55;1;235.29
CLI-0348;CRE-0348;Mulhouse;Habitat;2021-02-23;412054;281;3.37;1;2623.57
CLI-0349;CRE-0349;Mulhouse;Consommation;2022-02-27;22813;24;6.97;1;1083.05
CLI-0350;CRE-0350;Mulhouse;Habitat;2021-12-27;331658;282;3.74;1;2209.76
CLI-0351;CRE-0351;Colmar;Consommation;2020-11-06;7077;38;6.89;0;226.87
CLI-0352;CRE-0352;Strasbourg;Habitat;2019-06-16;178200;291;4.04;0;1212.31
CLI-0353;CRE-0353;Colmar;Habitat;2020-04-12;433261;250;3.2;1;2888.41
CLI-0354;CRE-0354;Strasbourg;Consommation;2021-10-17;9018;43;5.63;0;252.03
CLI-0355;CRE-0355;Strasbourg;Auto;2021-01-11;26084;68;4.91;1;490.32
CLI-0356;CRE-0356;Epinal;Consommation;2020-10-07;21702;33;6.64;0;777.72
CLI-0357;CRE-0357;Colmar;Auto;2019-02-12;38112;71;4.77;0;688.28
CLI-0358;CRE-0358;Mulhouse;Habitat;2021-04-23;349740;229;3.4;0;2518.18
CLI-0359;CRE-0359;Mulhouse;Habitat;2020-09-28;294763;252;3.64;0;2063.81
CLI-0360;CRE-0360;Colmar;Habitat;2019-02-05;386565;265;3.47;1;2576.55
CLI-0361;CRE-0361;Strasbourg;Consommation;2020-11-07;20869;49;7.02;0;547.98
CLI-0362;CRE-0362;Mulhouse;Habitat;2019-10-24;377300;254;3.19;0;2488.42
CLI-0363;CRE-0363;Colmar;Habitat;2022-05-05;194091;184;4.28;0;1747.1
CLI-0364;CRE-0364;Colmar;Habitat;2021-11-27;443252;244;3.77;1;3209.16
CLI-0365;CRE-0365;Epinal;Habitat;2019-04-04;325078;215;3.87;1;2560.37
CLI-0366;CRE-0366;Colmar;Habitat;2022-06-03;401492;202;4.05;1;3342.62
CLI-0367;CRE-0367;Colmar;Consommation;2022-06-11;15162;59;6.62;1;340.63
CLI-0368;CRE-0368;Mulhouse;Habitat;2020-11-07;252448;244;3.75;1;1823.52
CLI-0369;CRE-0369;Colmar;Habitat;2022-04-13;390467;265;3.81;0;2713.19
CLI-0370;CRE-0370;Mulhouse;Habitat;2020-08-25;316036;204;4.13;1;2636.89
CLI-0371;CRE-0371;Colmar;Auto;2022-08-23;30606;56;5.93;1;697.78
CLI-0372;CRE-0372;Strasbourg;Auto;2021-10-02;30266;64;5.48;0;611.12
CLI-0373;CRE-0373;Mulhouse;Consommation;2020-04-01;8950;36;7.25;1;302.68
CLI-0374;CRE-0374;Mulhouse;Auto;2019-08-07;37534;43;5.58;0;1047.42
CLI-0375;CRE-0375;Strasbourg;Habitat;2022-04-17;177658;268;3.71;1;1212.16
CLI-0376;CRE-0376;Colmar;Consommation;2022-04-30;5875;17;5.82;1;374.08
CLI-0377;CRE-0377;Mulhouse;Habitat;2019-04-25;352544;184;3.31;1;2888.43
CLI-0378;CRE-0378;Mulhouse;Consommation;2022-01-13;19681;45;6.79;1;548.72
CLI-0379;CRE-0379;Epinal;Habitat;2022-04-04;292577;207;3.95;1;2376.48
CLI-0380;CRE-0380;Strasbourg;Consommation;2020-06-02;20574;27;6.12;0;866.93
CLI-0381;CRE-0381;Mulhouse;Auto;2021-04-30;17066;52;5.62;1;408.12
CLI-0382;CRE-0382;Strasbourg;Habitat;2021-12-03;285798;277;3.74;1;1922.5
CLI-0383;CRE-0383;Colmar;Habitat;2019-03-14;183120;186;3.83;1;1568.97
CLI-0384;CRE-0384;Colmar;Habitat;2022-08-18;403412;195;3.57;0;3268.93
CLI-0385;CRE-0385;Mulhouse;Habitat;2020-10-16;448831;216;3.39;1;3345.87
CLI-0386;CRE-0386;Epinal;Auto;2020-07-19;28461;56;5.17;1;630.85
CLI-0387;CRE-0387;Colmar;Consommation;2021-01-18;20265;20;7.07;1;1132.64
CLI-0388;CRE-0388;Colmar;Habitat;2019-02-20;270193;241;3.51;0;1911.45
CLI-0389;CRE-0389;Mulhouse;Auto;2019-11-10;16447;82;5.87;1;281.03
CLI-0390;CRE-0390;Strasbourg;Auto;2021-11-06;35541;58;5.54;1;776.86
CLI-0391;CRE-0391;Colmar;Consommation;2019-06-15;22547;31;6.96;1;858.1
CLI-0392;CRE-0392;Epinal;Habitat;2021-10-09;427306;237;3.3;1;2978.07
CLI-0393;CRE-0393;Mulhouse;Habitat;2020-04-01;440167;192;3.74;1;3664.39
CLI-0394;CRE-0394;Epinal;Habitat;2019-10-31;330931;273;3.93;1;2296.0
CLI-0395;CRE-0395;Colmar;Auto;2019-06-04;28827;64;5.09;1;572.7
CLI-0396;CRE-0396;Strasbourg;Auto;2020-12-13;42369;46;5.6;0;1118.79
CLI-0397;CRE-0397;Colmar;Habitat;2022-02-12;290973;272;3.88;1;2010.57
CLI-0398;CRE-0398;Colmar;Consommation;2021-04-30;10632;39;7.45;1;338.62
CLI-0399;CRE-0399;Epinal;Consommation;2021-08-15;5788;46;6.42;0;156.79
CLI-0400;CRE-0400;Strasbourg;Auto;2019-11-25;43457;36;5.26;0;1397.63
CLI-0401;CRE-0401;Mulhouse;Habitat;2020-03-11;318341;298;3.77;0;2068.38
CLI-0402;CRE-0402;Mulhouse;Consommation;2021-04-15;14592;21;6.29;1;771.34
CLI-0403;CRE-0403;Epinal;Consommation;2020-10-06;17177;50;6.66;1;438.87
CLI-0404;CRE-0404;Mulhouse;Auto;2020-09-11;32326;41;5.35;1;932.56
CLI-0405;CRE-0405;Colmar;Habitat;2020-06-30;225160;193;3.31;1;1787.7
CLI-0406;CRE-0406;Strasbourg;Habitat;2021-06-01;420237;200;3.76;1;3417.93
CLI-0407;CRE-0407;Strasbourg;Auto;2022-05-16;15955;36;5.59;1;517.52
CLI-0408;CRE-0408;Strasbourg;Habitat;2022-08-28;328160;211;3.36;1;2474.11
CLI-0409;CRE-0409;Strasbourg;Consommation;2021-07-26;12542;39;6.42;0;388.69
CLI-0410;CRE-0410;Mulhouse;Consommation;2020-08-03;23615;24;5.9;1;1100.07
CLI-0411;CRE-0411;Mulhouse;Habitat;2020-01-15;353943;290;3.26;1;2182.04
CLI-0412;CRE-0412;Strasbourg;Consommation;2020-06-19;19426;33;7.27;0;706.36
CLI-0413;CRE-0413;Strasbourg;Consommation;2021-06-29;23134;50;5.79;1;574.3
CLI-0414;CRE-0414;Mulhouse;Habitat;2022-03-27;336315;218;3.51;1;2526.45
CLI-0415;CRE-0415;Epinal;Auto;2020-02-13;38331;65;4.78;1;742.39
CLI-0416;CRE-0416;Colmar;Consommation;2021-04-03;24019;54;6.84;1;581.7
CLI-0417;CRE-0417;Colmar;Habitat;2019-08-31;391224;291;3.95;0;2632.19
CLI-0418;CRE-0418;Mulhouse;Habitat;2021-01-07;308164;207;3.41;1;2364.41
CLI-0419;CRE-0419;Epinal;Habitat;2019-06-12;227838;217;3.54;0;1722.07
CLI-0420;CRE-0420;Strasbourg;Auto;2022-07-16;23269;78;4.8;1;391.4
CLI-0421;CRE-0421;Epinal;Auto;2019-04-20;30470;70;5.58;0;576.97
CLI-0422;CRE-0422;Mulhouse;Habitat;2020-10-05;333695;195;3.78;1;2762.4
CLI-0423;CRE-0423;Colmar;Auto;2022-07-24;31470;83;4.8;0;505.04
CLI-0424;CRE-0424;Epinal;Habitat;2020-01-05;163398;192;3.7;0;1354.84
CLI-0425;CRE-0425;Mulhouse;Habitat;2021-03-20;209002;285;3.78;0;1391.7
CLI-0426;CRE-0426;Epinal;Habitat;2021-12-19;315692;283;3.42;1;2015.24
CLI-0427;CRE-0427;Epinal;Habitat;2019-12-10;183573;253;3.38;1;1242.65
CLI-0428;CRE-0428;Mulhouse;Consommation;2020-01-12;9778;20;6.56;1;542.35
CLI-0429;CRE-0429;Mulhouse;Auto;2021-10-27;18232;56;4.79;1;398.35
CLI-0430;CRE-0430;Strasbourg;Habitat;2019-06-19;162469;201;3.69;0;1307.9
CLI-0431;CRE-0431;Epinal;Auto;2021-03-01;31133;67;5.12;0;597.51
CLI-0432;CRE-0432;Strasbourg;Habitat;2020-12-04;423980;200;3.59;1;3388.31
CLI-0433;CRE-0433;Epinal;Consommation;2021-02-05;14324;41;7.25;1;435.91
CLI-0434;CRE-0434;Colmar;Habitat;2021-09-20;335536;258;3.53;1;2287.56
CLI-0435;CRE-0435;Epinal;Consommation;2019-03-08;22733;15;7.35;1;1654.77
CLI-0436;CRE-0436;Mulhouse;Consommation;2021-04-06;11486;53;5.7;1;271.28
CLI-0437;CRE-0437;Mulhouse;Habitat;2019-10-04;368240;250;3.36;1;2504.03
CLI-0438;CRE-0438;Mulhouse;Habitat;2022-04-29;394960;207;3.17;1;2951.37
CLI-0439;CRE-0439;Strasbourg;Habitat;2020-06-21;354600;261;3.68;1;2446.06
CLI-0440;CRE-0440;Mulhouse;Habitat;2019-03-04;313258;252;3.24;1;2088.88
CLI-0441;CRE-0441;Epinal;Habitat;2021-01-22;235955;280;3.65;1;1560.39
CLI-0442;CRE-0442;Strasbourg;Habitat;2019-05-01;197346;288;3.35;1;1236.15
CLI-0443;CRE-0443;Epinal;Habitat;2020-05-24;235907;228;3.98;1;1817.1
CLI-0444;CRE-0444;Colmar;Habitat;2019-08-31;363921;190;3.43;0;2955.58
CLI-0445;CRE-0445;Epinal;Auto;2021-11-27;35438;39;4.78;0;1049.83
CLI-0446;CRE-0446;Colmar;Habitat;2021-04-24;192436;237;3.5;0;1373.24
CLI-0447;CRE-0447;Epinal;Consommation;2019-03-15;23835;18;5.93;1;1441.95
CLI-0448;CRE-0448;Strasbourg;Habitat;2021-05-25;277875;191;3.83;1;2341.73
CLI-0449;CRE-0449;Strasbourg;Habitat;2022-01-20;238983;228;4.2;1;1884.61
CLI-0450;CRE-0450;Epinal;Habitat;2019-10-28;319484;191;3.3;0;2551.27
CLI-0451;CRE-0451;Mulhouse;Habitat;2019-10-20;225746;212;3.81;1;1781.58
CLI-0452;CRE-0452;Strasbourg;Consommation;2020-02-01;8889;57;7.29;1;209.95
CLI-0453;CRE-0453;Colmar;Auto;2020-03-16;43027;41;4.95;0;1226.93
CLI-0454;CRE-0454;Mulhouse;Auto;2021-02-03;15912;60;5.38;0;336.54
CLI-0455;CRE-0455;Strasbourg;Auto;2021-12-02;30090;49;5.42;1;749.99
CLI-0456;CRE-0456;Colmar;Auto;2021-08-17;40823;77;5.18;1;706.39
CLI-0457;CRE-0457;Strasbourg;Auto;2019-07-29;22240;43;5.32;1;615.81
CLI-0458;CRE-0458;Mulhouse;Habitat;2022-01-10;201619;183;4.2;1;1807.41
CLI-0459;CRE-0459;Epinal;Consommation;2020-10-11;24839;54;7.24;1;609.84
CLI-0460;CRE-0460;Mulhouse;Auto;2021-10-08;20480;57;4.95;1;443.78
CLI-0461;CRE-0461;Mulhouse;Consommation;2022-03-12;7847;15;6.41;0;565.05
CLI-0462;CRE-0462;Strasbourg;Consommation;2022-08-28;10480;45;7.37;1;297.25
CLI-0463;CRE-0463;Mulhouse;Auto;2020-08-16;33150;49;5.9;1;839.52
CLI-0464;CRE-0464;Strasbourg;Habitat;2020-07-06;257373;215;4.21;1;2100.03
CLI-0465;CRE-0465;Epinal;Auto;2020-10-06;39631;48;5.04;0;992.1
CLI-0466;CRE-0466;Colmar;Habitat;2022-11-05;265867;211;3.93;1;2130.75
CLI-0467;CRE-0467;Mulhouse;Habitat;2019-02-01;360350;229;3.27;1;2555.53
CLI-0468;CRE-0468;Strasbourg;Auto;2021-02-14;28717;43;5.91;0;809.27
CLI-0469;CRE-0469;Mulhouse;Habitat;2022-01-20;267695;223;3.45;1;1970.05
CLI-0470;CRE-0470;Epinal;Auto;2022-03-30;20606;67;5.43;1;400.79
CLI-0471;CRE-0471;Epinal;Consommation;2022-07-14;10657;12;6.95;1;949.81
CLI-0472;CRE-0472;Mulhouse;Habitat;2019-10-22;252418;280;3.64;1;1667.16
CLI-0473;CRE-0473;Epinal;Habitat;2022-10-16;291210;272;3.71;1;1970.95
CLI-0474;CRE-0474;Epinal;Auto;2020-01-07;15705;73;5.57;1;288.03
CLI-0475;CRE-0475;Epinal;Habitat;2020-04-24;433632;231;3.79;0;3246.75
CLI-0476;CRE-0476;Strasbourg;Habitat;2019-09-13;216695;217;3.62;1;1652.29
CLI-0477;CRE-0477;Strasbourg;Consommation;2021-11-05;24585;32;6.77;0;906.98
CLI-0478;CRE-0478;Epinal;Habitat;2020-02-21;317016;182;3.43;1;2647.98
CLI-0479;CRE-0479;Epinal;Habitat;2019-10-04;403255;186;3.86;1;3465.17
CLI-0480;CRE-0480;Colmar;Habitat;2019-07-24;215080;276;3.26;0;1363.58
CLI-0481;CRE-0481;Epinal;Habitat;2019-03-16;198513;283;3.62;0;1300.31
CLI-0482;CRE-0482;Colmar;Auto;2020-08-18;28136;49;5.8;0;710.19
CLI-0483;CRE-0483;Mulhouse;Habitat;2020-04-05;220457;180;4.11;1;1979.83
CLI-0484;CRE-0484;Strasbourg;Auto;2022-10-13;30187;73;5.97;1;563.7
CLI-0485;CRE-0485;Strasbourg;Consommation;2021-08-04;9378;36;6.1;1;308.17
CLI-0486;CRE-0486;Epinal;Habitat;2020-04-04;158568;272;3.57;1;1054.71
CLI-0487;CRE-0487;Strasbourg;Auto;2019-09-22;33399;64;5.85;1;684.68
CLI-0488;CRE-0488;Mulhouse;Habitat;2019-06-18;371380;269;3.54;1;2476.17
CLI-0489;CRE-0489;Strasbourg;Habitat;2019-02-20;284155;183;4.16;1;2537.83
CLI-0490;CRE-0490;Colmar;Habitat;2019-09-09;439459;246;3.84;1;3192.69
CLI-0491;CRE-0491;Colmar;Auto;2022-02-17;44871;75;5.91;1;819.27
CLI-0492;CRE-0492;Colmar;Habitat;2019-06-02;390779;269;3.74;1;2670.64
CLI-0493;CRE-0493;Epinal;Habitat;2019-10-11;260331;249;4.09;1;1932.8
CLI-0494;CRE-0494;Colmar;Consommation;2022-03-06;12888;37;7.21;1;425.76
CLI-0495;CRE-0495;Colmar;Habitat;2022-05-08;426962;197;3.76;1;3505.13
CLI-0496;CRE-0496;Epinal;Auto;2020-11-25;35630;75;4.85;0;619.07
CLI-0497;CRE-0497;Mulhouse;Auto;2022-01-08;32138;55;4.8;1;712.88
CLI-0498;CRE-0498;Mulhouse;Consommation;2022-02-08;8748;13;6.48;1;720.16
CLI-0499;CRE-0499;Mulhouse;Consommation;2019-10-03;22207;41;6.0;1;652.67
CLI-0500;CRE-0500;Epinal;Habitat;2019-05-21;358723;219;3.18;1;2588.62
CLI-0501;CRE-0501;Colmar;Auto;2020-10-19;36957;45;4.84;1;970.33
CLI-0502;CRE-0502;Epinal;Habitat;2022-07-15;381775;198;3.78;1;3130.75
CLI-0503;CRE-0503;Epinal;Auto;2020-09-21;21987;72;4.96;0;396.25
CLI-0504;CRE-0504;Colmar;Habitat;2019-07-31;392362;239;3.93;1;2926.67
CLI-0505;CRE-0505;Colmar;Consommation;2021-10-12;9125;45;6.04;1;248.71
CLI-0506;CRE-0506;Strasbourg;Consommation;2022-03-19;10542;29;6.79;1;423.17
CLI-0507;CRE-0507;Strasbourg;Habitat;2019-09-09;386361;290;3.79;1;2552.54
CLI-0508;CRE-0508;Colmar;Habitat;2022-05-12;359368;283;3.9;1;2437.8
CLI-0509;CRE-0509;Epinal;Auto;2022-05-15;43883;74;5.61;1;798.17
CLI-0510;CRE-0510;Mulhouse;Habitat;2021-09-13;290237;238;3.55;1;2078.1
CLI-0511;CRE-0511;Strasbourg;Consommation;2022-06-28;10934;34;7.21;0;387.28
CLI-0512;CRE-0512;Epinal;Consommation;2020-12-14;6730;46;7.24;1;186.91
CLI-0513;CRE-0513;Colmar;Habitat;2022-08-24;309149;270;4.13;0;2208.98
CLI-0514;CRE-0514;Strasbourg;Habitat;2021-04-29;380988;193;3.12;0;2964.6
CLI-0515;CRE-0515;Mulhouse;Consommation;2019-04-04;12345;45;6.68;1;343.05
CLI-0516;CRE-0516;Colmar;Habitat;2021-01-27;266171;206;3.94;1;2166.02
CLI-0517;CRE-0517;Strasbourg;Habitat;2019-08-10;365685;264;3.12;1;2335.95
CLI-0518;CRE-0518;Strasbourg;Consommation;2021-04-21;17174;48;6.95;0;457.26
CLI-0519;CRE-0519;Strasbourg;Habitat;2022-03-23;410289;203;3.31;0;3152.84
CLI-0520;CRE-0520;Epinal;Auto;2022-11-17;31276;56;5.1;1;691.42
CLI-0521;CRE-0521;Mulhouse;Habitat;2020-01-09;175415;237;3.48;0;1248.85
CLI-0522;CRE-0522;Strasbourg;Consommation;2020-06-20;23215;19;6.11;1;1340.05
CLI-0523;CRE-0523;Strasbourg;Habitat;2022-03-11;370731;186;3.21;1;2984.88
CLI-0524;CRE-0524;Colmar;Consommation;2019-06-14;14483;25;6.71;1;660.3
CLI-0525;CRE-0525;Colmar;Habitat;2020-04-20;277515;291;3.36;1;1730.7
CLI-0526;CRE-0526;Epinal;Consommation;2022-09-03;7688;29;5.65;1;301.3
CLI-0527;CRE-0527;Epinal;Habitat;2021-07-16;415144;283;3.91;1;2819.62
CLI-0528;CRE-0528;Epinal;Habitat;2022-11-22;219798;216;3.35;1;1631.19
CLI-0529;CRE-0529;Colmar;Habitat;2020-08-19;266528;218;3.85;1;2077.72
CLI-0530;CRE-0530;Epinal;Habitat;2022-05-09;185788;263;4.16;1;1350.48
CLI-0531;CRE-0531;Epinal;Consommation;2020-01-06;21432;50;6.06;1;536.87
CLI-0532;CRE-0532;Colmar;Consommation;2020-05-17;20603;17;5.83;0;1312.04
CLI-0533;CRE-0533;Strasbourg;Consommation;2021-09-02;12925;55;5.76;1;297.04
CLI-0534;CRE-0534;Epinal;Consommation;2022-01-11;13908;59;7.01;1;316.97
CLI-0535;CRE-0535;Strasbourg;Habitat;2019-05-14;389786;209;3.62;1;3040.86
CLI-0536;CRE-0536;Mulhouse;Habitat;2019-08-16;303370;213;3.93;1;2417.81
CLI-0537;CRE-0537;Epinal;Auto;2022-08-09;20486;50;4.98;0;494.74
CLI-0538;CRE-0538;Colmar;Auto;2022-08-12;21588;66;5.01;1;417.22
CLI-0539;CRE-0539;Colmar;Habitat;2022-08-06;161797;196;3.33;1;1274.48
CLI-0540;CRE-0540;Epinal;Habitat;2021-01-22;235035;223;3.92;1;1821.75
CLI-0541;CRE-0541;Strasbourg;Auto;2019-09-17;23695;55;5.91;1;547.52
CLI-0542;CRE-0542;Colmar;Habitat;2020-12-30;433439;279;3.8;1;2926.1
CLI-0543;CRE-0543;Strasbourg;Auto;2021-08-21;19398;48;5.95;0;500.31
CLI-0544;CRE-0544;Epinal;Consommation;2022-08-15;15180;51;6.35;0;377.97
CLI-0545;CRE-0545;Colmar;Consommation;2021-09-07;23568;37;6.24;1;759.53
CLI-0546;CRE-0546;Mulhouse;Habitat;2020-01-13;402669;193;3.29;1;3190.35
CLI-0547;CRE-0547;Mulhouse;Auto;2019-08-29;22895;71;5.65;1;430.26
CLI-0548;CRE-0548;Strasbourg;Consommation;2019-10-23;12302;30;6.85;1;480.29
CLI-0549;CRE-0549;Epinal;Habitat;2020-04-01;236047;253;3.28;1;1578.19
CLI-0550;CRE-0550;Mulhouse;Habitat;2020-07-17;427096;216;3.55;1;3240.79
CLI-0551;CRE-0551;Mulhouse;Habitat;2019-03-27;386774;189;3.4;1;3142.28
CLI-0552;CRE-0552;Strasbourg;Auto;2022-02-18;29793;49;5.57;0;746.31
CLI-0553;CRE-0553;Mulhouse;Habitat;2020-11-23;393405;277;3.71;0;2636.51
CLI-0554;CRE-0554;Mulhouse;Habitat;2020-06-29;316777;278;3.5;0;2063.42
CLI-0555;CRE-0555;Mulhouse;Consommation;2021-05-09;13752;22;6.05;1;694.42
CLI-0556;CRE-0556;Epinal;Auto;2019-10-05;25064;72;5.36;1;460.06
CLI-0557;CRE-0557;Epinal;Consommation;2019-04-19;19288;28;7.46;1;808.76
CLI-0558;CRE-0558;Mulhouse;Habitat;2020-10-03;319004;202;3.64;0;2546.87
CLI-0559;CRE-0559;Colmar;Habitat;2020-02-20;399293;272;3.9;1;2765.69
CLI-0560;CRE-0560;Mulhouse;Consommation;2020-05-13;7597;45;5.78;1;205.41
CLI-0561;CRE-0561;Strasbourg;Consommation;2020-11-28;9306;26;6.07;0;405.0
CLI-0562;CRE-0562;Epinal;Habitat;2021-07-17;227614;232;3.58;1;1660.14
CLI-0563;CRE-0563;Epinal;Habitat;2022-01-14;205595;188;4.03;0;1784.05
CLI-0564;CRE-0564;Mulhouse;Habitat;2019-10-01;378161;231;3.13;1;2623.43
CLI-0565;CRE-0565;Epinal;Habitat;2021-08-22;226455;195;4.11;1;1936.92
CLI-0566;CRE-0566;Mulhouse;Consommation;2021-05-31;18699;30;6.08;1;718.04
CLI-0567;CRE-0567;Colmar;Consommation;2020-07-31;15406;48;6.27;1;401.45
CLI-0568;CRE-0568;Mulhouse;Auto;2021-08-25;30359;48;5.43;1;769.85
CLI-0569;CRE-0569;Colmar;Auto;2019-08-31;32425;48;5.03;1;811.44
CLI-0570;CRE-0570;Colmar;Habitat;2021-06-27;361721;213;3.55;1;2768.31
CLI-0571;CRE-0571;Mulhouse;Consommation;2019-05-03;8576;49;6.71;0;222.97
CLI-0572;CRE-0572;Colmar;Habitat;2020-07-27;392320;219;3.91;1;3069.72
CLI-0573;CRE-0573;Epinal;Consommation;2019-05-22;23877;29;5.74;1;937.56
CLI-0574;CRE-0574;Mulhouse;Habitat;2022-05-27;347460;254;3.36;0;2340.84
CLI-0575;CRE-0575;Epinal;Auto;2020-10-22;25896;61;5.32;1;539.33
CLI-0576;CRE-0576;Strasbourg;Consommation;2022-10-11;7099;37;6.27;1;228.96
CLI-0577;CRE-0577;Strasbourg;Habitat;2019-02-21;226265;295;4.19;1;1557.04
CLI-0578;CRE-0578;Strasbourg;Habitat;2022-06-19;397226;294;3.11;1;2380.59
CLI-0579;CRE-0579;Strasbourg;Auto;2021-12-04;31130;70;5.89;1;597.51
CLI-0580;CRE-0580;Colmar;Habitat;2019-04-25;195771;216;3.48;1;1474.08
CLI-0581;CRE-0581;Colmar;Consommation;2020-12-31;6494;48;6.1;1;168.3
CLI-0582;CRE-0582;Colmar;Consommation;2021-11-30;20651;39;6.02;1;633.11
CLI-0583;CRE-0583;Colmar;Consommation;2022-08-26;13688;52;6.11;0;332.93
CLI-0584;CRE-0584;Epinal;Habitat;2020-05-26;338461;294;3.76;1;2211.74
CLI-0585;CRE-0585;Mulhouse;Habitat;2021-06-02;423725;293;3.41;0;2650.25
CLI-0586;CRE-0586;Colmar;Auto;2020-07-28;25468;76;5.76;1;457.35
CLI-0587;CRE-0587;Colmar;Consommation;2022-06-15;7327;21;6.81;0;390.49
CLI-0588;CRE-0588;Mulhouse;Auto;2022-05-14;44578;49;4.79;1;1087.7
CLI-0589;CRE-0589;Epinal;Auto;2022-10-03;15467;50;5.97;0;386.29
CLI-0590;CRE-0590;Strasbourg;Habitat;2019-06-07;384001;262;3.78;0;2675.26
CLI-0591;CRE-0591;Strasbourg;Consommation;2021-09-02;17477;22;5.7;1;877.42
CLI-0592;CRE-0592;Strasbourg;Consommation;2020-03-23;7306;26;7.29;1;325.38
CLI-0593;CRE-0593;Mulhouse;Habitat;2022-10-24;241908;293;4.06;1;1644.08
CLI-0594;CRE-0594;Mulhouse;Habitat;2020-03-25;435816;211;3.47;0;3325.71
CLI-0595;CRE-0595;Mulhouse;Habitat;2021-09-18;367594;204;4.08;1;3051.75
CLI-0596;CRE-0596;Mulhouse;Habitat;2019-02-18;225267;253;4.11;0;1661.92
CLI-0597;CRE-0597;Epinal;Habitat;2022-10-24;405431;263;4.04;0;2906.51
CLI-0598;CRE-0598;Epinal;Consommation;2021-09-29;11383;42;6.91;1;336.57
CLI-0599;CRE-0599;Epinal;Consommation;2022-05-22;17997;36;7.35;1;610.15
CLI-0600;CRE-0600;Colmar;Habitat;2022-05-21;336966;237;3.7;0;2460.78
CLI-0601;CRE-0601;Mulhouse;Habitat;2022-08-24;412010;180;3.25;1;3404.8
CLI-0602;CRE-0602;Colmar;Habitat;2019-11-09;300955;193;3.57;1;2454.69
CLI-0603;CRE-0603;Mulhouse;Consommation;2019-11-04;5128;14;6.82;1;395.43
CLI-0604;CRE-0604;Colmar;Habitat;2021-11-26;394107;259;4.05;1;2851.76
CLI-0605;CRE-0605;Strasbourg;Consommation;2021-12-13;20992;26;5.68;1;906.75
CLI-0606;CRE-0606;Strasbourg;Habitat;2019-10-25;323033;228;3.37;1;2324.0
CLI-0607;CRE-0607;Strasbourg;Habitat;2021-05-09;169123;253;4.09;1;1244.9
CLI-0608;CRE-0608;Epinal;Auto;2022-05-21;31879;56;5.04;0;703.16
CLI-0609;CRE-0609;Strasbourg;Habitat;2022-02-27;267793;297;3.51;0;1684.95
CLI-0610;CRE-0610;Colmar;Habitat;2021-10-10;409761;255;3.67;0;2860.09
CLI-0611;CRE-0611;Epinal;Habitat;2022-03-22;411597;257;3.41;1;2771.17
CLI-0612;CRE-0612;Strasbourg;Auto;2019-10-18;31602;52;5.67;1;757.05
CLI-0613;CRE-0613;Mulhouse;Consommation;2022-06-06;18525;49;6.94;1;485.2
CLI-0614;CRE-0614;Colmar;Habitat;2020-04-06;410986;255;3.99;1;2978.24
CLI-0615;CRE-0615;Epinal;Habitat;2020-05-16;341112;194;3.65;0;2795.86
CLI-0616;CRE-0616;Mulhouse;Consommation;2022-03-31;11826;29;7.19;1;478.65
CLI-0617;CRE-0617;Colmar;Auto;2020-07-21;28671;45;5.3;1;763.76
CLI-0618;CRE-0618;Mulhouse;Habitat;2020-05-09;275442;282;3.71;1;1828.32
CLI-0619;CRE-0619;Epinal;Consommation;2020-11-05;7665;12;5.54;1;674.14
CLI-0620;CRE-0620;Mulhouse;Consommation;2020-07-15;10433;22;6.08;1;527.09
CLI-0621;CRE-0621;Colmar;Habitat;2022-07-11;158112;274;3.83;1;1081.69
CLI-0622;CRE-0622;Mulhouse;Habitat;2022-05-02;219095;211;3.4;0;1659.13
CLI-0623;CRE-0623;Mulhouse;Habitat;2019-06-20;409898;255;3.93;1;2949.86
CLI-0624;CRE-0624;Strasbourg;Consommation;2022-02-10;9832;39;7.22;1;311.26
CLI-0625;CRE-0625;Colmar;Habitat;2021-05-23;298588;200;4.03;1;2495.7
CLI-0626;CRE-0626;Colmar;Habitat;2022-06-30;290052;232;3.6;1;2120.38
CLI-0627;CRE-0627;Strasbourg;Auto;2021-03-03;29166;69;4.99;1;543.98
CLI-0628;CRE-0628;Mulhouse;Consommation;2022-07-28;9699;34;5.61;1;330.61
CLI-0629;CRE-0629;Strasbourg;Habitat;2022-08-09;406092;250;3.67;1;2866.33
CLI-0630;CRE-0630;Strasbourg;Habitat;2020-02-28;312184;223;3.43;1;2292.25
CLI-0631;CRE-0631;Colmar;Habitat;2021-06-15;228065;238;3.5;1;1623.45
CLI-0632;CRE-0632;Mulhouse;Consommation;2019-02-03;6536;19;6.91;1;381.64
CLI-0633;CRE-0633;Colmar;Habitat;2019-08-06;382476;180;3.22;1;3151.18
CLI-0634;CRE-0634;Mulhouse;Auto;2022-11-19;19163;37;5.87;1;611.66
CLI-0635;CRE-0635;Mulhouse;Habitat;2022-01-19;347011;272;4.09;1;2458.5
CLI-0636;CRE-0636;Epinal;Habitat;2019-07-15;230767;192;3.38;1;1851.91
CLI-0637;CRE-0637;Colmar;Auto;2021-05-23;19368;73;5.34;1;351.5
CLI-0638;CRE-0638;Mulhouse;Habitat;2021-02-18;165070;213;3.52;1;1259.18
CLI-0639;CRE-0639;Strasbourg;Habitat;2022-02-14;301737;191;3.58;0;2479.96
CLI-0640;CRE-0640;Colmar;Consommation;2020-09-16;7757;38;7.19;1;250.61
CLI-0641;CRE-0641;Strasbourg;Habitat;2021-10-13;348880;182;3.16;1;2835.64
CLI-0642;CRE-0642;Mulhouse;Consommation;2021-08-24;17240;17;6.22;1;1103.48
CLI-0643;CRE-0643;Epinal;Auto;2022-10-10;41389;52;5.65;1;990.82
CLI-0644;CRE-0644;Strasbourg;Consommation;2019-02-05;21293;41;7.48;1;652.07
CLI-0645;CRE-0645;Epinal;Consommation;2020-10-25;18350;38;6.26;1;578.62
CLI-0646;CRE-0646;Epinal;Auto;2019-07-01;29568;50;5.91;1;736.98
CLI-0647;CRE-0647;Strasbourg;Auto;2019-06-01;43432;62;5.74;1;908.27
CLI-0648;CRE-0648;Epinal;Habitat;2019-11-04;325308;295;3.85;1;2146.44
CLI-0649;CRE-0649;Epinal;Consommation;2021-10-06;14275;12;6.23;1;1263.69
CLI-0650;CRE-0650;Colmar;Consommation;2019-02-15;12035;23;6.86;1;592.06
CLI-0651;CRE-0651;Epinal;Auto;2019-07-03;21945;51;5.33;1;527.77
CLI-0652;CRE-0652;Epinal;Consommation;2022-07-12;17039;46;5.84;0;453.34
CLI-0653;CRE-0653;Mulhouse;Consommation;2020-06-29;17645;42;6.67;0;518.2
CLI-0654;CRE-0654;Mulhouse;Habitat;2021-03-04;276924;230;3.86;0;2094.79
CLI-0655;CRE-0655;Strasbourg;Auto;2021-04-25;18052;61;4.85;1;368.89
CLI-0656;CRE-0656;Mulhouse;Consommation;2019-03-28;18663;21;6.25;1;985.92
CLI-0657;CRE-0657;Strasbourg;Habitat;2021-01-02;262417;194;3.97;1;2220.83
CLI-0658;CRE-0658;Strasbourg;Habitat;2022-01-20;214140;257;3.58;1;1472.08
CLI-0659;CRE-0659;Colmar;Auto;2022-09-21;23355;57;5.3;1;512.89
CLI-0660;CRE-0660;Colmar;Habitat;2019-05-04;185583;265;3.37;0;1221.49
CLI-0661;CRE-0661;Mulhouse;Habitat;2021-11-07;402437;243;3.94;1;2977.45
CLI-0662;CRE-0662;Strasbourg;Auto;2019-10-12;27729;71;4.92;1;504.24
CLI-0663;CRE-0663;Epinal;Consommation;2020-11-17;12045;29;7.25;0;488.12
CLI-0664;CRE-0664;Colmar;Consommation;2020-12-06;17329;34;7.02;0;611.05
CLI-0665;CRE-0665;Strasbourg;Consommation;2019-02-04;14320;21;6.45;1;758.87
CLI-0666;CRE-0666;Mulhouse;Consommation;2020-04-01;10251;35;6.36;1;347.22
CLI-0667;CRE-0667;Strasbourg;Auto;2019-12-31;37980;42;4.97;1;1061.59
CLI-0668;CRE-0668;Strasbourg;Habitat;2020-02-17;233045;275;4.24;1;1670.86
CLI-0669;CRE-0669;Epinal;Consommation;2019-04-20;10777;25;7.48;1;498.26
CLI-0670;CRE-0670;Strasbourg;Consommation;2020-05-07;16818;50;7.08;1;435.59
CLI-0671;CRE-0671;Mulhouse;Consommation;2019-08-09;5374;24;6.55;1;253.25
CLI-0672;CRE-0672;Mulhouse;Auto;2020-06-05;32328;44;5.81;1;891.25
CLI-0673;CRE-0673;Strasbourg;Habitat;2020-05-30;169749;221;4.1;1;1348.07
CLI-0674;CRE-0674;Mulhouse;Consommation;2022-05-12;11188;47;5.66;1;290.81
CLI-0675;CRE-0675;Mulhouse;Habitat;2019-12-28;326114;220;3.37;1;2398.17
CLI-0676;CRE-0676;Colmar;Consommation;2022-06-08;14076;20;7.3;0;789.43
CLI-0677;CRE-0677;Colmar;Auto;2020-05-13;38498;70;4.83;0;704.93
CLI-0678;CRE-0678;Colmar;Habitat;2021-06-11;160869;293;4.27;1;1121.47
CLI-0679;CRE-0679;Strasbourg;Auto;2022-04-01;22121;42;5.49;1;627.89
CLI-0680;CRE-0680;Strasbourg;Habitat;2020-07-26;349683;203;4.02;1;2894.01
CLI-0681;CRE-0681;Colmar;Consommation;2020-04-05;24676;36;6.81;1;825.48
CLI-0682;CRE-0682;Colmar;Consommation;2021-08-31;8212;55;6.68;0;195.02
CLI-0683;CRE-0683;Mulhouse;Habitat;2019-12-17;179422;285;3.51;0;1154.36
CLI-0684;CRE-0684;Colmar;Consommation;2019-10-30;12890;15;6.49;1;929.05
CLI-0685;CRE-0685;Epinal;Habitat;2019-07-04;425420;202;3.9;1;3488.65
CLI-0686;CRE-0686;Mulhouse;Habitat;2019-12-06;381982;294;3.21;1;2321.06
CLI-0687;CRE-0687;Strasbourg;Habitat;2022-06-17;434946;283;3.42;1;2776.51
CLI-0688;CRE-0688;Epinal;Consommation;2022-08-21;5261;37;5.61;1;166.78
CLI-0689;CRE-0689;Epinal;Consommation;2021-11-27;7516;52;7.0;1;188.38
CLI-0690;CRE-0690;Mulhouse;Habitat;2021-01-31;353883;285;3.54;0;2285.65
CLI-0691;CRE-0691;Mulhouse;Consommation;2021-04-30;6846;56;7.28;1;163.78
CLI-0692;CRE-0692;Strasbourg;Habitat;2021-04-23;243776;226;3.53;1;1795.76
CLI-0693;CRE-0693;Strasbourg;Consommation;2021-09-28;22730;23;6.72;1;1115.55
CLI-0694;CRE-0694;Colmar;Habitat;2019-12-16;379932;214;3.26;1;2807.53
CLI-0695;CRE-0695;Colmar;Auto;2019-05-15;20867;41;5.62;1;606.68
CLI-0696;CRE-0696;Mulhouse;Consommation;2020-08-12;17279;33;6.15;0;612.16
CLI-0697;CRE-0697;Strasbourg;Habitat;2019-12-14;348071;278;3.76;1;2342.68
CLI-0698;CRE-0698;Strasbourg;Habitat;2019-06-26;364085;187;3.61;1;3042.27
CLI-0699;CRE-0699;Mulhouse;Consommation;2022-03-31;18828;25;6.63;1;857.14
CLI-0700;CRE-0700;Mulhouse;Habitat;2022-04-12;288920;184;3.36;0;2379.19
CLI-0701;CRE-0701;Epinal;Habitat;2021-06-20;266219;269;3.34;0;1730.64
CLI-0702;CRE-0702;Colmar;Auto;2022-08-03;17105;36;5.53;1;553.96
CLI-0703;CRE-0703;Strasbourg;Habitat;2022-04-27;306531;246;3.72;0;2196.31
CLI-0704;CRE-0704;Mulhouse;Consommation;2020-07-18;16376;30;7.16;1;643.58
CLI-0705;CRE-0705;Colmar;Auto;2022-06-04;38537;59;5.3;1;823.37
CLI-0706;CRE-0706;Mulhouse;Habitat;2021-07-30;366881;296;3.36;0;2266.73
CLI-0707;CRE-0707;Epinal;Auto;2021-10-13;39209;49;5.4;1;976.62
CLI-0708;CRE-0708;Colmar;Habitat;2022-03-28;396009;239;3.28;1;2739.37
CLI-0709;CRE-0709;Mulhouse;Auto;2021-09-29;18149;78;5.06;1;309.21
CLI-0710;CRE-0710;Mulhouse;Consommation;2020-11-20;22565;42;7.23;0;673.22
CLI-0711;CRE-0711;Colmar;Consommation;2019-08-11;23396;38;5.67;1;726.23
CLI-0712;CRE-0712;Epinal;Consommation;2021-11-12;12014;49;7.43;1;319.57
CLI-0713;CRE-0713;Mulhouse;Consommation;2021-11-23;15001;15;5.56;0;1069.57
CLI-0714;CRE-0714;Epinal;Consommation;2020-06-21;24029;39;7.03;0;756.9
CLI-0715;CRE-0715;Strasbourg;Consommation;2019-12-24;13157;34;6.74;0;460.87
CLI-0716;CRE-0716;Colmar;Habitat;2019-08-16;276693;200;3.42;1;2172.04
CLI-0717;CRE-0717;Strasbourg;Auto;2022-03-26;36321;45;5.08;1;960.89
CLI-0718;CRE-0718;Mulhouse;Auto;2019-11-01;44433;48;5.68;1;1136.0
CLI-0719;CRE-0719;Colmar;Auto;2021-04-05;44062;48;5.12;1;1105.96
CLI-0720;CRE-0720;Colmar;Consommation;2022-08-12;16190;33;6.48;0;578.03
CLI-0721;CRE-0721;Strasbourg;Auto;2020-02-21;29720;64;5.62;1;603.56
CLI-0722;CRE-0722;Mulhouse;Consommation;2022-07-02;23259;19;6.06;0;1341.62
CLI-0723;CRE-0723;Mulhouse;Habitat;2022-06-08;266485;264;3.6;0;1808.87
CLI-0724;CRE-0724;Mulhouse;Habitat;2022-10-01;301226;275;3.35;1;1936.29
CLI-0725;CRE-0725;Strasbourg;Consommation;2021-12-04;11263;44;7.06;1;322.24
CLI-0726;CRE-0726;Epinal;Habitat;2022-02-02;413829;296;3.24;1;2515.41
CLI-0727;CRE-0727;Mulhouse;Consommation;2019-06-29;15009;49;6.77;1;390.98
CLI-0728;CRE-0728;Strasbourg;Auto;2019-05-20;18650;61;5.58;1;392.46
CLI-0729;CRE-0729;Mulhouse;Auto;2022-04-08;23677;63;5.74;1;489.08
CLI-0730;CRE-0730;Mulhouse;Consommation;2022-01-13;6162;54;7.49;0;152.57
CLI-0731;CRE-0731;Epinal;Consommation;2019-02-23;13978;24;7.09;1;665.0
CLI-0732;CRE-0732;Mulhouse;Auto;2021-10-07;28802;76;5.87;0;519.86
CLI-0733;CRE-0733;Epinal;Habitat;2021-07-19;197336;220;3.59;0;1487.35
CLI-0734;CRE-0734;Strasbourg;Consommation;2019-03-22;10582;45;6.82;1;295.3
CLI-0735;CRE-0735;Mulhouse;Auto;2020-04-11;19972;36;5.69;0;649.48
CLI-0736;CRE-0736;Colmar;Auto;2019-09-16;15027;47;5.57;1;389.47
CLI-0737;CRE-0737;Colmar;Habitat;2022-02-20;327960;190;3.27;1;2619.8
CLI-0738;CRE-0738;Epinal;Habitat;2020-05-16;158992;285;3.71;1;1049.42
CLI-0739;CRE-0739;Mulhouse;Habitat;2021-03-22;407419;292;3.53;0;2593.76
CLI-0740;CRE-0740;Mulhouse;Habitat;2019-12-07;323068;209;3.64;1;2525.75
CLI-0741;CRE-0741;Mulhouse;Habitat;2020-01-24;152962;290;4.04;1;1042.43
CLI-0742;CRE-0742;Mulhouse;Auto;2021-04-07;31585;81;4.85;1;517.59
CLI-0743;CRE-0743;Mulhouse;Auto;2020-04-03;31397;69;5.41;1;596.58
CLI-0744;CRE-0744;Epinal;Consommation;2020-04-30;18349;47;7.26;1;501.42
CLI-0745;CRE-0745;Epinal;Habitat;2020-01-07;419451;285;3.27;0;2614.76
CLI-0746;CRE-0746;Colmar;Habitat;2020-05-08;373630;226;4.05;0;2914.23
CLI-0747;CRE-0747;Strasbourg;Consommation;2020-11-25;17191;19;6.61;1;999.48
CLI-0748;CRE-0748;Strasbourg;Consommation;2022-01-16;12133;38;6.97;0;389.76
CLI-0749;CRE-0749;Strasbourg;Auto;2019-11-11;17311;43;5.3;0;479.04
CLI-0750;CRE-0750;Mulhouse;Auto;2022-05-18;28455;40;5.69;0;846.3
CLI-0751;CRE-0751;Colmar;Auto;2022-03-02;40565;48;5.94;0;1045.9
CLI-0752;CRE-0752;Colmar;Habitat;2021-04-13;334287;252;3.36;0;2262.54
CLI-0753;CRE-0753;Epinal;Auto;2020-10-04;22699;37;5.47;0;716.96
CLI-0754;CRE-0754;Epinal;Auto;2021-09-26;26767;61;5.07;1;551.89
CLI-0755;CRE-0755;Strasbourg;Auto;2020-03-12;40263;73;5.94;1;750.85
CLI-0756;CRE-0756;Mulhouse;Habitat;2019-07-10;343692;205;3.8;1;2764.9
CLI-0757;CRE-0757;Epinal;Consommation;2019-10-25;15350;13;6.2;1;1260.08
CLI-0758;CRE-0758;Strasbourg;Consommation;2020-05-23;11381;34;6.82;1;399.42
CLI-0759;CRE-0759;Mulhouse;Habitat;2019-06-04;376353;252;3.13;1;2475.12
CLI-0760;CRE-0760;Strasbourg;Habitat;2020-09-30;394983;229;3.7;1;2942.68
CLI-0761;CRE-0761;Colmar;Habitat;2021-08-17;382363;220;3.67;0;2907.41
CLI-0762;CRE-0762;Epinal;Habitat;2021-11-19;440140;288;3.27;1;2727.65
CLI-0763;CRE-0763;Mulhouse;Habitat;2020-03-23;226095;284;3.59;1;1472.51
CLI-0764;CRE-0764;Colmar;Habitat;2019-09-12;217579;232;3.76;0;1619.59
CLI-0765;CRE-0765;Strasbourg;Auto;2019-04-06;34883;66;4.91;1;671.26
CLI-0766;CRE-0766;Colmar;Consommation;2019-08-21;8860;54;6.77;1;214.06
CLI-0767;CRE-0767;Epinal;Consommation;2019-09-12;8754;48;7.47;1;236.87
CLI-0768;CRE-0768;Strasbourg;Habitat;2022-05-25;238091;198;3.74;1;1944.53
CLI-0769;CRE-0769;Strasbourg;Consommation;2022-04-27;15527;25;7.28;1;715.28
CLI-0770;CRE-0770;Strasbourg;Habitat;2019-08-23;442374;277;3.15;1;2758.25
CLI-0771;CRE-0771;Epinal;Habitat;2022-10-05;259884;264;4.03;1;1857.19
CLI-0772;CRE-0772;Strasbourg;Habitat;2020-01-05;403974;224;3.52;1;2988.45
CLI-0773;CRE-0773;Colmar;Habitat;2019-05-19;175978;187;3.99;0;1526.19
CLI-0774;CRE-0774;Epinal;Consommation;2019-08-24;18805;45;6.59;0;521.16
CLI-0775;CRE-0775;Strasbourg;Consommation;2022-04-19;17385;48;7.04;1;464.18
CLI-0776;CRE-0776;Strasbourg;Consommation;2019-04-19;14883;34;5.91;1;511.03
CLI-0777;CRE-0777;Mulhouse;Habitat;2020-02-28;203751;220;4.07;1;1617.2
CLI-0778;CRE-0778;Colmar;Habitat;2019-04-16;288309;276;3.81;1;1959.98
CLI-0779;CRE-0779;Epinal;Auto;2019-11-22;38389;83;4.97;1;621.51
CLI-0780;CRE-0780;Epinal;Habitat;2020-11-14;288336;186;3.82;1;2468.06
CLI-0781;CRE-0781;Strasbourg;Habitat;2019-04-14;233640;234;3.4;1;1660.44
CLI-0782;CRE-0782;Strasbourg;Habitat;2019-06-10;232480;231;3.92;1;1765.84
CLI-0783;CRE-0783;Mulhouse;Habitat;2022-11-20;334835;287;3.59;1;2168.39
CLI-0784;CRE-0784;Colmar;Habitat;2020-04-25;409936;294;3.82;0;2699.3
CLI-0785;CRE-0785;Mulhouse;Habitat;2020-07-08;343457;189;3.3;1;2761.74
CLI-0786;CRE-0786;Epinal;Auto;2022-05-26;39490;73;5.28;0;714.71
CLI-0787;CRE-0787;Colmar;Habitat;2019-04-26;185759;284;3.49;1;1194.33
CLI-0788;CRE-0788;Colmar;Consommation;2019-11-12;20024;55;5.81;1;461.02
CLI-0789;CRE-0789;Epinal;Auto;2020-11-02;36945;77;5.14;1;638.05
CLI-0790;CRE-0790;Strasbourg;Auto;2022-02-11;40065;42;4.91;0;1117.86
CLI-0791;CRE-0791;Strasbourg;Consommation;2019-05-11;9723;26;5.87;0;421.52
CLI-0792;CRE-0792;Mulhouse;Auto;2019-11-20;37033;43;5.28;1;1024.18
CLI-0793;CRE-0793;Colmar;Habitat;2019-11-16;377214;224;3.14;0;2671.03
CLI-0794;CRE-0794;Colmar;Habitat;2021-04-13;212645;200;4.19;1;1805.71
CLI-0795;CRE-0795;Colmar;Consommation;2022-03-21;19529;31;6.31;0;732.66
CLI-0796;CRE-0796;Colmar;Auto;2021-12-29;19167;61;5.21;1;397.43
CLI-0797;CRE-0797;Strasbourg;Habitat;2021-11-30;232010;261;4.11;0;1683.56
CLI-0798;CRE-0798;Strasbourg;Habitat;2022-07-31;165582;250;3.35;1;1124.58
CLI-0799;CRE-0799;Colmar;Auto;2020-03-13;32229;66;4.99;0;622.34
CLI-0800;CRE-0800;Strasbourg;Consommation;2021-09-12;13275;17;6.75;1;855.55
CLI-0801;CRE-0801;Colmar;Auto;2019-08-31;35500;59;5.65;1;768.84
CLI-0802;CRE-0802;Mulhouse;Auto;2022-04-10;21297;56;5.17;1;472.06
CLI-0803;CRE-0803;Colmar;Consommation;2020-11-19;24678;42;5.72;1;705.2
CLI-0804;CRE-0804;Mulhouse;Consommation;2021-05-11;6946;49;6.1;0;177.06
CLI-0805;CRE-0805;Strasbourg;Habitat;2020-09-12;160778;254;4.2;1;1195.71
CLI-0806;CRE-0806;Mulhouse;Auto;2022-04-02;21508;44;5.54;0;588.11
CLI-0807;CRE-0807;Epinal;Habitat;2021-09-10;330192;228;3.16;0;2317.72
CLI-0808;CRE-0808;Mulhouse;Habitat;2021-10-25;393432;259;3.59;1;2696.06
CLI-0809;CRE-0809;Epinal;Habitat;2021-12-02;348840;227;3.67;1;2603.61
CLI-0810;CRE-0810;Colmar;Habitat;2022-02-26;345717;186;3.13;1;2760.44
CLI-0811;CRE-0811;Mulhouse;Habitat;2022-11-02;189558;216;3.44;1;1420.98
CLI-0812;CRE-0812;Epinal;Habitat;2021-01-06;190286;249;3.56;0;1328.72
CLI-0813;CRE-0813;Mulhouse;Consommation;2021-02-23;19732;56;7.21;1;470.91
CLI-0814;CRE-0814;Strasbourg;Habitat;2021-10-08;306915;239;3.38;1;2148.64
CLI-0815;CRE-0815;Mulhouse;Habitat;2022-05-09;252343;188;3.57;1;2092.97
CLI-0816;CRE-0816;Colmar;Auto;2022-09-23;24017;46;5.33;1;628.78
CLI-0817;CRE-0817;Strasbourg;Auto;2019-06-14;32555;36;5.11;1;1042.94
CLI-0818;CRE-0818;Strasbourg;Consommation;2020-02-06;22156;21;6.11;1;1167.86
CLI-0819;CRE-0819;Mulhouse;Habitat;2020-01-03;254523;204;3.52;1;1994.26
CLI-0820;CRE-0820;Colmar;Consommation;2022-09-11;10799;26;7.39;0;481.85
CLI-0821;CRE-0821;Strasbourg;Habitat;2021-02-18;151730;220;3.55;0;1138.55
CLI-0822;CRE-0822;Epinal;Habitat;2019-07-30;305128;280;3.6;0;2005.13
CLI-0823;CRE-0823;Strasbourg;Habitat;2019-08-05;365888;185;3.91;0;3169.96
CLI-0824;CRE-0824;Mulhouse;Habitat;2020-07-07;297888;283;4.15;1;2082.8
CLI-0825;CRE-0825;Strasbourg;Habitat;2022-08-01;414928;212;4.04;1;3354.13
CLI-0826;CRE-0826;Mulhouse;Consommation;2019-05-27;21256;18;6.59;1;1297.62
CLI-0827;CRE-0827;Strasbourg;Consommation;2020-10-30;16154;30;6.6;1;627.31
CLI-0828;CRE-0828;Strasbourg;Habitat;2022-07-07;248062;200;3.66;1;1996.9
CLI-0829;CRE-0829;Strasbourg;Habitat;2019-11-05;291541;245;3.51;1;2042.72
CLI-0830;CRE-0830;Mulhouse;Habitat;2020-08-04;406830;206;3.88;1;3290.32
CLI-0831;CRE-0831;Colmar;Auto;2021-08-13;43764;72;5.65;1;813.89
CLI-0832;CRE-0832;Epinal;Consommation;2020-03-02;21014;37;6.62;0;683.87
CLI-0833;CRE-0833;Colmar;Habitat;2020-10-26;424950;202;3.61;1;3382.1
CLI-0834;CRE-0834;Strasbourg;Habitat;2021-01-13;273222;249;4.18;0;2049.0
CLI-0835;CRE-0835;Mulhouse;Habitat;2021-11-08;395779;276;3.99;1;2749.95
CLI-0836;CRE-0836;Strasbourg;Habitat;2021-05-04;323907;217;3.84;0;2529.16
CLI-0837;CRE-0837;Colmar;Auto;2021-11-17;39351;49;5.75;0;991.64
CLI-0838;CRE-0838;Mulhouse;Auto;2020-07-09;38121;48;5.78;1;977.8
CLI-0839;CRE-0839;Colmar;Habitat;2021-05-19;270111;209;3.9;1;2170.26
CLI-0840;CRE-0840;Colmar;Habitat;2020-03-09;402820;180;3.61;1;3449.71
CLI-0841;CRE-0841;Mulhouse;Habitat;2020-01-20;316430;252;3.91;1;2286.71
CLI-0842;CRE-0842;Mulhouse;Habitat;2021-06-11;263699;183;4.16;1;2355.13
CLI-0843;CRE-0843;Epinal;Habitat;2019-12-12;386666;290;3.58;1;2486.88
CLI-0844;CRE-0844;Mulhouse;Consommation;2021-09-07;15660;20;7.37;0;879.18
CLI-0845;CRE-0845;Epinal;Consommation;2019-02-03;6691;31;6.03;1;249.46
CLI-0846;CRE-0846;Mulhouse;Consommation;2019-09-18;13739;40;7.46;0;428.89
CLI-0847;CRE-0847;Colmar;Auto;2021-08-27;23524;44;5.6;1;644.42
CLI-0848;CRE-0848;Strasbourg;Consommation;2021-12-24;22752;16;5.94;1;1534.62
CLI-0849;CRE-0849;Colmar;Habitat;2019-03-16;407085;188;3.82;1;3461.23
CLI-0850;CRE-0850;Strasbourg;Consommation;2021-07-07;20834;31;6.36;1;782.48
CLI-0851;CRE-0851;Colmar;Habitat;2019-09-05;158991;201;3.73;1;1285.2
CLI-0852;CRE-0852;Colmar;Habitat;2022-05-26;382706;266;3.92;1;2688.92
CLI-0853;CRE-0853;Mulhouse;Consommation;2022-07-01;19740;27;5.57;1;822.74
CLI-0854;CRE-0854;Epinal;Habitat;2022-03-26;363150;258;3.51;0;2469.77
CLI-0855;CRE-0855;Mulhouse;Consommation;2019-04-05;22657;57;6.45;1;519.27
CLI-0856;CRE-0856;Epinal;Habitat;2020-04-22;350583;271;4.08;0;2485.65
CLI-0857;CRE-0857;Epinal;Habitat;2021-05-26;245885;275;3.62;1;1635.88
CLI-0858;CRE-0858;Strasbourg;Habitat;2019-08-14;340699;224;3.77;1;2591.34
CLI-0859;CRE-0859;Mulhouse;Consommation;2020-07-20;5574;32;7.3;1;208.1
CLI-0860;CRE-0860;Strasbourg;Consommation;2021-07-12;20757;48;6.53;1;545.39
CLI-0861;CRE-0861;Epinal;Consommation;2022-03-09;20234;13;5.69;1;1652.4
CLI-0862;CRE-0862;Strasbourg;Consommation;2020-05-23;18808;35;6.57;1;640.35
CLI-0863;CRE-0863;Epinal;Consommation;2021-11-03;5744;56;7.35;0;137.75
CLI-0864;CRE-0864;Colmar;Consommation;2020-11-22;15436;48;6.29;0;402.49
CLI-0865;CRE-0865;Strasbourg;Habitat;2021-11-29;323806;267;3.46;1;2146.4
CLI-0866;CRE-0866;Mulhouse;Habitat;2020-05-08;362144;282;3.99;1;2488.33
CLI-0867;CRE-0867;Colmar;Habitat;2019-06-02;221144;197;4.0;1;1859.71
CLI-0868;CRE-0868;Strasbourg;Habitat;2022-09-14;355104;233;4.06;1;2725.49
CLI-0869;CRE-0869;Colmar;Habitat;2022-05-09;306424;284;3.47;0;1965.03
CLI-0870;CRE-0870;Mulhouse;Habitat;2019-06-28;416764;192;4.02;1;3566.81
CLI-0871;CRE-0871;Epinal;Auto;2022-01-14;26810;82;5.95;1;459.88
CLI-0872;CRE-0872;Colmar;Consommation;2019-04-18;16675;12;7.02;0;1487.13
CLI-0873;CRE-0873;Strasbourg;Habitat;2021-01-04;433665;280;3.77;1;2911.23
CLI-0874;CRE-0874;Epinal;Habitat;2019-08-05;249433;217;3.28;1;1831.24
CLI-0875;CRE-0875;Mulhouse;Habitat;2019-06-24;229659;213;3.38;1;1725.08
CLI-0876;CRE-0876;Mulhouse;Auto;2020-10-26;15213;38;4.84;1;461.7
CLI-0877;CRE-0877;Epinal;Auto;2020-06-09;39255;79;4.98;1;659.81
CLI-0878;CRE-0878;Strasbourg;Auto;2021-08-23;35454;61;5.78;1;751.98
CLI-0879;CRE-0879;Mulhouse;Consommation;2019-09-27;21514;14;6.8;1;1658.63
CLI-0880;CRE-0880;Colmar;Habitat;2022-08-03;423970;220;3.61;1;3202.58
CLI-0881;CRE-0881;Strasbourg;Consommation;2019-09-17;18375;47;5.77;1;479.31
CLI-0882;CRE-0882;Strasbourg;Habitat;2022-07-28;209857;246;3.36;1;1440.68
CLI-0883;CRE-0883;Colmar;Consommation;2021-09-09;17889;49;6.24;1;458.1
CLI-0884;CRE-0884;Epinal;Habitat;2022-08-28;368474;243;3.85;0;2698.54
CLI-0885;CRE-0885;Colmar;Habitat;2020-04-21;304349;185;4.15;0;2697.67
CLI-0886;CRE-0886;Mulhouse;Consommation;2020-01-14;24886;15;5.67;1;1776.65
CLI-0887;CRE-0887;Colmar;Consommation;2020-11-04;12322;47;5.54;1;319.06
CLI-0888;CRE-0888;Colmar;Habitat;2020-09-18;214693;240;3.46;1;1513.59
CLI-0889;CRE-0889;Mulhouse;Consommation;2022-11-18;10347;39;7.28;1;328.08
CLI-0890;CRE-0890;Strasbourg;Habitat;2020-08-26;406543;243;3.65;0;2909.58
CLI-0891;CRE-0891;Mulhouse;Auto;2022-05-23;26269;82;4.9;1;427.62
CLI-0892;CRE-0892;Colmar;Habitat;2020-06-30;354913;259;3.39;1;2372.95
CLI-0893;CRE-0893;Colmar;Habitat;2019-03-03;407324;191;3.3;1;3252.73
CLI-0894;CRE-0894;Epinal;Consommation;2021-12-22;21632;46;6.69;0;590.86
CLI-0895;CRE-0895;Strasbourg;Auto;2020-04-12;24636;36;5.05;1;788.01
CLI-0896;CRE-0896;Strasbourg;Habitat;2019-12-24;399283;261;3.92;1;2834.14
CLI-0897;CRE-0897;Strasbourg;Habitat;2021-12-07;255677;260;3.87;0;1807.93
CLI-0898;CRE-0898;Colmar;Habitat;2022-08-31;234223;196;3.74;1;1925.01
CLI-0899;CRE-0899;Colmar;Consommation;2021-12-03;22677;32;6.28;1;827.33
CLI-0900;CRE-0900;Mulhouse;Consommation;2020-01-05;10929;37;6.67;1;356.13
CLI-0901;CRE-0901;Epinal;Habitat;2021-03-17;284325;200;4.15;1;2404.92
CLI-0902;CRE-0902;Epinal;Consommation;2022-04-19;10013;32;6.81;0;369.73
CLI-0903;CRE-0903;Strasbourg;Habitat;2022-11-19;426670;293;3.24;1;2608.22
CLI-0904;CRE-0904;Colmar;Consommation;2019-11-18;24598;53;6.71;0;601.66
CLI-0905;CRE-0905;Colmar;Habitat;2022-08-06;153395;270;4.26;1;1112.68
CLI-0906;CRE-0906;Epinal;Consommation;2019-03-17;12520;25;6.14;1;564.86
CLI-0907;CRE-0907;Strasbourg;Habitat;2020-08-17;394889;185;3.6;1;3319.2
CLI-0908;CRE-0908;Colmar;Consommation;2019-05-16;18103;19;7.15;1;1060.65
CLI-0909;CRE-0909;Colmar;Habitat;2019-03-19;245776;235;3.29;1;1719.69
CLI-0910;CRE-0910;Mulhouse;Habitat;2022-07-25;377465;269;3.87;0;2620.54
CLI-0911;CRE-0911;Strasbourg;Habitat;2022-10-18;343921;206;3.89;0;2784.4
CLI-0912;CRE-0912;Colmar;Auto;2022-09-25;32643;81;5.23;1;545.27
CLI-0913;CRE-0913;Mulhouse;Habitat;2021-04-11;284309;260;3.73;0;1977.22
CLI-0914;CRE-0914;Epinal;Habitat;2020-06-26;387068;271;3.73;1;2631.43
CLI-0915;CRE-0915;Mulhouse;Habitat;2020-09-14;295040;186;3.49;1;2444.31
CLI-0916;CRE-0916;Epinal;Habitat;2022-09-01;430903;270;3.37;1;2806.06
CLI-0917;CRE-0917;Strasbourg;Auto;2020-06-02;34250;64;4.98;1;677.29
CLI-0918;CRE-0918;Strasbourg;Auto;2019-11-07;42745;55;4.83;0;949.23
CLI-0919;CRE-0919;Colmar;Habitat;2022-05-07;322777;255;3.9;1;2314.82
CLI-0920;CRE-0920;Strasbourg;Consommation;2020-10-07;18364;41;7.08;1;556.25
CLI-0921;CRE-0921;Epinal;Habitat;2020-01-03;260051;226;4.15;0;2050.01
CLI-0922;CRE-0922;Epinal;Consommation;2021-10-05;19575;58;5.83;1;432.6
CLI-0923;CRE-0923;Colmar;Habitat;2022-08-28;273481;247;4.01;1;2021.09
CLI-0924;CRE-0924;Colmar;Habitat;2022-03-26;213049;243;3.7;0;1533.65
CLI-0925;CRE-0925;Strasbourg;Auto;2020-11-02;44475;68;5.42;1;854.92
CLI-0926;CRE-0926;Strasbourg;Habitat;2021-07-05;301415;213;3.26;1;2233.94
CLI-0927;CRE-0927;Epinal;Habitat;2022-07-02;162138;219;3.45;0;1206.5
CLI-0928;CRE-0928;Mulhouse;Habitat;2022-09-26;400946;214;3.3;1;2976.18
CLI-0929;CRE-0929;Colmar;Habitat;2020-07-03;405223;254;3.57;1;2800.9
CLI-0930;CRE-0930;Mulhouse;Habitat;2019-02-16;419552;258;3.04;1;2689.04
CLI-0931;CRE-0931;Mulhouse;Habitat;2021-04-07;173964;199;3.96;1;1448.27
CLI-0932;CRE-0932;Mulhouse;Habitat;2021-01-04;236724;269;3.89;1;1647.4
CLI-0933;CRE-0933;Epinal;Habitat;2022-07-15;321255;296;3.23;1;1950.03
CLI-0934;CRE-0934;Mulhouse;Habitat;2020-05-11;350938;187;3.4;1;2871.0
CLI-0935;CRE-0935;Strasbourg;Consommation;2021-07-22;21310;46;5.72;0;564.84
CLI-0936;CRE-0936;Strasbourg;Consommation;2021-07-27;6956;51;7.06;1;177.32
CLI-0937;CRE-0937;Epinal;Auto;2022-09-16;36088;80;5.7;0;622.52
CLI-0938;CRE-0938;Strasbourg;Consommation;2021-12-21;21652;35;5.82;1;723.64
CLI-0939;CRE-0939;Mulhouse;Habitat;2022-06-25;350101;189;3.65;1;2917.28
CLI-0940;CRE-0940;Strasbourg;Auto;2021-01-05;44207;53;5.47;1;1035.6
CLI-0941;CRE-0941;Strasbourg;Habitat;2020-02-05;427823;222;3.57;0;3199.9
CLI-0942;CRE-0942;Strasbourg;Habitat;2020-01-05;249833;279;3.88;1;1703.25
CLI-0943;CRE-0943;Mulhouse;Habitat;2020-12-31;189309;241;3.59;0;1351.86
CLI-0944;CRE-0944;Mulhouse;Habitat;2019-09-18;444890;277;3.35;1;2848.09
CLI-0945;CRE-0945;Strasbourg;Habitat;2022-06-23;343205;184;3.7;1;2923.46
CLI-0946;CRE-0946;Strasbourg;Habitat;2019-06-15;319693;245;3.71;1;2293.25
CLI-0947;CRE-0947;Strasbourg;Habitat;2022-11-11;340276;286;3.66;1;2227.62
CLI-0948;CRE-0948;Strasbourg;Habitat;2021-10-27;293553;185;4.11;1;2592.19
CLI-0949;CRE-0949;Strasbourg;Habitat;2022-04-24;280936;266;3.56;1;1889.59
CLI-0950;CRE-0950;Strasbourg;Habitat;2022-09-20;221079;227;4.14;1;1736.64
CLI-0951;CRE-0951;Epinal;Habitat;2019-09-30;217214;280;4.14;1;1525.15
CLI-0952;CRE-0952;Colmar;Auto;2022-06-11;21439;78;5.49;1;372.94
CLI-0953;CRE-0953;Epinal;Auto;2020-08-15;42504;55;5.13;1;954.5
CLI-0954;CRE-0954;Mulhouse;Consommation;2021-06-25;12511;39;6.27;1;386.16
CLI-0955;CRE-0955;Epinal;Habitat;2020-07-31;289580;242;3.62;1;2070.18
CLI-0956;CRE-0956;Mulhouse;Consommation;2021-01-26;8496;30;6.26;1;327.52
CLI-0957;CRE-0957;Mulhouse;Auto;2020-02-12;44233;68;5.63;0;858.01
CLI-0958;CRE-0958;Colmar;Habitat;2020-03-16;150503;282;3.92;1;1025.34
CLI-0959;CRE-0959;Mulhouse;Consommation;2021-01-04;9434;45;5.73;0;254.69
CLI-0960;CRE-0960;Epinal;Habitat;2020-08-08;290970;274;3.92;1;2012.44
CLI-0961;CRE-0961;Mulhouse;Habitat;2022-09-25;403195;271;3.1;1;2529.39
CLI-0962;CRE-0962;Colmar;Habitat;2022-09-29;343310;272;3.35;1;2220.58
CLI-0963;CRE-0963;Mulhouse;Habitat;2019-08-15;299230;272;3.76;1;2037.7
CLI-0964;CRE-0964;Epinal;Consommation;2022-06-29;24099;26;7.45;0;1076.5
CLI-0965;CRE-0965;Colmar;Consommation;2021-12-09;12693;32;5.9;1;459.06
CLI-0966;CRE-0966;Strasbourg;Habitat;2019-04-30;311328;240;3.53;1;2213.02
CLI-0967;CRE-0967;Strasbourg;Habitat;2022-06-24;369729;247;3.1;0;2452.01
CLI-0968;CRE-0968;Mulhouse;Consommation;2019-06-29;23128;22;6.65;0;1179.44
CLI-0969;CRE-0969;Mulhouse;Consommation;2019-07-30;20341;25;6.58;0;925.18
CLI-0970;CRE-0970;Epinal;Habitat;2020-01-03;321611;235;4.0;0;2440.59
CLI-0971;CRE-0971;Epinal;Habitat;2020-08-18;159005;239;3.32;1;1105.21
CLI-0972;CRE-0972;Strasbourg;Habitat;2021-12-11;393795;200;3.75;1;3199.58
CLI-0973;CRE-0973;Colmar;Habitat;2020-10-03;447333;283;3.99;1;3068.06
CLI-0974;CRE-0974;Colmar;Habitat;2019-03-28;219028;244;3.31;1;1501.81
CLI-0975;CRE-0975;Strasbourg;Auto;2020-10-24;41510;47;5.49;0;1073.1
CLI-0976;CRE-0976;Colmar;Habitat;2021-02-10;198614;206;3.54;0;1550.06
CLI-0977;CRE-0977;Strasbourg;Habitat;2022-01-20;379399;239;3.16;0;2586.53
CLI-0978;CRE-0978;Mulhouse;Habitat;2019-03-15;167692;282;3.82;1;1128.47
CLI-0979;CRE-0979;Colmar;Consommation;2022-04-19;15454;51;5.72;1;376.68
CLI-0980;CRE-0980;Strasbourg;Habitat;2022-03-01;368503;272;3.39;1;2395.81
CLI-0981;CRE-0981;Mulhouse;Consommation;2021-10-16;6461;15;5.61;1;460.94
CLI-0982;CRE-0982;Mulhouse;Habitat;2021-10-26;339049;249;3.15;1;2251.65
CLI-0983;CRE-0983;Mulhouse;Habitat;2020-07-18;170800;212;3.56;0;1312.37
CLI-0984;CRE-0984;Colmar;Habitat;2021-01-27;306476;212;3.61;1;2367.62
CLI-0985;CRE-0985;Colmar;Habitat;2019-08-26;158715;204;3.84;1;1285.9
CLI-0986;CRE-0986;Colmar;Habitat;2022-09-26;346944;248;3.89;1;2523.64
CLI-0987;CRE-0987;Mulhouse;Habitat;2022-01-29;385112;276;3.39;1;2483.27
CLI-0988;CRE-0988;Strasbourg;Habitat;2021-03-03;306952;271;4.14;0;2191.65
CLI-0989;CRE-0989;Mulhouse;Consommation;2019-05-20;22156;44;6.42;1;622.08
CLI-0990;CRE-0990;Strasbourg;Consommation;2020-05-31;8928;57;6.63;1;205.96
CLI-0991;CRE-0991;Strasbourg;Habitat;2020-08-13;196396;217;3.3;0;1445.14
CLI-0992;CRE-0992;Strasbourg;Consommation;2020-05-19;10597;25;6.19;1;478.54
CLI-0993;CRE-0993;Strasbourg;Auto;2020-10-06;44571;63;4.9;1;889.47
CLI-0994;CRE-0994;Strasbourg;Consommation;2019-12-05;11700;35;5.67;1;389.57
CLI-0995;CRE-0995;Epinal;Habitat;2021-06-07;366511;213;3.1;1;2667.53
CLI-0996;CRE-0996;Mulhouse;Habitat;2022-02-22;270027;276;3.64;1;1797.44
CLI-0997;CRE-0997;Colmar;Habitat;2021-08-28;350073;296;4.05;1;2364.18
CLI-0998;CRE-0998;Epinal;Habitat;2020-11-17;411749;203;3.73;1;3308.17
CLI-0999;CRE-0999;Epinal;Habitat;2020-10-08;239815;229;3.44;1;1734.7
CLI-1000;CRE-1000;Mulhouse;Habitat;2021-08-12;243862;230;3.36;1;1743.08
CLI-1001;CRE-1001;Colmar;Auto;2019-04-05;16150;40;5.1;1;472.39
CLI-1002;CRE-1002;Strasbourg;Habitat;2022-04-13;343111;206;3.37;1;2629.16
CLI-1003;CRE-1003;Colmar;Habitat;2022-01-08;315352;197;3.94;1;2636.18
CLI-1004;CRE-1004;Strasbourg;Habitat;2021-11-21;378525;283;3.32;1;2384.8
CLI-1005;CRE-1005;Strasbourg;Auto;2019-05-12;31691;60;5.17;0;664.72
CLI-1006;CRE-1006;Strasbourg;Habitat;2020-05-30;342136;297;3.31;1;2095.7
CLI-1007;CRE-1007;Colmar;Habitat;2020-02-25;212488;199;3.9;0;1758.36
CLI-1008;CRE-1008;Epinal;Habitat;2020-07-04;366261;216;3.23;0;2681.51
CLI-1009;CRE-1009;Strasbourg;Auto;2020-01-24;37279;51;5.16;0;891.26
CLI-1010;CRE-1010;Strasbourg;Consommation;2021-09-25;21777;22;6.72;0;1111.81
CLI-1011;CRE-1011;Colmar;Habitat;2021-10-22;383336;257;3.79;1;2702.28
CLI-1012;CRE-1012;Mulhouse;Habitat;2019-03-18;399704;277;3.98;1;2768.66
CLI-1013;CRE-1013;Strasbourg;Habitat;2020-03-05;399698;275;4.0;1;2785.77
CLI-1014;CRE-1014;Colmar;Habitat;2021-06-26;346081;268;3.81;1;2390.15
CLI-1015;CRE-1015;Epinal;Consommation;2019-07-02;7368;27;6.34;1;311.82
CLI-1016;CRE-1016;Colmar;Habitat;2022-09-17;417712;207;3.07;0;3086.58
CLI-1017;CRE-1017;Strasbourg;Auto;2021-05-30;26676;68;5.91;1;523.67
CLI-1018;CRE-1018;Colmar;Habitat;2019-08-28;242511;274;3.56;0;1604.53
CLI-1019;CRE-1019;Colmar;Consommation;2022-03-30;19028;51;6.18;1;471.09
CLI-1020;CRE-1020;Epinal;Consommation;2019-09-27;17404;37;5.55;0;550.87
CLI-1021;CRE-1021;Epinal;Habitat;2022-07-24;386413;282;3.13;1;2378.15
CLI-1022;CRE-1022;Colmar;Consommation;2019-05-25;22312;20;6.12;1;1229.39
CLI-1023;CRE-1023;Strasbourg;Habitat;2020-03-28;318920;218;3.3;0;2339.97
CLI-1024;CRE-1024;Strasbourg;Consommation;2020-09-05;8344;45;5.56;1;224.08
CLI-1025;CRE-1025;Mulhouse;Habitat;2019-05-16;391978;220;3.59;0;2954.39
CLI-1026;CRE-1026;Strasbourg;Consommation;2019-12-04;16890;34;7.41;1;601.06
CLI-1027;CRE-1027;Epinal;Consommation;2019-05-10;17962;26;6.48;0;787.84
CLI-1028;CRE-1028;Colmar;Habitat;2019-05-18;280753;238;3.99;1;2113.14
CLI-1029;CRE-1029;Strasbourg;Habitat;2019-02-23;240282;248;3.54;1;1677.71
CLI-1030;CRE-1030;Epinal;Habitat;2019-10-23;164824;257;3.44;0;1113.83
CLI-1031;CRE-1031;Colmar;Habitat;2022-04-25;233756;224;3.47;1;1719.5
CLI-1032;CRE-1032;Epinal;Habitat;2019-09-12;231830;273;3.36;1;1498.32
CLI-1033;CRE-1033;Colmar;Auto;2021-03-31;29150;47;5.11;1;744.34
CLI-1034;CRE-1034;Colmar;Consommation;2022-04-18;15782;54;7.18;0;386.69
CLI-1035;CRE-1035;Epinal;Auto;2020-03-26;44005;48;5.73;0;1126.89
CLI-1036;CRE-1036;Epinal;Consommation;2020-01-09;12556;59;6.69;0;282.81
CLI-1037;CRE-1037;Mulhouse;Consommation;2022-04-07;23530;21;6.99;0;1257.54
CLI-1038;CRE-1038;Strasbourg;Habitat;2019-08-28;371935;201;3.48;1;2929.03
CLI-1039;CRE-1039;Mulhouse;Habitat;2020-11-01;376785;213;3.61;1;2902.44
CLI-1040;CRE-1040;Mulhouse;Consommation;2019-07-16;11227;50;5.56;1;276.56
CLI-1041;CRE-1041;Strasbourg;Auto;2020-03-23;37731;81;4.87;1;618.94
CLI-1042;CRE-1042;Mulhouse;Habitat;2020-02-16;283887;295;3.9;1;1884.96
CLI-1043;CRE-1043;Colmar;Habitat;2021-06-14;230343;240;3.62;0;1654.63
CLI-1044;CRE-1044;Strasbourg;Habitat;2020-01-23;345532;252;3.33;1;2330.01
CLI-1045;CRE-1045;Epinal;Auto;2019-05-31;41581;61;5.03;0;855.95
CLI-1046;CRE-1046;Mulhouse;Habitat;2019-12-19;184379;220;4.27;1;1494.17
CLI-1047;CRE-1047;Colmar;Consommation;2022-03-16;15495;17;6.05;1;989.59
CLI-1048;CRE-1048;Mulhouse;Habitat;2019-12-18;277744;260;3.59;1;1899.16
CLI-1049;CRE-1049;Epinal;Habitat;2021-12-25;275892;277;3.84;1;1878.85
CLI-1050;CRE-1050;Epinal;Consommation;2019-12-02;17330;20;6.58;0;961.53
CLI-1051;CRE-1051;Epinal;Auto;2021-08-31;17528;68;5.01;1;330.94
CLI-1052;CRE-1052;Strasbourg;Habitat;2022-03-31;182567;248;4.06;1;1353.84
CLI-1053;CRE-1053;Colmar;Habitat;2019-12-30;157165;245;3.52;0;1102.51
CLI-1054;CRE-1054;Epinal;Auto;2022-03-16;25356;81;5.63;1;432.0
CLI-1055;CRE-1055;Strasbourg;Consommation;2022-03-21;17789;20;7.04;1;993.81
CLI-1056;CRE-1056;Epinal;Habitat;2021-10-02;383007;215;3.6;0;2930.45
CLI-1057;CRE-1057;Colmar;Habitat;2022-06-06;449726;197;3.19;1;3478.39
CLI-1058;CRE-1058;Mulhouse;Auto;2021-07-28;25762;63;5.69;1;531.08
CLI-1059;CRE-1059;Mulhouse;Auto;2021-05-14;30621;58;5.6;0;670.85
CLI-1060;CRE-1060;Colmar;Auto;2022-09-04;32788;77;5.11;0;565.44
CLI-1061;CRE-1061;Colmar;Habitat;2019-06-17;235335;258;3.84;0;1665.22
CLI-1062;CRE-1062;Epinal;Auto;2019-08-09;42749;55;5.04;0;956.8
CLI-1063;CRE-1063;Epinal;Consommation;2019-10-06;15855;18;5.79;0;957.33
CLI-1064;CRE-1064;Strasbourg;Habitat;2021-02-06;161717;199;4.22;1;1381.35
CLI-1065;CRE-1065;Mulhouse;Habitat;2020-12-12;186098;184;3.39;0;1537.13
CLI-1066;CRE-1066;Mulhouse;Consommation;2020-08-08;11610;27;6.01;1;488.15
CLI-1067;CRE-1067;Colmar;Consommation;2022-04-16;24467;29;6.7;1;980.3
CLI-1068;CRE-1068;Colmar;Habitat;2022-05-06;234117;271;3.55;0;1556.5
CLI-1069;CRE-1069;Mulhouse;Habitat;2020-10-09;381400;181;3.18;1;3117.89
CLI-1070;CRE-1070;Epinal;Auto;2019-03-10;31053;56;5.19;1;688.82
CLI-1071;CRE-1071;Mulhouse;Consommation;2019-09-08;16915;44;5.56;1;462.8
CLI-1072;CRE-1072;Mulhouse;Habitat;2020-03-04;387237;256;3.63;0;2684.04
CLI-1073;CRE-1073;Strasbourg;Consommation;2019-12-20;11704;45;6.24;0;320.95
CLI-1074;CRE-1074;Mulhouse;Habitat;2021-09-18;441341;280;3.4;1;2826.68
CLI-1075;CRE-1075;Colmar;Habitat;2020-09-29;183060;211;3.65;1;1424.39
CLI-1076;CRE-1076;Colmar;Habitat;2020-04-16;323770;241;3.94;0;2406.49
CLI-1077;CRE-1077;Epinal;Consommation;2022-08-20;10898;50;6.24;1;274.63
CLI-1078;CRE-1078;Epinal;Habitat;2020-05-09;314269;221;3.8;1;2417.22
CLI-1079;CRE-1079;Strasbourg;Consommation;2021-01-21;23844;12;5.52;1;2096.68
CLI-1080;CRE-1080;Colmar;Auto;2021-12-10;24856;61;5.85;0;528.65
CLI-1081;CRE-1081;Colmar;Consommation;2022-06-25;20387;30;6.44;1;788.98
CLI-1082;CRE-1082;Epinal;Auto;2021-02-07;34918;59;5.9;0;763.51
CLI-1083;CRE-1083;Epinal;Habitat;2019-07-27;351226;275;3.72;1;2365.99
CLI-1084;CRE-1084;Mulhouse;Habitat;2022-08-29;187846;191;3.61;1;1548.59
CLI-1085;CRE-1085;Epinal;Habitat;2021-03-18;204622;237;4.09;0;1560.8
CLI-1086;CRE-1086;Colmar;Habitat;2021-01-06;196073;280;3.56;0;1281.94
CLI-1087;CRE-1087;Epinal;Auto;2021-01-09;16418;82;5.75;0;278.89
CLI-1088;CRE-1088;Epinal;Auto;2022-05-03;40900;47;5.54;1;1059.03
CLI-1089;CRE-1089;Colmar;Habitat;2020-09-12;330074;215;3.39;0;2467.69
CLI-1090;CRE-1090;Colmar;Auto;2020-04-27;36809;66;4.83;1;705.87
CLI-1091;CRE-1091;Epinal;Habitat;2022-06-24;248083;270;3.28;1;1596.92
CLI-1092;CRE-1092;Epinal;Consommation;2022-01-28;22942;36;7.19;1;774.74
CLI-1093;CRE-1093;Mulhouse;Habitat;2021-03-15;350066;207;3.31;1;2656.74
CLI-1094;CRE-1094;Colmar;Auto;2020-10-16;17489;52;5.85;0;421.59
CLI-1095;CRE-1095;Colmar;Auto;2019-08-20;44097;41;5.7;1;1285.0
CLI-1096;CRE-1096;Colmar;Habitat;2019-10-23;342025;278;3.47;1;2219.33
CLI-1097;CRE-1097;Strasbourg;Consommation;2020-05-10;18077;40;6.89;0;555.72
CLI-1098;CRE-1098;Mulhouse;Consommation;2020-01-29;23117;49;6.4;1;595.07
CLI-1099;CRE-1099;Mulhouse;Habitat;2022-10-25;295263;194;3.4;1;2358.55
CLI-1100;CRE-1100;Mulhouse;Consommation;2019-03-10;20375;29;6.24;1;808.54
CLI-1101;CRE-1101;Strasbourg;Habitat;2021-07-27;262518;185;3.61;1;2208.76
CLI-1102;CRE-1102;Mulhouse;Habitat;2022-06-03;332028;187;3.43;1;2724.6
CLI-1103;CRE-1103;Strasbourg;Consommation;2020-01-10;10891;53;7.08;1;269.75
CLI-1104;CRE-1104;Strasbourg;Habitat;2022-11-15;408019;258;3.82;0;2880.33
CLI-1105;CRE-1105;Epinal;Habitat;2021-06-15;343262;291;3.21;1;2097.82
CLI-1106;CRE-1106;Epinal;Consommation;2019-07-18;9709;13;6.48;0;799.27
CLI-1107;CRE-1107;Strasbourg;Habitat;2019-09-12;195269;183;4.26;1;1760.25
CLI-1108;CRE-1108;Colmar;Habitat;2021-06-05;373006;283;3.22;0;2318.94
CLI-1109;CRE-1109;Epinal;Auto;2022-10-27;23449;45;4.8;0;614.88
CLI-1110;CRE-1110;Colmar;Habitat;2019-10-29;402926;253;3.53;0;2777.87
CLI-1111;CRE-1111;Colmar;Auto;2020-01-08;21796;79;5.55;0;376.71
CLI-1112;CRE-1112;Colmar;Habitat;2020-08-02;431369;290;3.2;1;2637.8
CLI-1113;CRE-1113;Mulhouse;Consommation;2019-11-06;9483;38;7.25;0;306.85
CLI-1114;CRE-1114;Strasbourg;Auto;2022-01-02;29285;69;5.37;0;555.47
CLI-1115;CRE-1115;Mulhouse;Auto;2020-02-08;42049;38;5.13;1;1286.31
CLI-1116;CRE-1116;Colmar;Consommation;2020-01-09;17984;18;6.97;1;1103.57
CLI-1117;CRE-1117;Mulhouse;Consommation;2021-10-28;20817;48;7.04;1;555.81
CLI-1118;CRE-1118;Colmar;Consommation;2021-10-07;23593;54;6.69;0;568.44
CLI-1119;CRE-1119;Colmar;Habitat;2019-11-11;340088;279;3.22;1;2131.52
CLI-1120;CRE-1120;Mulhouse;Habitat;2020-02-11;436973;225;3.95;0;3380.47
CLI-1121;CRE-1121;Colmar;Auto;2019-04-11;43630;73;5.36;1;792.55
CLI-1122;CRE-1122;Strasbourg;Auto;2022-10-22;35251;62;5.54;1;731.31
CLI-1123;CRE-1123;Colmar;Habitat;2022-03-02;357597;181;3.94;1;3149.78
CLI-1124;CRE-1124;Colmar;Habitat;2019-04-04;184262;288;4.06;0;1263.22
CLI-1125;CRE-1125;Colmar;Consommation;2019-05-26;10236;43;6.19;1;290.85
CLI-1126;CRE-1126;Strasbourg;Habitat;2021-08-25;235079;202;4.0;0;1947.35
CLI-1127;CRE-1127;Strasbourg;Habitat;2019-12-15;349837;227;3.96;1;2695.59
CLI-1128;CRE-1128;Mulhouse;Consommation;2021-12-11;22505;43;6.99;0;654.46
CLI-1129;CRE-1129;Mulhouse;Consommation;2020-11-14;14432;49;7.03;1;379.08
CLI-1130;CRE-1130;Epinal;Auto;2020-07-10;32160;66;5.29;1;629.04
CLI-1131;CRE-1131;Mulhouse;Habitat;2021-11-22;165971;267;3.42;1;1094.63
CLI-1132;CRE-1132;Strasbourg;Habitat;2020-05-18;284735;238;3.47;1;2019.72
CLI-1133;CRE-1133;Epinal;Habitat;2020-11-14;224430;185;3.81;1;1925.7
CLI-1134;CRE-1134;Epinal;Auto;2020-12-10;26915;53;5.57;0;632.76
CLI-1135;CRE-1135;Colmar;Auto;2022-08-17;31961;76;5.39;1;564.1
CLI-1136;CRE-1136;Mulhouse;Consommation;2021-08-05;11401;51;7.43;1;294.14
CLI-1137;CRE-1137;Colmar;Habitat;2021-11-24;236765;235;4.06;1;1808.57
CLI-1138;CRE-1138;Colmar;Habitat;2020-03-07;393194;217;3.62;1;2998.09
CLI-1139;CRE-1139;Mulhouse;Habitat;2021-08-22;418626;210;3.74;1;3298.17
CLI-1140;CRE-1140;Colmar;Consommation;2019-10-21;11770;16;6.99;0;804.19
CLI-1141;CRE-1141;Strasbourg;Auto;2020-11-20;18565;78;5.11;0;317.07
CLI-1142;CRE-1142;Epinal;Habitat;2020-06-12;397740;256;4.02;0;2886.1
CLI-1143;CRE-1143;Mulhouse;Habitat;2020-10-22;255240;251;4.06;0;1880.45
CLI-1144;CRE-1144;Epinal;Habitat;2021-05-13;301801;211;3.92;1;2416.22
CLI-1145;CRE-1145;Colmar;Habitat;2020-10-16;295126;194;3.75;1;2443.54
CLI-1146;CRE-1146;Mulhouse;Habitat;2022-03-19;213188;180;3.53;1;1811.51
CLI-1147;CRE-1147;Colmar;Consommation;2019-05-16;14398;34;6.85;0;505.66
CLI-1148;CRE-1148;Strasbourg;Consommation;2022-02-05;8222;14;5.5;1;624.97
CLI-1149;CRE-1149;Epinal;Consommation;2019-05-06;8314;16;7.42;1;571.03
CLI-1150;CRE-1150;Strasbourg;Auto;2019-04-30;20061;48;5.29;0;506.37
CLI-1151;CRE-1151;Mulhouse;Consommation;2020-12-04;18071;53;7.43;1;452.85
CLI-1152;CRE-1152;Mulhouse;Habitat;2021-04-05;200777;182;3.87;1;1750.68
CLI-1153;CRE-1153;Colmar;Consommation;2021-10-30;14756;47;6.34;1;391.92
CLI-1154;CRE-1154;Colmar;Habitat;2019-08-20;383406;188;3.59;1;3186.42
CLI-1155;CRE-1155;Colmar;Habitat;2021-08-17;231565;216;3.51;1;1749.39
CLI-1156;CRE-1156;Mulhouse;Habitat;2020-05-15;273886;221;3.46;1;2029.01
CLI-1157;CRE-1157;Epinal;Auto;2021-07-30;36792;78;5.29;1;633.88
CLI-1158;CRE-1158;Strasbourg;Consommation;2021-05-02;20755;53;6.22;1;499.18
CLI-1159;CRE-1159;Epinal;Habitat;2020-05-22;279403;194;4.07;1;2387.86
CLI-1160;CRE-1160;Strasbourg;Habitat;2021-08-28;380757;239;3.3;0;2640.21
CLI-1161;CRE-1161;Mulhouse;Habitat;2021-11-04;306117;290;3.65;0;1986.68
CLI-1162;CRE-1162;Epinal;Auto;2022-04-27;29863;67;5.8;1;590.05
CLI-1163;CRE-1163;Colmar;Auto;2021-06-02;42061;78;4.88;0;710.29
CLI-1164;CRE-1164;Strasbourg;Consommation;2019-02-08;10058;19;5.76;1;577.65
CLI-1165;CRE-1165;Mulhouse;Auto;2020-07-03;21582;76;5.73;1;387.03
CLI-1166;CRE-1166;Strasbourg;Auto;2022-08-15;44533;80;5.61;1;764.85
CLI-1167;CRE-1167;Epinal;Habitat;2022-11-08;280415;187;4.03;1;2441.27
CLI-1168;CRE-1168;Strasbourg;Auto;2019-02-19;33012;44;4.99;1;887.55
CLI-1169;CRE-1169;Strasbourg;Consommation;2019-06-20;23815;44;6.28;1;665.88
CLI-1170;CRE-1170;Strasbourg;Habitat;2020-12-11;186090;210;3.77;1;1470.78
CLI-1171;CRE-1171;Mulhouse;Auto;2022-09-07;26956;68;5.08;1;510.53
CLI-1172;CRE-1172;Strasbourg;Consommation;2022-10-22;6706;24;6.87;1;317.81
CLI-1173;CRE-1173;Strasbourg;Auto;2021-01-21;43975;60;5.15;1;921.64
CLI-1174;CRE-1174;Strasbourg;Consommation;2019-09-17;22067;20;5.63;1;1206.88
CLI-1175;CRE-1175;Strasbourg;Habitat;2020-10-23;424801;185;3.1;0;3393.62
CLI-1176;CRE-1176;Strasbourg;Auto;2020-07-28;18257;47;5.85;1;477.45
CLI-1177;CRE-1177;Strasbourg;Consommation;2019-10-14;8005;52;6.53;1;197.5
CLI-1178;CRE-1178;Epinal;Consommation;2019-08-14;22567;53;7.08;0;558.94
CLI-1179;CRE-1179;Mulhouse;Consommation;2021-07-18;16413;13;6.09;1;1345.83
CLI-1180;CRE-1180;Mulhouse;Habitat;2020-03-10;178646;268;3.7;0;1217.41
CLI-1181;CRE-1181;Strasbourg;Consommation;2021-05-27;16751;52;5.9;0;404.49
CLI-1182;CRE-1182;Strasbourg;Habitat;2021-12-28;265387;290;3.77;1;1748.89
CLI-1183;CRE-1183;Colmar;Habitat;2019-09-08;264347;271;3.43;0;1731.04
CLI-1184;CRE-1184;Epinal;Consommation;2019-02-23;23127;52;5.67;0;554.03
CLI-1185;CRE-1185;Strasbourg;Habitat;2019-08-13;257362;180;3.9;0;2266.22
CLI-1186;CRE-1186;Epinal;Consommation;2022-05-09;15431;43;6.54;1;442.96
CLI-1187;CRE-1187;Mulhouse;Habitat;2021-04-16;402620;246;3.44;1;2790.84
CLI-1188;CRE-1188;Strasbourg;Habitat;2019-08-18;257388;220;3.95;0;2017.18
CLI-1189;CRE-1189;Strasbourg;Habitat;2019-04-19;170500;289;3.99;1;1156.88
CLI-1190;CRE-1190;Strasbourg;Habitat;2022-04-06;364157;267;3.56;1;2444.22
CLI-1191;CRE-1191;Epinal;Consommation;2019-10-21;11643;52;6.63;1;288.23
CLI-1192;CRE-1192;Epinal;Consommation;2022-10-19;13461;41;5.79;0;393.27
CLI-1193;CRE-1193;Colmar;Habitat;2021-08-06;447300;262;3.29;0;2933.6
CLI-1194;CRE-1194;Mulhouse;Auto;2021-06-21;25495;66;4.83;0;488.91
CLI-1195;CRE-1195;Colmar;Habitat;2021-10-02;214534;231;4.15;1;1670.65
CLI-1196;CRE-1196;Mulhouse;Habitat;2022-04-01;265937;242;4.2;0;2029.69
CLI-1197;CRE-1197;Mulhouse;Habitat;2019-03-07;217245;199;3.71;1;1763.33
CLI-1198;CRE-1198;Mulhouse;Habitat;2019-04-11;399337;295;3.9;1;2651.53
CLI-1199;CRE-1199;Mulhouse;Consommation;2021-05-20;17538;44;6.54;0;494.17
CLI-1200;CRE-1200;Colmar;Auto;2021-09-13;33883;80;5.18;1;569.8
CLI-1201;CRE-1201;Colmar;Consommation;2020-05-23;19325;38;5.96;1;604.53
CLI-1202;CRE-1202;Colmar;Habitat;2020-06-09;387559;283;3.12;1;2377.12
CLI-1203;CRE-1203;Colmar;Habitat;2021-12-24;227883;281;3.96;1;1562.99
CLI-1204;CRE-1204;Mulhouse;Habitat;2020-10-09;400817;185;3.32;1;3275.51
CLI-1205;CRE-1205;Colmar;Habitat;2019-05-07;156703;274;3.77;1;1064.22
CLI-1206;CRE-1206;Mulhouse;Consommation;2019-09-19;11811;33;5.71;0;414.11
CLI-1207;CRE-1207;Colmar;Consommation;2020-09-06;20498;52;7.01;1;513.93
CLI-1208;CRE-1208;Mulhouse;Habitat;2020-08-20;156240;224;4.03;1;1222.21
CLI-1209;CRE-1209;Epinal;Consommation;2022-06-06;20420;43;7.42;0;601.15
CLI-1210;CRE-1210;Epinal;Auto;2019-07-19;24385;41;5.31;1;702.66
CLI-1211;CRE-1211;Colmar;Habitat;2021-09-20;338422;287;3.61;1;2197.26
CLI-1212;CRE-1212;Strasbourg;Habitat;2019-06-27;199969;299;3.45;0;1243.7
CLI-1213;CRE-1213;Colmar;Consommation;2020-11-10;5542;34;7.31;1;196.76
CLI-1214;CRE-1214;Strasbourg;Habitat;2021-03-09;348686;183;3.56;1;2939.82
CLI-1215;CRE-1215;Mulhouse;Habitat;2020-04-25;263875;269;3.67;1;1787.97
CLI-1216;CRE-1216;Strasbourg;Habitat;2020-05-26;416974;192;3.89;1;3523.43
CLI-1217;CRE-1217;Epinal;Habitat;2020-11-18;230630;208;4.1;0;1896.78
CLI-1218;CRE-1218;Mulhouse;Auto;2019-03-05;17183;51;5.98;1;422.55
CLI-1219;CRE-1219;Mulhouse;Habitat;2019-03-04;432592;221;3.52;0;3226.37
CLI-1220;CRE-1220;Mulhouse;Auto;2022-08-11;34859;78;5.55;1;608.13
CLI-1221;CRE-1221;Mulhouse;Consommation;2020-08-23;20042;16;5.71;0;1347.99
CLI-1222;CRE-1222;Strasbourg;Habitat;2020-04-06;216878;202;3.28;0;1666.45
CLI-1223;CRE-1223;Colmar;Habitat;2019-04-06;182144;252;3.8;1;1299.58
CLI-1224;CRE-1224;Mulhouse;Habitat;2022-09-15;255714;240;3.4;1;1790.0
CLI-1225;CRE-1225;Strasbourg;Habitat;2022-10-23;377099;250;3.84;0;2715.11
CLI-1226;CRE-1226;Mulhouse;Habitat;2022-10-24;348179;223;3.28;1;2513.03
CLI-1227;CRE-1227;Epinal;Habitat;2021-11-28;391184;269;3.19;1;2494.11
CLI-1228;CRE-1228;Epinal;Consommation;2019-04-21;6051;27;5.52;1;251.95
CLI-1229;CRE-1229;Epinal;Habitat;2021-07-03;183768;289;4.04;1;1254.56
CLI-1230;CRE-1230;Epinal;Auto;2022-02-27;35937;63;5.71;1;741.43
CLI-1231;CRE-1231;Strasbourg;Consommation;2020-04-14;6728;31;6.94;1;255.94
CLI-1232;CRE-1232;Strasbourg;Auto;2021-09-25;34263;79;5.39;1;587.61
CLI-1233;CRE-1233;Colmar;Habitat;2022-10-08;287799;259;4.01;1;2072.92
CLI-1234;CRE-1234;Mulhouse;Auto;2019-03-28;20692;55;5.85;1;477.09
CLI-1235;CRE-1235;Colmar;Habitat;2022-01-17;383605;270;3.99;0;2696.25
CLI-1236;CRE-1236;Mulhouse;Consommation;2019-04-24;19049;27;6.62;0;810.61
CLI-1237;CRE-1237;Strasbourg;Habitat;2022-11-10;404521;261;3.51;0;2733.11
CLI-1238;CRE-1238;Mulhouse;Habitat;2022-06-10;235801;289;3.69;1;1541.01
CLI-1239;CRE-1239;Epinal;Habitat;2022-11-15;159171;294;4.16;0;1093.19
CLI-1240;CRE-1240;Colmar;Habitat;2020-10-08;253496;278;4.17;0;1792.75
CLI-1241;CRE-1241;Mulhouse;Auto;2019-09-23;34661;71;5.09;0;635.2
CLI-1242;CRE-1242;Mulhouse;Consommation;2021-11-16;8160;41;7.31;1;248.73
CLI-1243;CRE-1243;Mulhouse;Consommation;2020-02-17;11610;31;6.49;1;437.31
CLI-1244;CRE-1244;Mulhouse;Habitat;2022-02-14;348105;212;3.34;1;2610.9
CLI-1245;CRE-1245;Epinal;Habitat;2019-11-25;248808;242;3.36;1;1724.79
CLI-1246;CRE-1246;Mulhouse;Consommation;2020-07-28;11715;30;5.77;1;446.83
CLI-1247;CRE-1247;Mulhouse;Habitat;2021-08-04;356182;299;3.12;0;2117.32
CLI-1248;CRE-1248;Mulhouse;Habitat;2022-07-08;215510;213;3.71;0;1678.07
CLI-1249;CRE-1249;Strasbourg;Auto;2020-09-17;38180;65;5.69;0;768.42
CLI-1250;CRE-1250;Strasbourg;Habitat;2021-01-06;263983;239;3.87;0;1955.88
CLI-1251;CRE-1251;Colmar;Auto;2022-08-27;43507;56;5.74;0;985.02
CLI-1252;CRE-1252;Epinal;Auto;2022-09-18;26883;41;5.25;1;773.3
CLI-1253;CRE-1253;Epinal;Habitat;2021-07-15;361420;282;3.91;1;2459.26
CLI-1254;CRE-1254;Mulhouse;Auto;2022-07-17;40427;37;4.9;1;1257.7
CLI-1255;CRE-1255;Strasbourg;Auto;2020-09-02;31330;63;5.56;0;642.46
CLI-1256;CRE-1256;Mulhouse;Habitat;2020-11-22;185047;281;3.48;0;1195.17
CLI-1257;CRE-1257;Strasbourg;Habitat;2021-08-11;300228;288;3.4;1;1893.1
CLI-1258;CRE-1258;Epinal;Consommation;2020-04-22;15913;41;5.82;1;465.3
CLI-1259;CRE-1259;Mulhouse;Habitat;2021-04-17;312688;245;3.57;1;2206.52
CLI-1260;CRE-1260;Mulhouse;Habitat;2022-09-18;191670;229;3.35;0;1372.07
CLI-1261;CRE-1261;Colmar;Auto;2021-11-01;30216;49;5.33;1;750.86
CLI-1262;CRE-1262;Mulhouse;Habitat;2019-08-18;330165;200;4.1;0;2778.89
CLI-1263;CRE-1263;Mulhouse;Habitat;2019-11-06;362428;263;3.49;0;2432.11
CLI-1264;CRE-1264;Strasbourg;Habitat;2020-11-11;286494;263;3.4;0;1901.06
CLI-1265;CRE-1265;Mulhouse;Consommation;2021-09-19;13885;26;7.43;1;620.01
CLI-1266;CRE-1266;Mulhouse;Habitat;2021-11-28;296283;220;3.41;1;2188.68
CLI-1267;CRE-1267;Epinal;Auto;2020-05-06;33716;71;5.27;0;622.94
CLI-1268;CRE-1268;Colmar;Habitat;2020-09-06;420744;249;3.25;0;2829.25
CLI-1269;CRE-1269;Colmar;Consommation;2020-06-24;8376;35;7.09;0;288.8
CLI-1270;CRE-1270;Epinal;Auto;2020-12-10;44952;64;5.41;1;905.03
CLI-1271;CRE-1271;Mulhouse;Habitat;2022-10-25;210137;196;4.19;1;1805.86
CLI-1272;CRE-1272;Colmar;Habitat;2021-08-13;336480;207;3.78;1;2685.42
CLI-1273;CRE-1273;Strasbourg;Consommation;2021-06-21;22206;15;7.15;1;1612.71
CLI-1274;CRE-1274;Mulhouse;Habitat;2021-05-03;383649;195;3.1;0;2958.52
CLI-1275;CRE-1275;Strasbourg;Habitat;2021-08-16;357453;259;3.2;0;2333.34
CLI-1276;CRE-1276;Mulhouse;Consommation;2021-03-12;17417;26;6.92;1;770.32
CLI-1277;CRE-1277;Strasbourg;Auto;2022-08-06;15536;81;4.8;1;253.95
CLI-1278;CRE-1278;Strasbourg;Habitat;2020-02-21;367204;199;3.78;0;3001.94
CLI-1279;CRE-1279;Epinal;Auto;2019-12-14;38141;59;5.04;0;806.65
CLI-1280;CRE-1280;Epinal;Auto;2020-09-09;27866;81;5.57;1;473.37
CLI-1281;CRE-1281;Mulhouse;Auto;2022-07-22;41183;68;5.54;1;795.76
CLI-1282;CRE-1282;Mulhouse;Habitat;2021-10-13;396776;191;3.13;1;3112.29
CLI-1283;CRE-1283;Colmar;Auto;2021-10-24;34854;83;5.19;1;570.67
CLI-1284;CRE-1284;Mulhouse;Habitat;2019-11-07;257736;223;4.13;1;2042.81
CLI-1285;CRE-1285;Epinal;Auto;2019-06-25;30313;61;5.35;1;632.08
CLI-1286;CRE-1286;Epinal;Habitat;2019-10-13;159976;296;3.69;1;1032.39
CLI-1287;CRE-1287;Epinal;Habitat;2021-07-23;233758;238;4.22;1;1804.23
CLI-1288;CRE-1288;Colmar;Habitat;2021-11-01;198782;194;4.09;1;1702.16
CLI-1289;CRE-1289;Strasbourg;Auto;2021-08-24;29839;55;5.79;1;686.5
CLI-1290;CRE-1290;Epinal;Habitat;2021-07-12;435391;290;3.85;1;2898.23
CLI-1291;CRE-1291;Epinal;Consommation;2021-06-17;10266;36;5.8;1;334.79
CLI-1292;CRE-1292;Colmar;Habitat;2021-01-01;272325;189;3.38;1;2207.92
CLI-1293;CRE-1293;Epinal;Consommation;2020-07-11;24609;24;5.5;1;1138.17
CLI-1294;CRE-1294;Epinal;Habitat;2021-12-28;164686;233;3.73;1;1218.71
CLI-1295;CRE-1295;Colmar;Habitat;2019-07-26;168333;219;4.01;1;1331.16
CLI-1296;CRE-1296;Mulhouse;Auto;2019-12-13;17235;76;5.45;1;305.05
CLI-1297;CRE-1297;Epinal;Consommation;2022-04-04;22910;29;6.41;1;912.38
CLI-1298;CRE-1298;Mulhouse;Consommation;2019-03-02;21073;23;6.86;1;1036.68
CLI-1299;CRE-1299;Epinal;Habitat;2022-01-20;212453;249;3.54;1;1479.96
CLI-1300;CRE-1300;Mulhouse;Habitat;2022-01-11;447879;183;3.04;1;3582.05
CLI-1301;CRE-1301;Colmar;Consommation;2022-08-25;10670;47;7.12;1;290.33
CLI-1302;CRE-1302;Colmar;Habitat;2021-05-19;332192;236;3.56;1;2393.1
CLI-1303;CRE-1303;Epinal;Habitat;2020-04-30;320060;241;3.54;0;2272.23
CLI-1304;CRE-1304;Mulhouse;Consommation;2021-09-15;5867;20;7.47;1;329.87
CLI-1305;CRE-1305;Epinal;Consommation;2022-01-23;18284;28;7.31;1;764.38
CLI-1306;CRE-1306;Mulhouse;Habitat;2021-11-01;311400;222;3.61;0;2339.5
CLI-1307;CRE-1307;Mulhouse;Consommation;2019-06-29;13070;51;7.34;0;336.22
CLI-1308;CRE-1308;Strasbourg;Habitat;2021-09-05;318065;269;3.59;1;2133.94
CLI-1309;CRE-1309;Colmar;Consommation;2020-08-10;7165;41;6.89;1;215.9
CLI-1310;CRE-1310;Strasbourg;Consommation;2022-10-12;14782;12;5.84;0;1303.77
CLI-1311;CRE-1311;Strasbourg;Consommation;2022-10-04;8729;32;6.34;1;318.9
CLI-1312;CRE-1312;Mulhouse;Consommation;2022-04-20;14924;39;6.83;1;467.61
CLI-1313;CRE-1313;Epinal;Habitat;2021-05-13;227073;220;3.43;1;1681.2
CLI-1314;CRE-1314;Strasbourg;Consommation;2022-03-02;14551;47;6.83;1;392.42
CLI-1315;CRE-1315;Mulhouse;Habitat;2022-09-12;334536;195;3.91;0;2805.6
CLI-1316;CRE-1316;Strasbourg;Habitat;2019-09-25;266226;295;3.84;1;1754.38
CLI-1317;CRE-1317;Strasbourg;Consommation;2019-10-30;9896;33;5.76;1;347.38
CLI-1318;CRE-1318;Epinal;Auto;2020-07-13;43021;61;5.47;1;901.37
CLI-1319;CRE-1319;Epinal;Habitat;2021-07-31;430502;225;3.81;1;3280.19
CLI-1320;CRE-1320;Mulhouse;Auto;2020-05-19;35311;48;4.77;1;876.01
CLI-1321;CRE-1321;Colmar;Auto;2021-05-16;37721;62;5.22;1;772.49
CLI-1322;CRE-1322;Strasbourg;Consommation;2020-03-12;15589;33;6.62;0;558.39
CLI-1323;CRE-1323;Mulhouse;Habitat;2021-03-22;424413;287;3.63;1;2762.64
CLI-1324;CRE-1324;Epinal;Habitat;2020-10-19;203455;180;3.61;1;1742.37
CLI-1325;CRE-1325;Mulhouse;Consommation;2021-08-05;10543;21;6.42;1;558.45
CLI-1326;CRE-1326;Epinal;Consommation;2019-02-25;17980;29;5.96;0;709.3
CLI-1327;CRE-1327;Strasbourg;Auto;2022-11-22;41640;50;4.79;1;999.01
CLI-1328;CRE-1328;Epinal;Habitat;2022-03-10;188805;182;3.3;1;1556.6
CLI-1329;CRE-1329;Mulhouse;Habitat;2019-10-22;186386;235;3.43;1;1325.89
CLI-1330;CRE-1330;Colmar;Habitat;2022-05-06;385643;297;3.67;1;2477.89
CLI-1331;CRE-1331;Mulhouse;Habitat;2020-04-10;205085;196;3.71;0;1680.41
CLI-1332;CRE-1332;Colmar;Consommation;2021-05-06;24522;15;6.63;1;1770.28
CLI-1333;CRE-1333;Epinal;Consommation;2019-10-27;20744;20;5.93;0;1139.71
CLI-1334;CRE-1334;Colmar;Consommation;2019-10-09;17542;31;6.7;0;663.81
CLI-1335;CRE-1335;Epinal;Auto;2021-09-08;19266;37;5.91;1;615.59
CLI-1336;CRE-1336;Epinal;Consommation;2021-01-26;18424;19;7.04;0;1077.77
CLI-1337;CRE-1337;Mulhouse;Auto;2021-01-03;29514;51;4.96;1;700.7
CLI-1338;CRE-1338;Epinal;Auto;2022-11-12;40014;83;5.76;0;674.16
CLI-1339;CRE-1339;Epinal;Auto;2022-07-17;18341;45;4.95;1;483.23
CLI-1340;CRE-1340;Colmar;Consommation;2019-12-29;11388;37;7.3;0;377.06
CLI-1341;CRE-1341;Epinal;Consommation;2019-03-04;7383;51;5.95;1;181.37
CLI-1342;CRE-1342;Strasbourg;Habitat;2020-04-14;440399;299;3.44;1;2735.38
CLI-1343;CRE-1343;Strasbourg;Habitat;2019-10-06;170037;193;4.09;0;1460.56
CLI-1344;CRE-1344;Colmar;Habitat;2022-01-13;226935;188;3.47;1;1863.32
CLI-1345;CRE-1345;Mulhouse;Habitat;2022-07-13;231896;209;3.4;1;1766.59
CLI-1346;CRE-1346;Colmar;Auto;2021-07-05;36312;63;5.09;1;730.4
CLI-1347;CRE-1347;Mulhouse;Habitat;2021-05-06;298320;232;3.84;1;2240.49
CLI-1348;CRE-1348;Mulhouse;Auto;2020-06-04;30152;47;5.77;1;786.51
CLI-1349;CRE-1349;Mulhouse;Auto;2022-01-23;44769;57;4.88;1;967.48
CLI-1350;CRE-1350;Colmar;Habitat;2022-06-24;200413;226;4.02;0;1558.17
CLI-1351;CRE-1351;Colmar;Habitat;2022-01-02;449850;272;3.07;1;2804.73
CLI-1352;CRE-1352;Colmar;Habitat;2019-02-21;398562;187;3.34;1;3240.68
CLI-1353;CRE-1353;Strasbourg;Consommation;2019-07-16;6987;29;7.41;1;284.08
CLI-1354;CRE-1354;Strasbourg;Consommation;2020-08-15;16393;22;7.16;0;842.95
CLI-1355;CRE-1355;Strasbourg;Habitat;2022-07-11;194250;184;4.27;1;1746.91
CLI-1356;CRE-1356;Colmar;Auto;2021-02-16;22082;76;5.93;1;399.67
CLI-1357;CRE-1357;Strasbourg;Consommation;2019-03-22;8389;40;5.64;1;249.15
CLI-1358;CRE-1358;Colmar;Habitat;2019-10-29;363283;213;3.42;1;2740.91
CLI-1359;CRE-1359;Strasbourg;Habitat;2022-03-16;377612;283;3.22;1;2347.58
CLI-1360;CRE-1360;Colmar;Consommation;2020-08-27;11071;35;5.67;1;368.62
CLI-1361;CRE-1361;Epinal;Consommation;2020-10-06;6477;26;5.89;1;280.91
CLI-1362;CRE-1362;Mulhouse;Consommation;2022-06-30;6595;38;6.16;1;207.41
CLI-1363;CRE-1363;Strasbourg;Consommation;2019-10-31;14148;15;5.54;0;1008.52
CLI-1364;CRE-1364;Mulhouse;Auto;2019-03-31;16530;50;5.3;1;403.61
CLI-1365;CRE-1365;Epinal;Habitat;2021-12-08;415763;216;3.28;1;3061.25
CLI-1366;CRE-1366;Mulhouse;Habitat;2021-04-22;318049;192;4.08;0;2737.87
CLI-1367;CRE-1367;Colmar;Habitat;2021-03-04;207247;189;3.88;1;1766.64
CLI-1368;CRE-1368;Strasbourg;Habitat;2019-12-30;173780;274;4.2;1;1242.46
CLI-1369;CRE-1369;Strasbourg;Habitat;2020-11-26;207123;191;4.26;0;1819.7
CLI-1370;CRE-1370;Colmar;Habitat;2019-12-09;167407;294;3.39;1;1042.34
CLI-1371;CRE-1371;Colmar;Consommation;2022-04-03;8707;49;7.33;0;230.88
CLI-1372;CRE-1372;Strasbourg;Habitat;2020-02-21;266574;262;4.1;0;1928.25
CLI-1373;CRE-1373;Colmar;Habitat;2020-09-19;387122;254;3.24;1;2569.33
CLI-1374;CRE-1374;Strasbourg;Habitat;2022-10-29;313819;279;3.21;0;1964.27
CLI-1375;CRE-1375;Mulhouse;Habitat;2022-11-18;191243;210;3.54;1;1474.85
CLI-1376;CRE-1376;Epinal;Consommation;2021-12-07;15829;52;5.86;1;381.7
CLI-1377;CRE-1377;Colmar;Consommation;2022-08-24;17012;15;7.38;1;1238.76
CLI-1378;CRE-1378;Epinal;Habitat;2021-11-11;334019;181;3.86;1;2919.84
CLI-1379;CRE-1379;Colmar;Habitat;2021-05-08;441268;195;3.57;1;3575.69
CLI-1380;CRE-1380;Strasbourg;Habitat;2019-05-09;346880;230;3.45;0;2505.45
CLI-1381;CRE-1381;Colmar;Consommation;2021-11-22;8400;40;5.55;0;248.85
CLI-1382;CRE-1382;Mulhouse;Habitat;2019-05-12;290029;195;4.16;0;2492.76
CLI-1383;CRE-1383;Mulhouse;Habitat;2019-08-20;235153;244;4.17;1;1780.9
CLI-1384;CRE-1384;Mulhouse;Auto;2022-08-10;15807;39;5.82;1;481.97
CLI-1385;CRE-1385;Mulhouse;Consommation;2020-02-26;23773;24;6.81;1;1125.45
CLI-1386;CRE-1386;Epinal;Habitat;2022-09-29;429966;224;3.03;0;3005.16
CLI-1387;CRE-1387;Strasbourg;Auto;2022-05-03;35713;74;4.98;1;630.82
CLI-1388;CRE-1388;Strasbourg;Habitat;2020-05-08;214711;296;3.61;0;1371.3
CLI-1389;CRE-1389;Strasbourg;Habitat;2019-08-31;200835;205;3.34;1;1538.67
CLI-1390;CRE-1390;Mulhouse;Auto;2022-05-13;30489;40;4.78;1;883.67
CLI-1391;CRE-1391;Colmar;Auto;2021-08-02;16100;72;5.55;1;298.07
CLI-1392;CRE-1392;Colmar;Habitat;2020-09-26;371506;280;3.71;1;2475.38
CLI-1393;CRE-1393;Strasbourg;Auto;2019-12-13;36397;41;5.93;0;1067.59
CLI-1394;CRE-1394;Epinal;Habitat;2021-01-19;426694;193;3.42;1;3426.93
CLI-1395;CRE-1395;Strasbourg;Habitat;2022-04-12;358242;251;3.99;0;2618.41
CLI-1396;CRE-1396;Strasbourg;Consommation;2019-03-14;20916;16;7.32;1;1434.84
CLI-1397;CRE-1397;Mulhouse;Consommation;2020-07-31;5003;41;6.36;1;148.54
CLI-1398;CRE-1398;Mulhouse;Consommation;2021-06-20;15485;30;7.26;1;609.85
CLI-1399;CRE-1399;Epinal;Habitat;2019-06-25;344863;277;3.4;1;2222.1
CLI-1400;CRE-1400;Colmar;Consommation;2019-03-04;5185;51;7.05;1;132.13
CLI-1401;CRE-1401;Mulhouse;Consommation;2021-06-12;22597;15;7.31;0;1644.12
CLI-1402;CRE-1402;Strasbourg;Consommation;2022-05-09;15252;22;6.86;1;780.46
CLI-1403;CRE-1403;Colmar;Consommation;2020-04-17;15195;46;6.5;1;412.63
CLI-1404;CRE-1404;Colmar;Habitat;2022-10-09;201556;258;4.2;1;1486.67
CLI-1405;CRE-1405;Colmar;Auto;2021-03-23;20142;60;4.96;1;418.95
CLI-1406;CRE-1406;Mulhouse;Habitat;2021-01-12;269942;299;3.27;1;1638.41
CLI-1407;CRE-1407;Epinal;Habitat;2020-06-05;232011;277;3.73;1;1558.75
CLI-1408;CRE-1408;Strasbourg;Habitat;2020-05-11;307110;299;3.95;1;2038.03
CLI-1409;CRE-1409;Mulhouse;Habitat;2019-02-07;370746;200;3.62;1;2972.15
CLI-1410;CRE-1410;Mulhouse;Habitat;2020-05-13;233961;278;4.16;1;1652.65
CLI-1411;CRE-1411;Strasbourg;Habitat;2020-09-24;354036;231;3.97;0;2703.89
CLI-1412;CRE-1412;Epinal;Auto;2019-09-08;35589;55;4.77;1;788.54
CLI-1413;CRE-1413;Mulhouse;Habitat;2021-03-05;291837;288;3.7;0;1913.15
CLI-1414;CRE-1414;Epinal;Habitat;2022-08-03;388373;238;3.82;0;2868.14
CLI-1415;CRE-1415;Mulhouse;Habitat;2019-12-20;180017;262;3.95;1;1279.64
CLI-1416;CRE-1416;Strasbourg;Auto;2022-05-20;40238;42;5.19;1;1132.08
CLI-1417;CRE-1417;Mulhouse;Habitat;2020-02-26;197456;250;3.93;0;1436.49
CLI-1418;CRE-1418;Strasbourg;Habitat;2020-02-21;398191;266;3.67;1;2714.76
CLI-1419;CRE-1419;Colmar;Consommation;2022-07-11;12092;46;6.18;0;325.14
CLI-1420;CRE-1420;Strasbourg;Auto;2020-07-25;23494;75;5.83;1;427.4
CLI-1421;CRE-1421;Epinal;Habitat;2022-03-04;222510;274;3.91;0;1537.09
CLI-1422;CRE-1422;Strasbourg;Habitat;2019-04-27;245254;271;3.69;0;1659.15
CLI-1423;CRE-1423;Colmar;Auto;2019-09-30;17579;46;5.74;1;466.24
CLI-1424;CRE-1424;Strasbourg;Habitat;2019-08-23;252577;231;3.65;0;1861.66
CLI-1425;CRE-1425;Mulhouse;Consommation;2019-05-30;8125;55;5.81;1;187.07
CLI-1426;CRE-1426;Mulhouse;Auto;2019-02-08;29667;49;4.89;1;726.34
CLI-1427;CRE-1427;Strasbourg;Consommation;2019-07-17;24737;13;7.02;1;2047.56
CLI-1428;CRE-1428;Colmar;Consommation;2019-12-27;5036;19;6.73;1;293.3
CLI-1429;CRE-1429;Epinal;Auto;2020-11-13;39903;38;4.89;1;1212.68
CLI-1430;CRE-1430;Strasbourg;Habitat;2020-02-12;376722;291;3.65;1;2440.44
CLI-1431;CRE-1431;Mulhouse;Habitat;2019-02-12;203822;254;3.8;1;1447.89
CLI-1432;CRE-1432;Mulhouse;Consommation;2022-06-04;24637;28;5.73;0;997.53
CLI-1433;CRE-1433;Strasbourg;Habitat;2019-12-19;436819;269;3.92;1;3050.8
CLI-1434;CRE-1434;Colmar;Habitat;2021-03-09;350292;194;3.14;1;2722.23
CLI-1435;CRE-1435;Mulhouse;Habitat;2019-05-28;433845;280;3.96;1;2981.13
CLI-1436;CRE-1436;Epinal;Habitat;2021-12-29;368816;253;3.42;1;2508.9
CLI-1437;CRE-1437;Strasbourg;Consommation;2021-01-21;9010;25;7.37;1;415.74
CLI-1438;CRE-1438;Colmar;Habitat;2020-08-20;446738;194;3.14;0;3471.74
CLI-1439;CRE-1439;Strasbourg;Auto;2022-08-26;36344;54;5.88;0;851.12
CLI-1440;CRE-1440;Epinal;Consommation;2019-07-26;20918;22;5.65;1;1049.31
CLI-1441;CRE-1441;Epinal;Auto;2020-08-03;23578;80;5.16;1;396.11
CLI-1442;CRE-1442;Strasbourg;Habitat;2022-08-02;297041;278;3.39;1;1907.63
CLI-1443;CRE-1443;Epinal;Habitat;2021-06-15;258720;245;3.38;1;1784.73
CLI-1444;CRE-1444;Colmar;Consommation;2021-08-09;23005;55;6.98;1;552.09
CLI-1445;CRE-1445;Strasbourg;Auto;2021-03-09;40806;43;4.93;0;1116.62
CLI-1446;CRE-1446;Colmar;Habitat;2022-02-02;385696;211;3.24;1;2869.32
CLI-1447;CRE-1447;Mulhouse;Habitat;2022-05-01;319750;211;3.93;1;2562.58
CLI-1448;CRE-1448;Epinal;Consommation;2019-03-10;13186;40;5.53;1;390.42
CLI-1449;CRE-1449;Colmar;Auto;2019-10-28;44540;54;5.69;1;1036.01
CLI-1450;CRE-1450;Strasbourg;Habitat;2021-12-25;314949;206;3.67;1;2492.1
CLI-1451;CRE-1451;Epinal;Habitat;2019-02-09;218521;288;4.07;0;1499.9
CLI-1452;CRE-1452;Epinal;Habitat;2020-04-30;232440;251;3.91;1;1683.42
CLI-1453;CRE-1453;Mulhouse;Habitat;2022-08-09;377095;247;3.9;0;2752.26
CLI-1454;CRE-1454;Epinal;Auto;2022-10-23;39791;36;5.64;1;1292.32
CLI-1455;CRE-1455;Strasbourg;Habitat;2021-01-27;254219;267;4.07;0;1814.36
CLI-1456;CRE-1456;Epinal;Consommation;2020-08-12;19443;36;6.94;1;652.53
CLI-1457;CRE-1457;Colmar;Consommation;2020-12-19;19705;20;5.88;0;1081.8
CLI-1458;CRE-1458;Mulhouse;Consommation;2020-06-14;8217;16;6.88;1;560.67
CLI-1459;CRE-1459;Epinal;Auto;2019-02-14;27043;70;5.34;0;506.67
CLI-1460;CRE-1460;Epinal;Habitat;2019-12-09;300466;225;3.99;1;2334.45
CLI-1461;CRE-1461;Colmar;Auto;2021-07-20;19610;40;5.76;1;584.38
CLI-1462;CRE-1462;Epinal;Auto;2019-03-16;40924;81;5.94;0;707.81
CLI-1463;CRE-1463;Epinal;Consommation;2019-03-10;7472;58;6.24;1;167.68
CLI-1464;CRE-1464;Strasbourg;Habitat;2020-05-28;310405;296;3.82;1;2036.79
CLI-1465;CRE-1465;Strasbourg;Habitat;2020-06-22;328480;261;3.44;1;2200.19
CLI-1466;CRE-1466;Strasbourg;Consommation;2021-02-20;15238;20;6.04;0;838.6
CLI-1467;CRE-1467;Epinal;Auto;2020-06-24;18478;75;5.83;1;336.15
CLI-1468;CRE-1468;Strasbourg;Habitat;2022-08-17;293256;194;3.39;1;2340.08
CLI-1469;CRE-1469;Epinal;Habitat;2022-02-06;154883;279;4.11;1;1085.61
CLI-1470;CRE-1470;Colmar;Consommation;2022-06-13;7159;14;6.27;1;548.76
CLI-1471;CRE-1471;Epinal;Habitat;2019-03-07;397864;283;3.27;1;2490.06
CLI-1472;CRE-1472;Mulhouse;Auto;2021-10-19;36204;78;5.83;1;640.04
CLI-1473;CRE-1473;Strasbourg;Consommation;2020-03-30;21158;56;6.17;1;486.61
CLI-1474;CRE-1474;Mulhouse;Habitat;2021-11-12;384754;287;3.23;0;2376.24
CLI-1475;CRE-1475;Epinal;Consommation;2021-06-04;24756;44;6.5;1;696.73
CLI-1476;CRE-1476;Colmar;Habitat;2019-06-16;375444;291;3.18;1;2285.11
CLI-1477;CRE-1477;Epinal;Consommation;2019-11-05;20890;14;6.71;0;1608.95
CLI-1478;CRE-1478;Mulhouse;Habitat;2019-03-16;170741;272;3.98;1;1194.02
CLI-1479;CRE-1479;Strasbourg;Auto;2019-12-05;19069;82;4.84;0;309.46
CLI-1480;CRE-1480;Strasbourg;Auto;2020-03-21;16213;49;5.4;1;403.84
CLI-1481;CRE-1481;Colmar;Auto;2021-06-23;16010;69;5.51;1;305.54
CLI-1482;CRE-1482;Epinal;Habitat;2019-03-21;371633;237;3.11;0;2531.22
CLI-1483;CRE-1483;Epinal;Auto;2019-09-11;28144;37;5.23;0;883.31
CLI-1484;CRE-1484;Strasbourg;Auto;2020-12-12;28588;81;5.36;1;480.63
CLI-1485;CRE-1485;Colmar;Habitat;2020-03-01;407074;231;3.44;1;2929.17
CLI-1486;CRE-1486;Colmar;Consommation;2020-04-30;16276;29;7.44;0;662.15
CLI-1487;CRE-1487;Mulhouse;Consommation;2020-09-02;21542;18;7.45;1;1330.52
CLI-1488;CRE-1488;Epinal;Habitat;2019-09-02;312364;198;3.32;1;2441.8
CLI-1489;CRE-1489;Epinal;Habitat;2022-01-20;293273;229;3.94;1;2243.58
CLI-1490;CRE-1490;Epinal;Habitat;2020-06-11;315005;182;3.73;0;2709.94
CLI-1491;CRE-1491;Epinal;Consommation;2021-12-09;21385;26;6.57;0;939.58
CLI-1492;CRE-1492;Epinal;Auto;2022-01-31;26052;66;5.73;1;519.13
CLI-1493;CRE-1493;Epinal;Consommation;2022-01-06;23690;27;6.72;0;1010.07
CLI-1494;CRE-1494;Strasbourg;Habitat;2021-09-09;397030;194;3.48;0;3197.93
CLI-1495;CRE-1495;Mulhouse;Habitat;2020-11-21;442257;189;3.7;1;3703.61
CLI-1496;CRE-1496;Colmar;Consommation;2019-10-03;13317;21;6.49;1;706.17
CLI-1497;CRE-1497;Epinal;Consommation;2021-07-24;20353;34;6.02;0;700.72
CLI-1498;CRE-1498;Strasbourg;Consommation;2021-01-26;12344;42;5.7;1;352.54
CLI-1499;CRE-1499;Strasbourg;Habitat;2021-06-02;375818;188;3.6;0;3126.49
CLI-1500;CRE-1500;Colmar;Consommation;2019-11-15;12979;42;7.38;1;388.84
CLI-1501;CRE-1501;Mulhouse;Consommation;2021-09-20;6475;16;6.94;1;442.13
CLI-1502;CRE-1502;Colmar;Auto;2021-10-06;26667;70;4.99;1;491.85
CLI-1503;CRE-1503;Strasbourg;Consommation;2022-02-17;24966;13;5.71;1;2039.26
CLI-1504;CRE-1504;Epinal;Auto;2021-03-09;26058;76;5.87;1;470.34
CLI-1505;CRE-1505;Strasbourg;Habitat;2022-02-07;445703;266;3.29;1;2897.54
CLI-1506;CRE-1506;Epinal;Habitat;2021-09-22;323625;279;3.81;1;2187.46
CLI-1507;CRE-1507;Mulhouse;Habitat;2019-05-19;399450;203;3.58;0;3159.43
CLI-1508;CRE-1508;Strasbourg;Habitat;2020-04-04;385500;295;4.05;0;2607.84
CLI-1509;CRE-1509;Epinal;Consommation;2022-03-01;15808;26;6.61;0;695.08
CLI-1510;CRE-1510;Colmar;Auto;2022-10-04;29894;65;4.9;0;581.97
CLI-1511;CRE-1511;Mulhouse;Auto;2019-03-16;21717;47;4.92;1;551.1
CLI-1512;CRE-1512;Mulhouse;Consommation;2022-01-17;14644;32;6.19;0;533.16
CLI-1513;CRE-1513;Strasbourg;Auto;2022-06-09;43565;62;5.83;0;914.31
CLI-1514;CRE-1514;Epinal;Habitat;2020-10-23;335492;280;3.88;0;2282.94
CLI-1515;CRE-1515;Epinal;Habitat;2020-08-23;185667;213;3.96;0;1484.38
CLI-1516;CRE-1516;Colmar;Consommation;2022-10-11;16479;33;5.57;1;575.85
CLI-1517;CRE-1517;Mulhouse;Habitat;2021-04-19;415292;283;3.66;0;2734.1
CLI-1518;CRE-1518;Epinal;Habitat;2019-09-11;434472;275;3.52;1;2854.35
CLI-1519;CRE-1519;Mulhouse;Habitat;2022-05-12;353091;204;4.05;1;2922.52
CLI-1520;CRE-1520;Colmar;Consommation;2022-10-02;12989;29;7.33;1;527.24
CLI-1521;CRE-1521;Colmar;Habitat;2020-06-28;192640;273;3.36;1;1245.03
CLI-1522;CRE-1522;Strasbourg;Habitat;2019-08-12;319894;198;3.33;0;2503.33
CLI-1523;CRE-1523;Colmar;Consommation;2020-04-17;16525;32;6.53;0;606.33
CLI-1524;CRE-1524;Mulhouse;Habitat;2020-06-09;265842;189;3.87;1;2263.91
CLI-1525;CRE-1525;Strasbourg;Consommation;2021-02-21;23020;33;6.47;1;821.69
CLI-1526;CRE-1526;Epinal;Habitat;2022-06-30;175342;229;4.01;1;1351.62
CLI-1527;CRE-1527;Colmar;Habitat;2019-04-19;153015;276;3.73;0;1030.02
CLI-1528;CRE-1528;Mulhouse;Habitat;2022-09-26;224431;206;3.38;1;1721.62
CLI-1529;CRE-1529;Colmar;Consommation;2022-06-12;18693;23;6.36;1;911.81
CLI-1530;CRE-1530;Mulhouse;Habitat;2022-04-20;318020;193;3.62;0;2607.13
CLI-1531;CRE-1531;Strasbourg;Auto;2022-01-28;33618;71;5.9;1;638.78
CLI-1532;CRE-1532;Epinal;Habitat;2019-02-04;352765;201;3.16;1;2684.0
CLI-1533;CRE-1533;Colmar;Habitat;2020-06-12;241886;189;4.06;1;2098.2
CLI-1534;CRE-1534;Strasbourg;Consommation;2021-03-02;15539;33;6.81;1;559.06
CLI-1535;CRE-1535;Strasbourg;Habitat;2020-12-17;248525;224;3.45;1;1824.0
CLI-1536;CRE-1536;Mulhouse;Consommation;2020-09-29;24321;29;5.88;1;957.83
CLI-1537;CRE-1537;Epinal;Auto;2021-10-18;41233;81;4.85;1;675.7
CLI-1538;CRE-1538;Epinal;Habitat;2019-04-13;158780;246;3.53;1;1112.52
CLI-1539;CRE-1539;Epinal;Consommation;2019-05-11;13125;57;6.96;0;306.39
CLI-1540;CRE-1540;Epinal;Consommation;2020-06-26;6679;23;6.58;1;327.01
CLI-1541;CRE-1541;Epinal;Consommation;2021-02-14;13934;12;6.86;1;1240.82
CLI-1542;CRE-1542;Colmar;Habitat;2021-04-26;397146;209;3.36;1;3012.23
CLI-1543;CRE-1543;Epinal;Consommation;2020-01-11;14064;54;5.81;1;328.54
CLI-1544;CRE-1544;Epinal;Habitat;2021-03-25;328712;215;3.97;1;2616.38
CLI-1545;CRE-1545;Epinal;Habitat;2019-05-10;272823;269;3.88;0;1896.34
CLI-1546;CRE-1546;Epinal;Habitat;2020-04-24;343838;212;3.89;0;2736.49
CLI-1547;CRE-1547;Epinal;Habitat;2019-05-25;367179;229;3.3;0;2613.14
CLI-1548;CRE-1548;Strasbourg;Habitat;2022-05-13;422860;195;3.46;0;3387.76
CLI-1549;CRE-1549;Strasbourg;Auto;2019-11-23;41387;59;5.44;0;889.1
CLI-1550;CRE-1550;Epinal;Habitat;2021-03-27;306797;283;4.0;1;2106.75
CLI-1551;CRE-1551;Epinal;Consommation;2020-02-11;18135;17;7.38;1;1178.29
CLI-1552;CRE-1552;Epinal;Habitat;2022-05-14;430451;217;3.35;1;3185.32
CLI-1553;CRE-1553;Epinal;Consommation;2021-06-24;11935;15;6.27;1;858.03
CLI-1554;CRE-1554;Colmar;Auto;2019-02-16;20992;43;5.02;1;576.0
CLI-1555;CRE-1555;Colmar;Consommation;2022-02-02;23035;36;6.45;1;763.67
CLI-1556;CRE-1556;Colmar;Habitat;2022-05-14;429506;233;3.21;1;2992.3
CLI-1557;CRE-1557;Epinal;Consommation;2022-03-16;17247;47;5.97;1;452.76
CLI-1558;CRE-1558;Strasbourg;Habitat;2021-02-05;180406;200;4.23;1;1537.96
CLI-1559;CRE-1559;Colmar;Auto;2020-10-04;29429;77;5.17;1;508.98
CLI-1560;CRE-1560;Epinal;Habitat;2021-08-29;394944;226;3.45;1;2883.0
CLI-1561;CRE-1561;Strasbourg;Auto;2021-02-17;32258;49;5.59;1;808.6
CLI-1562;CRE-1562;Strasbourg;Consommation;2021-11-03;20251;43;5.94;1;571.2
CLI-1563;CRE-1563;Strasbourg;Habitat;2022-07-12;449258;231;3.8;1;3367.49
CLI-1564;CRE-1564;Colmar;Habitat;2019-09-30;205468;299;3.65;1;1312.15
CLI-1565;CRE-1565;Colmar;Habitat;2020-06-17;389959;269;3.32;1;2528.55
CLI-1566;CRE-1566;Strasbourg;Consommation;2021-10-29;5628;17;7.02;1;363.98
CLI-1567;CRE-1567;Colmar;Auto;2020-06-12;37723;79;5.95;1;664.55
CLI-1568;CRE-1568;Epinal;Habitat;2022-01-14;377207;237;3.8;1;2786.08
CLI-1569;CRE-1569;Mulhouse;Habitat;2019-09-26;206533;298;3.59;0;1310.94
CLI-1570;CRE-1570;Strasbourg;Habitat;2019-07-16;287743;234;3.24;1;2006.58
CLI-1571;CRE-1571;Strasbourg;Consommation;2021-12-08;5171;51;7.4;1;133.28
CLI-1572;CRE-1572;Colmar;Consommation;2020-07-24;19696;41;5.82;0;575.92
CLI-1573;CRE-1573;Epinal;Habitat;2020-08-25;245489;240;3.46;1;1730.7
CLI-1574;CRE-1574;Mulhouse;Auto;2022-05-31;43089;54;5.92;1;1010.52
CLI-1575;CRE-1575;Colmar;Consommation;2019-08-09;14697;22;7.1;1;755.0
CLI-1576;CRE-1576;Mulhouse;Auto;2019-07-16;38164;78;5.81;1;674.06
CLI-1577;CRE-1577;Strasbourg;Consommation;2020-11-10;8274;55;7.48;1;202.01
CLI-1578;CRE-1578;Epinal;Habitat;2019-08-29;168299;187;3.61;0;1406.29
CLI-1579;CRE-1579;Colmar;Habitat;2019-11-13;293039;232;3.97;1;2232.57
CLI-1580;CRE-1580;Colmar;Habitat;2021-04-20;438331;188;3.86;1;3741.51
CLI-1581;CRE-1581;Epinal;Consommation;2019-12-04;9539;35;6.94;1;327.71
CLI-1582;CRE-1582;Colmar;Habitat;2020-06-16;390804;218;3.72;0;3004.17
CLI-1583;CRE-1583;Colmar;Consommation;2020-09-18;21505;38;6.41;1;680.79
CLI-1584;CRE-1584;Colmar;Habitat;2022-04-09;162312;283;3.97;0;1110.52
CLI-1585;CRE-1585;Mulhouse;Habitat;2019-07-17;372248;274;3.59;0;2472.21
CLI-1586;CRE-1586;Colmar;Consommation;2022-02-03;22243;52;6.02;1;539.34
CLI-1587;CRE-1587;Mulhouse;Habitat;2021-07-04;392103;216;3.95;0;3105.96
CLI-1588;CRE-1588;Strasbourg;Habitat;2022-11-18;165860;257;4.0;0;1198.24
CLI-1589;CRE-1589;Strasbourg;Habitat;2020-10-24;398608;269;3.47;1;2634.46
CLI-1590;CRE-1590;Colmar;Habitat;2020-03-18;161246;223;4.05;1;1267.28
CLI-1591;CRE-1591;Epinal;Auto;2022-05-08;44741;62;5.22;1;916.25
CLI-1592;CRE-1592;Colmar;Consommation;2020-12-19;7748;40;5.94;1;232.05
CLI-1593;CRE-1593;Mulhouse;Consommation;2020-03-21;18392;58;6.38;0;414.89
CLI-1594;CRE-1594;Colmar;Habitat;2020-03-11;182508;247;3.93;1;1336.61
CLI-1595;CRE-1595;Epinal;Habitat;2020-09-28;366616;264;3.2;1;2366.34
CLI-1596;CRE-1596;Epinal;Habitat;2021-10-24;266539;293;4.0;0;1798.15
CLI-1597;CRE-1597;Strasbourg;Habitat;2021-06-26;153971;284;3.53;0;995.08
CLI-1598;CRE-1598;Epinal;Auto;2020-08-02;26978;76;5.19;0;471.65
CLI-1599;CRE-1599;Strasbourg;Consommation;2020-01-25;16301;45;6.46;1;450.0
CLI-1600;CRE-1600;Colmar;Consommation;2022-08-23;8201;32;6.76;0;302.48
CLI-1601;CRE-1601;Strasbourg;Habitat;2020-06-28;317676;271;3.87;1;2196.74
CLI-1602;CRE-1602;Colmar;Auto;2021-05-10;44557;53;5.74;1;1053.83
CLI-1603;CRE-1603;Epinal;Consommation;2022-02-15;16656;27;7.0;1;714.05
CLI-1604;CRE-1604;Strasbourg;Habitat;2022-10-10;327256;192;3.16;1;2566.23
CLI-1605;CRE-1605;Epinal;Habitat;2022-01-03;234629;272;3.42;1;1531.3
CLI-1606;CRE-1606;Colmar;Habitat;2020-04-30;246973;213;3.48;1;1875.72
CLI-1607;CRE-1607;Mulhouse;Consommation;2019-10-08;20592;45;6.76;1;573.6
CLI-1608;CRE-1608;Strasbourg;Auto;2022-04-08;22337;71;5.52;1;417.36
CLI-1609;CRE-1609;Epinal;Habitat;2021-03-27;400373;287;3.41;1;2532.75
CLI-1610;CRE-1610;Epinal;Habitat;2019-03-26;160518;297;3.71;1;1036.73
CLI-1611;CRE-1611;Strasbourg;Habitat;2021-11-02;264628;278;3.95;1;1822.97
CLI-1612;CRE-1612;Mulhouse;Auto;2021-07-05;27790;72;5.38;0;510.56
CLI-1613;CRE-1613;Strasbourg;Habitat;2021-10-12;304332;261;3.56;1;2068.87
CLI-1614;CRE-1614;Colmar;Consommation;2021-11-08;21547;34;6.89;1;757.45
CLI-1615;CRE-1615;Strasbourg;Consommation;2020-08-19;17622;54;7.32;1;433.83
CLI-1616;CRE-1616;Strasbourg;Habitat;2019-10-13;381429;249;3.23;1;2558.52
CLI-1617;CRE-1617;Mulhouse;Habitat;2019-03-29;277371;214;3.35;0;2070.45
CLI-1618;CRE-1618;Mulhouse;Auto;2022-11-19;24521;53;5.19;1;568.71
CLI-1619;CRE-1619;Strasbourg;Consommation;2021-06-20;15849;20;6.68;1;880.68
CLI-1620;CRE-1620;Mulhouse;Habitat;2019-07-20;256830;260;3.53;0;1743.32
CLI-1621;CRE-1621;Epinal;Habitat;2019-05-21;285472;276;3.6;1;1890.73
CLI-1622;CRE-1622;Colmar;Consommation;2022-10-01;16428;20;6.69;1;912.99
CLI-1623;CRE-1623;Strasbourg;Habitat;2019-12-17;258688;212;3.49;1;1972.58
CLI-1624;CRE-1624;Strasbourg;Auto;2022-11-14;24168;36;5.93;0;790.76
CLI-1625;CRE-1625;Mulhouse;Habitat;2021-06-25;336143;208;3.95;1;2722.54
CLI-1626;CRE-1626;Colmar;Habitat;2021-03-18;370242;199;3.1;1;2816.97
CLI-1627;CRE-1627;Colmar;Habitat;2022-08-11;250476;298;4.21;1;1719.28
CLI-1628;CRE-1628;Epinal;Habitat;2020-11-09;338955;219;3.39;1;2505.29
CLI-1629;CRE-1629;Strasbourg;Auto;2022-02-14;17078;39;5.54;1;516.74
CLI-1630;CRE-1630;Strasbourg;Habitat;2020-01-29;228820;278;4.02;1;1589.64
CLI-1631;CRE-1631;Epinal;Consommation;2020-04-22;5054;26;7.29;1;225.09
CLI-1632;CRE-1632;Strasbourg;Habitat;2022-04-17;233495;207;4.19;1;1943.28
CLI-1633;CRE-1633;Mulhouse;Habitat;2022-09-14;242330;212;3.64;0;1878.13
CLI-1634;CRE-1634;Strasbourg;Habitat;2021-04-17;305269;289;4.11;0;2101.84
CLI-1635;CRE-1635;Epinal;Habitat;2021-10-23;189042;283;4.25;1;1337.52
CLI-1636;CRE-1636;Strasbourg;Habitat;2021-07-27;268438;285;3.86;1;1805.36
CLI-1637;CRE-1637;Mulhouse;Consommation;2019-05-21;24958;40;6.92;1;767.87
CLI-1638;CRE-1638;Colmar;Auto;2019-08-13;20847;73;5.07;1;373.65
CLI-1639;CRE-1639;Strasbourg;Habitat;2020-09-10;215265;194;3.93;1;1814.61
CLI-1640;CRE-1640;Colmar;Habitat;2019-03-17;232663;292;3.74;0;1521.92
CLI-1641;CRE-1641;Mulhouse;Consommation;2020-07-09;23570;49;6.5;0;608.69
CLI-1642;CRE-1642;Colmar;Auto;2019-10-14;23773;60;5.56;1;506.36
CLI-1643;CRE-1643;Strasbourg;Auto;2021-01-29;42259;58;5.83;0;933.91
CLI-1644;CRE-1644;Mulhouse;Auto;2022-05-05;23552;45;5.66;0;634.46
CLI-1645;CRE-1645;Epinal;Habitat;2021-07-14;211084;291;4.21;0;1465.93
CLI-1646;CRE-1646;Strasbourg;Auto;2021-12-30;40778;41;5.38;0;1177.41
CLI-1647;CRE-1647;Epinal;Habitat;2019-11-10;396908;224;3.24;0;2843.56
CLI-1648;CRE-1648;Strasbourg;Auto;2019-03-18;43233;48;5.93;1;1114.33
CLI-1649;CRE-1649;Epinal;Auto;2020-01-01;18609;73;5.78;1;344.55
CLI-1650;CRE-1650;Epinal;Habitat;2019-07-10;379542;236;3.57;0;2737.37
CLI-1651;CRE-1651;Strasbourg;Consommation;2022-04-01;24887;44;6.71;1;704.77
CLI-1652;CRE-1652;Epinal;Consommation;2022-11-18;11827;18;6.47;1;720.82
CLI-1653;CRE-1653;Strasbourg;Habitat;2019-05-20;221716;272;3.85;0;1526.47
CLI-1654;CRE-1654;Mulhouse;Consommation;2022-03-03;20406;49;5.98;1;518.14
CLI-1655;CRE-1655;Strasbourg;Consommation;2021-02-17;6962;17;6.77;1;448.81
CLI-1656;CRE-1656;Mulhouse;Habitat;2020-03-13;296306;266;3.72;1;2032.48
CLI-1657;CRE-1657;Epinal;Habitat;2021-03-19;304972;278;3.38;1;1956.03
CLI-1658;CRE-1658;Mulhouse;Auto;2021-04-26;26397;69;5.92;1;512.79
CLI-1659;CRE-1659;Strasbourg;Consommation;2020-03-07;7021;39;5.78;1;213.84
CLI-1660;CRE-1660;Mulhouse;Habitat;2022-04-23;162155;244;4.03;0;1209.14
CLI-1661;CRE-1661;Strasbourg;Consommation;2020-02-16;21866;26;7.16;0;971.47
CLI-1662;CRE-1662;Epinal;Auto;2021-12-27;15903;57;5.44;1;351.09
CLI-1663;CRE-1663;Mulhouse;Habitat;2022-07-11;218619;264;3.39;0;1445.7
CLI-1664;CRE-1664;Epinal;Consommation;2021-08-10;23959;59;7.37;1;553.23
CLI-1665;CRE-1665;Strasbourg;Habitat;2022-02-18;396435;230;3.28;1;2807.22
CLI-1666;CRE-1666;Mulhouse;Auto;2021-05-25;44718;64;4.9;0;881.32
CLI-1667;CRE-1667;Epinal;Habitat;2021-06-20;188074;267;4.06;1;1340.71
CLI-1668;CRE-1668;Epinal;Auto;2022-04-15;15522;36;5.1;0;497.14
CLI-1669;CRE-1669;Mulhouse;Auto;2020-08-20;21379;56;5.88;1;486.52
CLI-1670;CRE-1670;Strasbourg;Consommation;2020-10-04;24026;32;5.67;0;864.34
CLI-1671;CRE-1671;Strasbourg;Consommation;2021-05-07;16738;20;5.69;1;916.27
CLI-1672;CRE-1672;Strasbourg;Habitat;2020-05-29;295329;237;4.1;1;2255.15
CLI-1673;CRE-1673;Colmar;Habitat;2020-04-18;289033;191;4.08;0;2495.97
CLI-1674;CRE-1674;Mulhouse;Habitat;2021-09-20;377557;294;3.76;1;2467.22
CLI-1675;CRE-1675;Strasbourg;Habitat;2022-08-14;170938;244;3.55;1;1206.26
CLI-1676;CRE-1676;Mulhouse;Habitat;2020-01-24;305560;270;3.87;1;2117.13
CLI-1677;CRE-1677;Strasbourg;Habitat;2022-07-01;220295;275;3.26;1;1399.54
CLI-1678;CRE-1678;Epinal;Habitat;2019-05-24;338170;261;3.33;1;2234.09
CLI-1679;CRE-1679;Epinal;Habitat;2022-07-28;256009;229;3.49;1;1862.5
CLI-1680;CRE-1680;Strasbourg;Consommation;2021-11-14;15351;39;7.16;1;485.21
CLI-1681;CRE-1681;Mulhouse;Consommation;2019-07-19;10998;21;5.74;1;576.32
CLI-1682;CRE-1682;Mulhouse;Auto;2019-02-26;23733;42;4.88;1;661.59
CLI-1683;CRE-1683;Strasbourg;Consommation;2021-01-11;22096;33;7.16;1;801.42
CLI-1684;CRE-1684;Mulhouse;Habitat;2020-01-30;167080;208;3.97;0;1356.03
CLI-1685;CRE-1685;Mulhouse;Habitat;2021-12-12;257623;218;3.94;1;2027.62
CLI-1686;CRE-1686;Colmar;Habitat;2019-08-31;219590;198;3.77;1;1798.92
CLI-1687;CRE-1687;Epinal;Consommation;2021-05-05;11981;35;6.61;1;408.31
CLI-1688;CRE-1688;Colmar;Habitat;2020-04-20;249048;210;3.99;1;2014.03
CLI-1689;CRE-1689;Mulhouse;Habitat;2019-07-24;379531;276;3.96;1;2627.56
CLI-1690;CRE-1690;Epinal;Habitat;2020-07-08;213433;278;4.05;1;1488.08
CLI-1691;CRE-1691;Epinal;Consommation;2021-02-25;8568;33;6.94;0;309.19
CLI-1692;CRE-1692;Strasbourg;Auto;2019-12-13;39367;61;4.81;1;803.16
CLI-1693;CRE-1693;Strasbourg;Auto;2022-04-28;38210;60;5.37;0;807.82
CLI-1694;CRE-1694;Epinal;Auto;2020-02-23;36213;56;5.28;0;806.0
CLI-1695;CRE-1695;Strasbourg;Auto;2020-07-14;36271;58;5.74;1;798.86
CLI-1696;CRE-1696;Epinal;Habitat;2021-10-13;245455;228;3.91;1;1876.33
CLI-1697;CRE-1697;Strasbourg;Consommation;2022-10-12;14062;14;6.96;1;1085.99
CLI-1698;CRE-1698;Mulhouse;Auto;2021-12-05;43560;66;5.35;1;854.2
CLI-1699;CRE-1699;Colmar;Auto;2019-03-19;34498;68;4.79;0;645.03
CLI-1700;CRE-1700;Mulhouse;Habitat;2019-05-09;272279;277;3.84;0;1854.25
CLI-1701;CRE-1701;Epinal;Habitat;2021-11-15;277043;261;3.74;0;1924.92
CLI-1702;CRE-1702;Mulhouse;Habitat;2020-05-05;396407;253;3.59;1;2752.74
CLI-1703;CRE-1703;Mulhouse;Consommation;2019-09-24;13106;12;7.31;1;1172.0
CLI-1704;CRE-1704;Strasbourg;Habitat;2019-10-05;173820;280;4.28;1;1240.74
CLI-1705;CRE-1705;Mulhouse;Habitat;2021-06-10;431512;215;3.22;1;3164.92
CLI-1706;CRE-1706;Mulhouse;Auto;2021-11-12;31576;73;5.64;1;580.96
CLI-1707;CRE-1707;Strasbourg;Auto;2020-03-28;21355;54;5.93;0;500.99
CLI-1708;CRE-1708;Epinal;Auto;2020-08-18;32434;50;5.28;1;791.39
CLI-1709;CRE-1709;Mulhouse;Consommation;2022-08-30;18357;21;6.59;0;974.95
CLI-1710;CRE-1710;Mulhouse;Auto;2021-12-05;36862;50;5.58;1;908.65
CLI-1711;CRE-1711;Colmar;Habitat;2022-03-01;305886;275;3.48;0;1999.38
CLI-1712;CRE-1712;Colmar;Habitat;2021-03-14;378504;294;3.3;1;2328.31
CLI-1713;CRE-1713;Strasbourg;Consommation;2021-04-04;5690;38;6.61;1;181.08
CLI-1714;CRE-1714;Mulhouse;Consommation;2021-10-31;17688;18;7.21;1;1088.94
CLI-1715;CRE-1715;Colmar;Consommation;2022-08-10;14446;30;6.09;1;554.85
CLI-1716;CRE-1716;Strasbourg;Auto;2022-04-24;22854;50;5.91;0;569.64
CLI-1717;CRE-1717;Mulhouse;Habitat;2019-05-08;245887;182;3.43;1;2053.85
CLI-1718;CRE-1718;Strasbourg;Habitat;2022-03-26;238612;210;3.24;1;1780.5
CLI-1719;CRE-1719;Colmar;Consommation;2019-03-09;5653;16;5.8;1;380.64
CLI-1720;CRE-1720;Mulhouse;Auto;2022-09-23;31311;73;5.87;1;582.08
CLI-1721;CRE-1721;Epinal;Consommation;2019-10-11;15007;28;6.2;1;613.5
CLI-1722;CRE-1722;Epinal;Consommation;2022-02-09;5864;39;6.25;0;180.9
CLI-1723;CRE-1723;Mulhouse;Auto;2022-05-23;33942;60;5.2;1;712.78
CLI-1724;CRE-1724;Epinal;Habitat;2020-05-19;362792;279;3.7;0;2418.94
CLI-1725;CRE-1725;Strasbourg;Habitat;2021-09-23;404630;188;3.1;0;3197.58
CLI-1726;CRE-1726;Mulhouse;Habitat;2020-02-26;303206;266;3.87;1;2117.71
CLI-1727;CRE-1727;Epinal;Auto;2020-08-25;16346;73;5.19;1;294.61
CLI-1728;CRE-1728;Mulhouse;Habitat;2021-12-15;237651;292;4.0;1;1606.04
CLI-1729;CRE-1729;Strasbourg;Habitat;2020-01-08;156533;219;3.87;1;1219.58
CLI-1730;CRE-1730;Colmar;Habitat;2021-01-20;340275;230;3.63;1;2508.79
CLI-1731;CRE-1731;Colmar;Consommation;2022-07-05;7862;23;5.81;0;379.89
CLI-1732;CRE-1732;Strasbourg;Habitat;2020-06-14;187065;188;3.41;1;1526.6
CLI-1733;CRE-1733;Mulhouse;Consommation;2022-04-11;18351;23;5.88;0;887.79
CLI-1734;CRE-1734;Colmar;Habitat;2019-08-01;324355;188;3.19;0;2587.54
CLI-1735;CRE-1735;Mulhouse;Consommation;2019-03-03;19307;13;6.19;1;1584.75
CLI-1736;CRE-1736;Colmar;Habitat;2022-02-22;365753;267;3.41;1;2409.21
CLI-1737;CRE-1737;Colmar;Auto;2021-12-30;26351;69;5.1;1;493.89
CLI-1738;CRE-1738;Colmar;Consommation;2019-01-27;24937;41;6.79;1;749.32
CLI-1739;CRE-1739;Colmar;Consommation;2021-09-27;5029;49;6.05;1;127.99
CLI-1740;CRE-1740;Epinal;Habitat;2021-04-29;224216;189;3.27;1;1797.32
CLI-1741;CRE-1741;Mulhouse;Habitat;2021-09-01;154681;236;3.48;0;1104.0
CLI-1742;CRE-1742;Strasbourg;Habitat;2022-01-10;374170;192;3.28;1;2971.53
CLI-1743;CRE-1743;Epinal;Consommation;2021-12-31;7476;25;5.57;0;333.74
CLI-1744;CRE-1744;Epinal;Habitat;2021-03-26;208496;291;3.41;1;1308.96
CLI-1745;CRE-1745;Epinal;Habitat;2021-07-05;333553;227;3.88;1;2547.88
CLI-1746;CRE-1746;Mulhouse;Consommation;2022-02-16;21527;58;7.4;1;503.91
CLI-1747;CRE-1747;Mulhouse;Auto;2022-03-27;40610;63;5.09;1;816.86
CLI-1748;CRE-1748;Strasbourg;Auto;2020-03-30;33977;74;5.23;1;607.23
CLI-1749;CRE-1749;Strasbourg;Auto;2020-02-02;35158;81;5.28;1;588.74
CLI-1750;CRE-1750;Strasbourg;Consommation;2019-07-07;6833;41;5.54;1;198.2
CLI-1751;CRE-1751;Colmar;Habitat;2019-12-17;183177;203;4.12;1;1531.26
CLI-1752;CRE-1752;Strasbourg;Consommation;2022-08-21;17766;33;6.92;1;640.81
CLI-1753;CRE-1753;Mulhouse;Auto;2020-07-11;25185;78;4.85;1;424.67
CLI-1754;CRE-1754;Epinal;Habitat;2022-06-26;262387;227;3.5;0;1921.19
CLI-1755;CRE-1755;Mulhouse;Habitat;2019-10-24;444796;229;3.34;1;3180.36
CLI-1756;CRE-1756;Colmar;Auto;2021-09-14;32641;44;5.27;1;885.19
CLI-1757;CRE-1757;Colmar;Auto;2020-05-31;33189;50;5.24;1;808.71
CLI-1758;CRE-1758;Colmar;Consommation;2021-07-11;22571;44;6.81;0;641.07
CLI-1759;CRE-1759;Strasbourg;Consommation;2022-05-26;18561;50;7.19;1;482.43
CLI-1760;CRE-1760;Epinal;Habitat;2021-02-28;214886;264;4.19;0;1564.27
CLI-1761;CRE-1761;Mulhouse;Consommation;2021-04-24;21344;39;6.22;0;657.92
CLI-1762;CRE-1762;Colmar;Consommation;2020-04-14;16350;17;6.12;1;1045.15
CLI-1763;CRE-1763;Epinal;Consommation;2021-09-05;8502;53;7.43;1;213.06
CLI-1764;CRE-1764;Epinal;Auto;2020-10-24;35663;81;5.08;1;591.26
CLI-1765;CRE-1765;Mulhouse;Habitat;2022-11-24;355258;249;4.01;0;2613.89
CLI-1766;CRE-1766;Mulhouse;Consommation;2021-08-19;22548;29;6.67;1;902.85
CLI-1767;CRE-1767;Epinal;Consommation;2020-06-23;20167;46;7.35;0;561.94
CLI-1768;CRE-1768;Strasbourg;Habitat;2022-03-25;238461;206;3.98;1;1948.47
CLI-1769;CRE-1769;Colmar;Habitat;2022-05-19;344986;227;3.65;1;2569.09
CLI-1770;CRE-1770;Colmar;Habitat;2021-05-04;404187;298;3.4;0;2501.53
CLI-1771;CRE-1771;Colmar;Habitat;2022-03-16;356729;299;3.75;1;2307.85
CLI-1772;CRE-1772;Colmar;Habitat;2022-04-01;171171;258;3.75;0;1198.36
CLI-1773;CRE-1773;Strasbourg;Consommation;2022-08-26;8614;49;7.14;1;227.05
CLI-1774;CRE-1774;Colmar;Consommation;2021-05-24;9256;35;6.41;0;313.9
CLI-1775;CRE-1775;Epinal;Habitat;2020-08-13;193562;273;3.47;1;1268.74
CLI-1776;CRE-1776;Epinal;Consommation;2022-08-29;14378;55;5.74;0;330.19
CLI-1777;CRE-1777;Strasbourg;Habitat;2019-02-24;336719;217;3.81;0;2620.78
CLI-1778;CRE-1778;Colmar;Consommation;2019-07-22;21147;38;7.04;1;680.56
CLI-1779;CRE-1779;Mulhouse;Consommation;2020-09-13;20760;52;6.63;1;513.93
CLI-1780;CRE-1780;Strasbourg;Habitat;2020-06-19;304664;195;3.68;1;2496.68
CLI-1781;CRE-1781;Strasbourg;Habitat;2021-07-09;445110;254;3.24;0;2954.2
CLI-1782;CRE-1782;Mulhouse;Habitat;2021-04-09;410438;263;3.31;1;2692.73
CLI-1783;CRE-1783;Epinal;Habitat;2019-07-10;356032;190;3.15;0;2808.44
CLI-1784;CRE-1784;Epinal;Habitat;2021-06-09;219245;205;3.74;1;1752.8
CLI-1785;CRE-1785;Mulhouse;Consommation;2020-01-20;14368;28;5.61;1;580.31
CLI-1786;CRE-1786;Strasbourg;Consommation;2021-02-16;8167;56;7.43;1;196.41
CLI-1787;CRE-1787;Epinal;Habitat;2021-02-03;331901;269;3.44;1;2185.28
CLI-1788;CRE-1788;Mulhouse;Habitat;2020-03-10;176807;234;3.53;0;1275.69
CLI-1789;CRE-1789;Mulhouse;Auto;2020-04-26;27219;49;4.78;0;663.91
CLI-1790;CRE-1790;Mulhouse;Consommation;2021-06-19;10409;29;7.2;0;421.39
CLI-1791;CRE-1791;Mulhouse;Habitat;2021-08-23;353169;232;4.1;0;2728.94
CLI-1792;CRE-1792;Mulhouse;Habitat;2019-11-03;265211;270;3.89;1;1841.99
CLI-1793;CRE-1793;Colmar;Consommation;2019-10-29;18191;31;5.95;0;677.0
CLI-1794;CRE-1794;Strasbourg;Habitat;2020-11-10;292472;298;3.48;1;1829.62
CLI-1795;CRE-1795;Strasbourg;Consommation;2019-05-18;20367;50;6.37;1;515.45
CLI-1796;CRE-1796;Epinal;Habitat;2022-07-16;327702;278;3.3;0;2079.96
CLI-1797;CRE-1797;Colmar;Habitat;2019-02-10;437752;267;3.4;1;2879.82
CLI-1798;CRE-1798;Epinal;Habitat;2019-04-17;265912;288;3.86;1;1778.66
CLI-1799;CRE-1799;Epinal;Habitat;2020-01-31;279824;228;3.43;1;2027.13
CLI-1800;CRE-1800;Mulhouse;Consommation;2020-10-01;18232;20;6.28;1;1007.01
CLI-1801;CRE-1801;Colmar;Auto;2022-11-12;27394;60;4.88;1;567.97
CLI-1802;CRE-1802;Epinal;Auto;2021-06-11;26780;60;5.68;1;573.09
CLI-1803;CRE-1803;Strasbourg;Habitat;2022-01-13;404998;279;3.75;1;2717.22
CLI-1804;CRE-1804;Epinal;Habitat;2019-04-26;430031;291;3.35;1;2678.27
CLI-1805;CRE-1805;Epinal;Consommation;2020-11-18;17943;45;7.06;0;504.3
CLI-1806;CRE-1806;Colmar;Consommation;2022-04-10;11188;38;6.83;1;358.1
CLI-1807;CRE-1807;Epinal;Habitat;2019-07-08;172495;231;3.42;1;1238.34
CLI-1808;CRE-1808;Colmar;Consommation;2019-05-16;5492;33;6.38;1;195.62
CLI-1809;CRE-1809;Strasbourg;Habitat;2021-02-05;278302;221;4.01;1;2189.28
CLI-1810;CRE-1810;Strasbourg;Habitat;2022-10-26;178998;295;4.18;0;1230.28
CLI-1811;CRE-1811;Epinal;Habitat;2022-05-23;445079;197;3.43;1;3531.47
CLI-1812;CRE-1812;Epinal;Auto;2020-02-11;33046;63;5.14;1;666.09
CLI-1813;CRE-1813;Epinal;Habitat;2019-11-06;312349;273;3.48;0;2049.95
CLI-1814;CRE-1814;Epinal;Consommation;2019-09-01;16273;44;5.5;1;444.43
CLI-1815;CRE-1815;Colmar;Habitat;2020-03-20;227921;259;4.11;1;1660.63
CLI-1816;CRE-1816;Strasbourg;Habitat;2021-12-31;192638;289;3.76;1;1270.17
CLI-1817;CRE-1817;Mulhouse;Auto;2019-06-13;33852;82;5.05;1;555.29
CLI-1818;CRE-1818;Epinal;Consommation;2020-03-14;7823;57;6.42;1;179.1
CLI-1819;CRE-1819;Epinal;Habitat;2019-08-10;153391;288;3.61;1;994.06
CLI-1820;CRE-1820;Colmar;Consommation;2020-04-10;24085;46;5.99;1;643.81
CLI-1821;CRE-1821;Colmar;Habitat;2021-01-02;256948;245;3.87;1;1877.42
CLI-1822;CRE-1822;Strasbourg;Consommation;2020-01-21;20872;34;7.19;1;738.94
CLI-1823;CRE-1823;Mulhouse;Consommation;2019-11-19;15231;57;6.49;0;349.58
CLI-1824;CRE-1824;Epinal;Consommation;2021-12-11;12320;58;5.72;1;271.14
CLI-1825;CRE-1825;Epinal;Consommation;2021-07-31;5837;24;6.97;0;277.11
CLI-1826;CRE-1826;Strasbourg;Auto;2021-06-13;40983;57;5.87;1;919.48
CLI-1827;CRE-1827;Mulhouse;Habitat;2021-04-23;389648;246;3.73;1;2795.09
CLI-1828;CRE-1828;Mulhouse;Habitat;2022-01-06;177965;262;4.06;1;1281.37
CLI-1829;CRE-1829;Strasbourg;Consommation;2020-07-26;11231;54;6.49;0;268.72
CLI-1830;CRE-1830;Mulhouse;Auto;2020-08-08;19471;60;4.95;1;404.83
CLI-1831;CRE-1831;Mulhouse;Auto;2019-02-08;30599;49;5.64;1;768.28
CLI-1832;CRE-1832;Strasbourg;Auto;2022-05-31;20649;77;5.05;1;355.07
CLI-1833;CRE-1833;Colmar;Habitat;2020-10-21;300658;281;3.32;0;1901.78
CLI-1834;CRE-1834;Strasbourg;Habitat;2020-06-16;447804;291;3.88;1;2986.74
CLI-1835;CRE-1835;Strasbourg;Habitat;2019-06-03;365434;221;3.79;0;2807.71
CLI-1836;CRE-1836;Colmar;Habitat;2022-08-13;361956;224;4.07;1;2843.51
CLI-1837;CRE-1837;Mulhouse;Habitat;2021-02-19;173432;192;3.65;1;1430.81
CLI-1838;CRE-1838;Epinal;Consommation;2022-08-08;15283;26;6.74;1;673.65
CLI-1839;CRE-1839;Epinal;Consommation;2021-09-17;12664;45;5.88;1;343.48
CLI-1840;CRE-1840;Mulhouse;Auto;2019-12-07;44653;79;5.83;1;782.17
CLI-1841;CRE-1841;Strasbourg;Habitat;2021-08-01;391719;298;3.63;0;2499.44
CLI-1842;CRE-1842;Mulhouse;Consommation;2021-03-06;21708;16;5.93;1;1464.02
CLI-1843;CRE-1843;Mulhouse;Consommation;2021-12-25;11567;41;6.14;1;341.31
CLI-1844;CRE-1844;Strasbourg;Habitat;2021-02-24;204464;265;3.95;1;1444.59
CLI-1845;CRE-1845;Colmar;Consommation;2019-11-21;11700;17;6.5;1;751.61
CLI-1846;CRE-1846;Strasbourg;Habitat;2019-02-21;248288;218;3.88;1;1941.73
CLI-1847;CRE-1847;Epinal;Habitat;2020-09-29;293089;199;4.09;0;2471.75
CLI-1848;CRE-1848;Epinal;Auto;2019-07-17;22447;68;5.58;1;434.48
CLI-1849;CRE-1849;Mulhouse;Consommation;2022-11-21;24225;55;5.94;0;560.37
CLI-1850;CRE-1850;Mulhouse;Habitat;2022-10-08;366119;237;3.14;0;2502.82
CLI-1851;CRE-1851;Mulhouse;Habitat;2021-05-04;348238;185;3.24;1;2822.61
CLI-1852;CRE-1852;Mulhouse;Consommation;2022-03-27;10291;33;6.64;1;368.79
CLI-1853;CRE-1853;Epinal;Habitat;2020-10-20;190859;257;3.5;1;1299.31
CLI-1854;CRE-1854;Mulhouse;Habitat;2020-08-15;238498;288;3.76;1;1575.41
CLI-1855;CRE-1855;Colmar;Consommation;2022-08-10;11053;37;5.82;1;352.34
CLI-1856;CRE-1856;Strasbourg;Habitat;2022-01-27;240356;189;3.75;1;2022.84
CLI-1857;CRE-1857;Mulhouse;Habitat;2022-06-09;252383;203;4.09;0;2103.47
CLI-1858;CRE-1858;Colmar;Consommation;2021-09-14;9178;44;7.15;1;263.28
CLI-1859;CRE-1859;Epinal;Auto;2021-10-09;30896;80;4.8;0;509.78
CLI-1860;CRE-1860;Epinal;Consommation;2019-11-25;13181;18;6.13;1;799.61
CLI-1861;CRE-1861;Colmar;Habitat;2020-12-20;353673;267;3.33;1;2306.06
CLI-1862;CRE-1862;Mulhouse;Habitat;2020-04-19;352176;183;3.76;1;3027.94
CLI-1863;CRE-1863;Strasbourg;Consommation;2020-03-31;10856;16;5.64;0;729.52
CLI-1864;CRE-1864;Mulhouse;Habitat;2020-04-14;152297;200;3.82;0;1246.3
CLI-1865;CRE-1865;Strasbourg;Habitat;2019-10-20;156405;244;4.03;0;1166.26
CLI-1866;CRE-1866;Colmar;Consommation;2021-05-15;20503;44;6.48;0;576.69
CLI-1867;CRE-1867;Epinal;Consommation;2022-10-30;19249;15;7.07;1;1396.68
CLI-1868;CRE-1868;Epinal;Consommation;2019-03-14;9186;57;6.54;1;211.22
CLI-1869;CRE-1869;Colmar;Consommation;2020-07-03;6282;47;7.04;0;170.51
CLI-1870;CRE-1870;Epinal;Consommation;2019-06-26;21541;33;7.05;1;779.31
CLI-1871;CRE-1871;Mulhouse;Habitat;2022-07-03;447318;252;3.64;0;3131.94
CLI-1872;CRE-1872;Epinal;Habitat;2020-08-15;230682;275;3.97;0;1602.02
CLI-1873;CRE-1873;Mulhouse;Habitat;2019-04-29;218081;280;3.64;1;1440.37
CLI-1874;CRE-1874;Epinal;Habitat;2019-09-16;410642;252;3.24;0;2738.27
CLI-1875;CRE-1875;Mulhouse;Consommation;2022-02-11;17108;57;6.38;1;391.1
CLI-1876;CRE-1876;Epinal;Auto;2019-05-07;40563;42;5.0;1;1134.8
CLI-1877;CRE-1877;Strasbourg;Consommation;2019-10-07;24595;19;6.53;1;1428.31
CLI-1878;CRE-1878;Colmar;Auto;2021-03-13;38593;68;5.92;0;757.94
CLI-1879;CRE-1879;Strasbourg;Habitat;2019-07-24;409683;260;3.47;1;2760.37
CLI-1880;CRE-1880;Strasbourg;Consommation;2019-04-18;12765;27;7.12;1;548.52
CLI-1881;CRE-1881;Epinal;Consommation;2020-05-12;11741;49;6.23;1;300.57
CLI-1882;CRE-1882;Colmar;Consommation;2022-05-17;16426;50;5.91;1;409.42
CLI-1883;CRE-1883;Strasbourg;Consommation;2021-12-25;22289;14;5.52;0;1694.6
CLI-1884;CRE-1884;Colmar;Habitat;2021-02-23;221332;232;3.35;1;1571.9
CLI-1885;CRE-1885;Strasbourg;Consommation;2021-03-12;8234;56;5.9;1;187.52
CLI-1886;CRE-1886;Mulhouse;Habitat;2022-07-30;260991;223;3.66;1;1966.39
CLI-1887;CRE-1887;Strasbourg;Habitat;2021-07-19;391664;233;3.77;1;2911.44
CLI-1888;CRE-1888;Colmar;Consommation;2022-06-28;10178;13;7.11;0;843.23
CLI-1889;CRE-1889;Strasbourg;Habitat;2022-02-15;389895;199;3.85;1;3210.18
CLI-1890;CRE-1890;Epinal;Consommation;2019-05-09;20613;50;7.43;1;539.89
CLI-1891;CRE-1891;Colmar;Habitat;2022-04-04;185699;211;4.2;1;1530.04
CLI-1892;CRE-1892;Epinal;Consommation;2021-09-22;22121;16;6.89;1;1509.57
CLI-1893;CRE-1893;Strasbourg;Consommation;2020-09-21;23956;40;6.74;1;733.45
CLI-1894;CRE-1894;Colmar;Auto;2020-06-13;18537;62;5.6;1;385.49
CLI-1895;CRE-1895;Strasbourg;Habitat;2019-09-03;416276;271;3.26;1;2666.96
CLI-1896;CRE-1896;Colmar;Habitat;2021-02-11;419210;187;3.36;1;3415.55
CLI-1897;CRE-1897;Colmar;Consommation;2022-01-03;17205;22;6.76;0;878.97
CLI-1898;CRE-1898;Colmar;Habitat;2022-05-11;244720;267;3.67;0;1664.99
CLI-1899;CRE-1899;Mulhouse;Consommation;2020-09-15;16013;27;7.07;1;687.42
CLI-1900;CRE-1900;Colmar;Habitat;2021-04-10;196092;188;3.97;1;1691.78
CLI-1901;CRE-1901;Colmar;Consommation;2019-03-05;23667;20;5.59;0;1293.6
CLI-1902;CRE-1902;Mulhouse;Auto;2022-01-01;25356;46;5.66;1;670.81
CLI-1903;CRE-1903;Epinal;Consommation;2019-06-13;24070;29;5.6;1;942.33
CLI-1904;CRE-1904;Mulhouse;Consommation;2022-04-27;17232;54;6.81;1;416.9
CLI-1905;CRE-1905;Epinal;Auto;2021-02-03;19353;45;4.82;0;507.8
CLI-1906;CRE-1906;Mulhouse;Auto;2019-10-04;35720;55;5.66;1;817.93
CLI-1907;CRE-1907;Strasbourg;Habitat;2022-04-07;270612;220;3.26;0;1965.22
CLI-1908;CRE-1908;Strasbourg;Habitat;2019-09-23;405023;279;3.45;1;2616.14
CLI-1909;CRE-1909;Epinal;Consommation;2020-01-31;8949;12;7.22;0;799.59
CLI-1910;CRE-1910;Epinal;Habitat;2021-10-27;155285;253;3.58;0;1077.04
CLI-1911;CRE-1911;Colmar;Consommation;2022-08-19;19579;26;5.57;0;843.92
CLI-1912;CRE-1912;Strasbourg;Habitat;2020-12-07;324703;254;3.95;1;2347.17
CLI-1913;CRE-1913;Colmar;Habitat;2021-01-09;429656;248;3.17;1;2867.49
CLI-1914;CRE-1914;Mulhouse;Auto;2020-02-04;27416;48;5.93;1;706.65
CLI-1915;CRE-1915;Strasbourg;Habitat;2019-03-02;297177;206;3.94;1;2418.34
CLI-1916;CRE-1916;Epinal;Habitat;2019-10-19;209541;288;3.79;1;1389.37
CLI-1917;CRE-1917;Strasbourg;Consommation;2021-06-03;24358;45;5.64;0;655.77
CLI-1918;CRE-1918;Colmar;Consommation;2020-02-08;20703;59;7.21;0;475.29
CLI-1919;CRE-1919;Strasbourg;Consommation;2019-02-07;19682;45;5.48;1;527.26
CLI-1920;CRE-1920;Colmar;Auto;2021-01-26;33237;48;5.81;1;853.36
CLI-1921;CRE-1921;Mulhouse;Consommation;2022-01-20;22308;23;6.08;1;1082.94
CLI-1922;CRE-1922;Epinal;Habitat;2022-11-05;248598;197;3.66;1;2020.14
CLI-1923;CRE-1923;Colmar;Habitat;2019-08-07;327161;278;3.47;0;2122.88
CLI-1924;CRE-1924;Epinal;Habitat;2020-06-01;353444;238;3.94;1;2645.53
CLI-1925;CRE-1925;Strasbourg;Habitat;2021-09-29;336210;185;3.85;1;2896.03
CLI-1926;CRE-1926;Epinal;Auto;2020-04-06;35342;75;5.87;1;644.11
CLI-1927;CRE-1927;Mulhouse;Habitat;2020-03-20;249024;243;3.85;1;1823.74
CLI-1928;CRE-1928;Colmar;Habitat;2021-03-31;191577;233;3.78;1;1425.69
CLI-1929;CRE-1929;Epinal;Habitat;2021-05-23;396939;240;3.67;0;2867.88
CLI-1930;CRE-1930;Colmar;Consommation;2019-04-11;9280;21;6.81;1;494.57
CLI-1931;CRE-1931;Epinal;Consommation;2022-08-23;5151;21;5.87;0;270.48
CLI-1932;CRE-1932;Strasbourg;Auto;2022-11-09;30374;79;5.1;0;513.57
CLI-1933;CRE-1933;Strasbourg;Habitat;2019-04-11;393466;275;3.38;1;2539.05
CLI-1934;CRE-1934;Strasbourg;Habitat;2022-09-29;311095;292;4.08;1;2123.12
CLI-1935;CRE-1935;Colmar;Consommation;2020-06-22;16453;49;7.11;1;433.26
CLI-1936;CRE-1936;Epinal;Habitat;2022-05-11;213230;288;4.21;1;1488.46
CLI-1937;CRE-1937;Colmar;Consommation;2020-05-19;11391;17;5.52;1;722.46
CLI-1938;CRE-1938;Strasbourg;Consommation;2020-04-02;20673;57;5.7;0;460.88
CLI-1939;CRE-1939;Strasbourg;Auto;2021-09-21;15157;43;5.02;1;415.9
CLI-1940;CRE-1940;Epinal;Auto;2019-05-15;25623;71;5.04;1;468.5
CLI-1941;CRE-1941;Colmar;Consommation;2022-11-19;9011;42;7.29;0;269.29
CLI-1942;CRE-1942;Epinal;Auto;2022-08-23;33494;59;5.15;0;711.44
CLI-1943;CRE-1943;Colmar;Habitat;2019-09-10;226514;207;4.03;1;1854.98
CLI-1944;CRE-1944;Strasbourg;Habitat;2022-10-24;366672;213;3.17;1;2690.09
CLI-1945;CRE-1945;Mulhouse;Auto;2021-05-31;35345;49;5.82;0;892.75
CLI-1946;CRE-1946;Epinal;Consommation;2022-07-18;21052;18;7.22;0;1296.22
CLI-1947;CRE-1947;Strasbourg;Habitat;2022-10-04;396772;277;3.57;0;2612.79
CLI-1948;CRE-1948;Strasbourg;Consommation;2020-10-28;8706;35;6.14;1;293.29
CLI-1949;CRE-1949;Mulhouse;Consommation;2019-08-10;15602;58;6.77;1;357.02
CLI-1950;CRE-1950;Epinal;Auto;2019-08-29;43581;72;4.95;0;785.06
CLI-1951;CRE-1951;Colmar;Consommation;2021-04-16;19200;50;5.98;1;479.68
CLI-1952;CRE-1952;Epinal;Habitat;2022-01-27;339498;207;3.31;1;2576.54
CLI-1953;CRE-1953;Epinal;Consommation;2019-10-20;19367;46;7.16;1;536.58
CLI-1954;CRE-1954;Epinal;Habitat;2021-08-31;353237;201;3.31;1;2731.74
CLI-1955;CRE-1955;Epinal;Habitat;2019-02-02;230873;199;4.19;0;1966.3
CLI-1956;CRE-1956;Colmar;Habitat;2022-07-13;293869;210;3.63;1;2288.33
CLI-1957;CRE-1957;Strasbourg;Habitat;2021-01-09;273624;229;4.18;1;2147.99
CLI-1958;CRE-1958;Strasbourg;Consommation;2019-12-11;13347;37;6.2;0;429.69
CLI-1959;CRE-1959;Mulhouse;Auto;2021-05-13;27367;47;5.72;1;712.73
CLI-1960;CRE-1960;Strasbourg;Consommation;2022-02-22;8365;42;7.13;1;248.87
CLI-1961;CRE-1961;Epinal;Habitat;2021-09-02;349248;267;3.46;1;2315.04
CLI-1962;CRE-1962;Colmar;Habitat;2022-06-20;163986;255;4.1;1;1203.37
CLI-1963;CRE-1963;Epinal;Consommation;2019-07-26;13369;42;7.12;1;397.63
CLI-1964;CRE-1964;Colmar;Habitat;2021-06-05;306837;235;3.62;1;2231.31
CLI-1965;CRE-1965;Strasbourg;Habitat;2021-07-30;413600;282;3.04;1;2514.45
CLI-1966;CRE-1966;Mulhouse;Consommation;2019-09-27;20929;37;7.35;0;693.84
CLI-1967;CRE-1967;Colmar;Habitat;2022-02-24;415642;209;3.04;0;3041.68
CLI-1968;CRE-1968;Mulhouse;Habitat;2022-01-16;337186;215;4.12;1;2725.98
CLI-1969;CRE-1969;Epinal;Habitat;2021-02-04;165487;237;3.69;1;1207.13
CLI-1970;CRE-1970;Mulhouse;Habitat;2022-10-12;315570;288;3.45;1;2002.99
CLI-1971;CRE-1971;Strasbourg;Habitat;2021-12-12;212319;196;3.68;1;1734.37
CLI-1972;CRE-1972;Colmar;Consommation;2022-06-12;5448;31;6.07;0;203.3
CLI-1973;CRE-1973;Epinal;Consommation;2020-11-27;9257;54;5.58;1;214.47
CLI-1974;CRE-1974;Colmar;Habitat;2019-06-03;165303;272;3.91;1;1146.34
CLI-1975;CRE-1975;Epinal;Consommation;2022-02-02;21998;16;7.22;0;1507.23
CLI-1976;CRE-1976;Mulhouse;Consommation;2020-09-12;14754;30;5.87;1;563.97
CLI-1977;CRE-1977;Colmar;Consommation;2019-08-31;20713;27;6.38;1;877.27
CLI-1978;CRE-1978;Mulhouse;Consommation;2022-02-20;22251;31;6.7;1;842.01
CLI-1979;CRE-1979;Colmar;Auto;2022-01-14;25682;78;5.82;1;453.81
CLI-1980;CRE-1980;Epinal;Consommation;2022-05-06;21844;29;7.32;1;886.49
CLI-1981;CRE-1981;Colmar;Habitat;2021-08-23;286234;180;3.19;1;2351.09
CLI-1982;CRE-1982;Strasbourg;Habitat;2021-11-04;294463;280;3.96;1;2023.38
CLI-1983;CRE-1983;Epinal;Auto;2019-10-13;44821;77;5.26;0;778.56
CLI-1984;CRE-1984;Mulhouse;Auto;2021-04-08;31738;67;5.66;0;623.4
CLI-1985;CRE-1985;Mulhouse;Habitat;2021-02-11;415799;282;3.58;1;2714.93
CLI-1986;CRE-1986;Strasbourg;Habitat;2020-02-18;422383;276;3.62;1;2804.56
CLI-1987;CRE-1987;Colmar;Habitat;2022-08-13;286970;275;3.68;0;1923.57
CLI-1988;CRE-1988;Colmar;Auto;2020-10-14;41276;64;5.67;1;839.97
CLI-1989;CRE-1989;Strasbourg;Habitat;2020-08-29;411177;254;3.94;1;2968.84
CLI-1990;CRE-1990;Colmar;Habitat;2020-08-17;194021;234;3.79;1;1441.93
CLI-1991;CRE-1991;Strasbourg;Habitat;2020-07-07;203694;233;3.58;1;1481.91
CLI-1992;CRE-1992;Colmar;Habitat;2019-09-03;261843;216;3.86;1;2054.5
CLI-1993;CRE-1993;Strasbourg;Habitat;2021-08-02;278863;181;4.16;1;2507.4
CLI-1994;CRE-1994;Strasbourg;Auto;2020-10-06;20995;55;5.49;1;477.78
CLI-1995;CRE-1995;Strasbourg;Auto;2019-04-22;16754;40;5.71;1;498.57
CLI-1996;CRE-1996;Strasbourg;Auto;2020-05-15;37192;52;5.17;1;875.47
CLI-1997;CRE-1997;Colmar;Auto;2022-11-21;42003;77;5.24;1;728.91
CLI-1998;CRE-1998;Colmar;Consommation;2019-08-19;13498;56;6.38;0;312.8
CLI-1999;CRE-1999;Colmar;Habitat;2022-10-30;262496;195;3.32;1;2072.37
CLI-2000;CRE-2000;Epinal;Auto;2020-04-16;27240;63;4.92;0;544.06
CLI-2001;CRE-2001;Colmar;Habitat;2019-12-10;267643;210;3.5;1;2055.12
CLI-2002;CRE-2002;Colmar;Habitat;2021-10-22;428396;274;3.91;1;2959.35
CLI-2003;CRE-2003;Mulhouse;Habitat;2020-07-03;337559;268;3.39;1;2213.15
CLI-2004;CRE-2004;Epinal;Auto;2020-07-06;29338;83;5.91;0;497.96
CLI-2005;CRE-2005;Epinal;Consommation;2019-04-22;6980;56;7.28;0;166.99
CLI-2006;CRE-2006;Colmar;Consommation;2022-06-19;6202;27;5.73;0;259.32
CLI-2007;CRE-2007;Mulhouse;Habitat;2020-10-25;178605;276;4.14;1;1263.31
CLI-2008;CRE-2008;Colmar;Habitat;2020-12-05;268536;187;3.66;1;2255.06
CLI-2009;CRE-2009;Strasbourg;Auto;2022-05-15;27766;56;5.51;1;623.31
CLI-2010;CRE-2010;Colmar;Habitat;2019-03-21;277894;254;4.17;0;2059.75
CLI-2011;CRE-2011;Mulhouse;Habitat;2021-03-15;160145;206;3.45;1;1237.82
CLI-2012;CRE-2012;Mulhouse;Consommation;2021-04-29;18955;41;7.34;1;578.26
CLI-2013;CRE-2013;Epinal;Habitat;2021-08-26;266709;256;3.58;1;1837.51
CLI-2014;CRE-2014;Epinal;Auto;2022-02-22;43959;63;5.79;0;909.86
CLI-2015;CRE-2015;Colmar;Consommation;2021-05-23;21640;12;6.99;0;1929.39
CLI-2016;CRE-2016;Colmar;Habitat;2021-08-01;396092;214;3.3;1;2940.15
CLI-2017;CRE-2017;Epinal;Consommation;2020-01-08;7926;28;5.87;0;321.84
CLI-2018;CRE-2018;Colmar;Habitat;2021-04-26;375897;186;3.57;1;3139.25
CLI-2019;CRE-2019;Colmar;Consommation;2021-12-31;6637;41;6.84;1;199.71
CLI-2020;CRE-2020;Colmar;Consommation;2020-12-01;14895;34;5.97;1;512.19
CLI-2021;CRE-2021;Strasbourg;Habitat;2020-02-29;400649;260;3.74;0;2789.65
CLI-2022;CRE-2022;Mulhouse;Consommation;2022-08-02;20707;22;5.92;1;1043.38
CLI-2023;CRE-2023;Strasbourg;Habitat;2020-02-28;373371;249;3.38;1;2551.14
CLI-2024;CRE-2024;Epinal;Auto;2022-03-28;42895;61;5.08;0;884.79
CLI-2025;CRE-2025;Strasbourg;Habitat;2019-03-21;225641;225;4.03;1;1760.63
CLI-2026;CRE-2026;Epinal;Consommation;2022-05-06;7421;16;5.75;0;499.37
CLI-2027;CRE-2027;Mulhouse;Habitat;2020-07-01;359482;277;3.25;1;2271.37
CLI-2028;CRE-2028;Colmar;Habitat;2020-05-15;293490;211;4.05;1;2381.48
CLI-2029;CRE-2029;Mulhouse;Consommation;2022-06-08;21281;34;7.27;0;754.84
CLI-2030;CRE-2030;Epinal;Consommation;2019-05-19;24840;16;7.15;1;1700.51
CLI-2031;CRE-2031;Colmar;Auto;2020-09-28;18690;56;5.54;1;420.04
CLI-2032;CRE-2032;Epinal;Auto;2021-06-26;40075;79;5.28;1;683.61
CLI-2033;CRE-2033;Colmar;Consommation;2020-08-19;18191;29;5.7;0;713.68
CLI-2034;CRE-2034;Epinal;Habitat;2019-07-26;293727;251;3.55;0;2039.17
CLI-2035;CRE-2035;Strasbourg;Habitat;2020-05-29;223547;236;3.77;1;1649.54
CLI-2036;CRE-2036;Epinal;Habitat;2021-02-06;297417;180;3.96;1;2633.79
CLI-2037;CRE-2037;Epinal;Auto;2021-09-18;34846;55;5.47;0;792.4
CLI-2038;CRE-2038;Epinal;Habitat;2022-04-02;278545;244;4.11;0;2095.59
CLI-2039;CRE-2039;Epinal;Auto;2021-05-17;18133;40;5.4;0;534.92
CLI-2040;CRE-2040;Strasbourg;Habitat;2019-09-14;317078;224;3.71;1;2395.83
CLI-2041;CRE-2041;Mulhouse;Habitat;2020-03-04;410787;187;3.23;0;3302.42
CLI-2042;CRE-2042;Colmar;Habitat;2019-08-07;383503;258;3.92;1;2739.22
CLI-2043;CRE-2043;Mulhouse;Habitat;2019-09-25;288590;237;3.38;1;2030.54
CLI-2044;CRE-2044;Colmar;Habitat;2022-10-31;404858;205;3.69;0;3219.86
CLI-2045;CRE-2045;Mulhouse;Habitat;2021-06-16;291978;253;3.78;0;2073.79
CLI-2046;CRE-2046;Colmar;Consommation;2019-08-31;20975;40;6.02;1;629.6
CLI-2047;CRE-2047;Epinal;Consommation;2021-06-15;12607;25;5.93;1;566.58
CLI-2048;CRE-2048;Strasbourg;Habitat;2020-02-23;260298;205;3.96;0;2128.73
CLI-2049;CRE-2049;Colmar;Auto;2020-01-02;16706;39;5.03;0;498.38
CLI-2050;CRE-2050;Colmar;Habitat;2022-02-04;192051;285;4.21;1;1347.64
CLI-2051;CRE-2051;Strasbourg;Habitat;2019-06-11;277463;234;4.12;1;2138.36
CLI-2052;CRE-2052;Epinal;Habitat;2021-09-05;291670;182;3.35;1;2416.83
CLI-2053;CRE-2053;Strasbourg;Habitat;2019-10-26;348962;196;3.64;1;2838.94
CLI-2054;CRE-2054;Epinal;Consommation;2019-05-10;11900;47;6.64;0;319.04
CLI-2055;CRE-2055;Strasbourg;Consommation;2020-11-25;21750;42;6.58;1;637.12
CLI-2056;CRE-2056;Strasbourg;Habitat;2021-02-19;175369;196;3.33;0;1381.39
CLI-2057;CRE-2057;Strasbourg;Auto;2022-08-10;20917;47;4.83;1;529.23
CLI-2058;CRE-2058;Colmar;Auto;2021-04-27;40680;79;5.08;1;687.15
CLI-2059;CRE-2059;Epinal;Habitat;2022-09-25;262430;211;3.67;1;2046.34
CLI-2060;CRE-2060;Epinal;Habitat;2019-09-28;281243;231;4.0;1;2154.98
CLI-2061;CRE-2061;Colmar;Auto;2019-08-15;28095;72;4.8;0;502.59
CLI-2062;CRE-2062;Colmar;Habitat;2020-07-04;385488;188;3.87;1;3293.67
CLI-2063;CRE-2063;Mulhouse;Habitat;2020-03-31;422392;225;3.04;0;2947.36
CLI-2064;CRE-2064;Mulhouse;Habitat;2022-06-18;198174;233;3.45;1;1420.28
CLI-2065;CRE-2065;Strasbourg;Consommation;2019-06-30;17024;23;7.43;1;845.58
CLI-2066;CRE-2066;Epinal;Habitat;2022-06-14;161335;233;3.76;0;1197.94
CLI-2067;CRE-2067;Epinal;Auto;2021-06-19;24499;37;5.0;1;764.21
CLI-2068;CRE-2068;Strasbourg;Consommation;2021-11-14;9209;22;5.52;1;460.95
CLI-2069;CRE-2069;Colmar;Habitat;2019-05-26;317529;194;3.18;1;2478.2
CLI-2070;CRE-2070;Colmar;Habitat;2022-08-01;386160;217;3.28;1;2835.04
CLI-2071;CRE-2071;Colmar;Habitat;2020-10-08;432134;231;3.23;1;3033.87
CLI-2072;CRE-2072;Strasbourg;Consommation;2021-06-08;24115;18;7.27;0;1485.82
CLI-2073;CRE-2073;Epinal;Auto;2021-09-10;42917;72;5.16;1;780.61
CLI-2074;CRE-2074;Strasbourg;Consommation;2022-02-23;19309;21;6.73;0;1027.77
CLI-2075;CRE-2075;Strasbourg;Habitat;2020-04-22;210511;247;3.81;1;1520.64
CLI-2076;CRE-2076;Strasbourg;Habitat;2021-04-25;180724;198;3.42;0;1427.81
CLI-2077;CRE-2077;Strasbourg;Habitat;2021-03-01;328708;255;4.1;1;2412.14
CLI-2078;CRE-2078;Strasbourg;Consommation;2019-03-09;13511;22;5.93;1;680.9
CLI-2079;CRE-2079;Mulhouse;Habitat;2021-02-11;360105;268;3.19;1;2300.95
CLI-2080;CRE-2080;Colmar;Habitat;2019-05-03;256293;228;3.74;1;1922.87
CLI-2081;CRE-2081;Epinal;Consommation;2020-01-22;8865;18;5.53;1;533.35
CLI-2082;CRE-2082;Mulhouse;Consommation;2019-09-04;6592;53;6.13;1;158.05
CLI-2083;CRE-2083;Colmar;Consommation;2019-10-24;23392;14;6.43;1;1796.2
CLI-2084;CRE-2084;Mulhouse;Habitat;2022-01-27;165565;187;3.49;1;1366.89
CLI-2085;CRE-2085;Strasbourg;Habitat;2022-11-06;162440;238;3.33;0;1133.29
CLI-2086;CRE-2086;Mulhouse;Consommation;2022-05-02;22637;57;6.36;1;517.12
CLI-2087;CRE-2087;Mulhouse;Habitat;2021-04-18;347507;204;3.35;1;2673.59
CLI-2088;CRE-2088;Epinal;Consommation;2022-05-18;18651;54;6.67;1;449.06
CLI-2089;CRE-2089;Colmar;Habitat;2021-11-28;300798;265;3.92;0;2117.69
CLI-2090;CRE-2090;Colmar;Habitat;2019-06-05;207840;213;4.06;1;1678.97
CLI-2091;CRE-2091;Colmar;Consommation;2020-05-25;20553;54;5.86;1;480.98
CLI-2092;CRE-2092;Colmar;Habitat;2019-05-19;321315;238;3.71;1;2343.46
CLI-2093;CRE-2093;Epinal;Habitat;2019-02-06;446345;239;3.59;1;3202.87
CLI-2094;CRE-2094;Colmar;Habitat;2019-11-05;398239;285;3.88;0;2684.97
CLI-2095;CRE-2095;Colmar;Habitat;2021-04-10;261050;280;3.69;1;1735.05
CLI-2096;CRE-2096;Colmar;Habitat;2020-06-24;438240;256;3.49;1;2986.42
CLI-2097;CRE-2097;Mulhouse;Consommation;2019-05-02;13896;33;6.96;1;501.69
CLI-2098;CRE-2098;Strasbourg;Auto;2020-12-21;34134;51;5.24;1;818.35
CLI-2099;CRE-2099;Mulhouse;Habitat;2020-01-19;432483;258;3.03;1;2768.31
CLI-2100;CRE-2100;Epinal;Habitat;2020-03-02;312358;248;4.08;0;2321.53
CLI-2101;CRE-2101;Mulhouse;Consommation;2021-06-03;9971;29;5.61;1;390.44
CLI-2102;CRE-2102;Epinal;Habitat;2022-09-13;342575;246;3.41;1;2366.07
CLI-2103;CRE-2103;Colmar;Auto;2022-06-23;19742;58;5.54;1;431.52
CLI-2104;CRE-2104;Epinal;Auto;2021-04-15;26189;75;5.38;0;466.6
CLI-2105;CRE-2105;Strasbourg;Habitat;2019-12-08;320378;269;3.79;1;2202.86
CLI-2106;CRE-2106;Mulhouse;Consommation;2019-07-02;24489;22;5.52;1;1225.79
CLI-2107;CRE-2107;Mulhouse;Habitat;2022-11-17;179075;281;3.98;1;1231.21
CLI-2108;CRE-2108;Epinal;Habitat;2020-03-17;276704;270;4.02;1;1951.79
CLI-2109;CRE-2109;Colmar;Consommation;2020-07-30;14052;42;6.37;0;409.16
CLI-2110;CRE-2110;Mulhouse;Consommation;2020-06-21;9531;18;6.96;1;584.78
CLI-2111;CRE-2111;Colmar;Habitat;2019-02-20;339948;208;3.4;1;2597.55
CLI-2112;CRE-2112;Colmar;Consommation;2021-01-31;16324;13;6.74;0;1347.38
CLI-2113;CRE-2113;Colmar;Habitat;2020-10-20;167020;263;3.42;1;1111.06
CLI-2114;CRE-2114;Epinal;Habitat;2019-02-16;412461;285;3.78;1;2746.48
CLI-2115;CRE-2115;Mulhouse;Auto;2020-12-31;39616;48;5.6;1;1010.21
CLI-2116;CRE-2116;Strasbourg;Habitat;2020-06-19;424802;198;3.15;0;3260.57
CLI-2117;CRE-2117;Strasbourg;Habitat;2021-11-29;203527;211;4.02;0;1646.4
CLI-2118;CRE-2118;Strasbourg;Habitat;2019-06-11;179792;209;3.46;1;1378.65
CLI-2119;CRE-2119;Strasbourg;Consommation;2021-09-08;18300;57;5.67;1;407.52
CLI-2120;CRE-2120;Epinal;Habitat;2020-10-05;180180;196;3.88;1;1501.87
CLI-2121;CRE-2121;Strasbourg;Consommation;2019-04-23;12907;49;7.25;1;341.39
CLI-2122;CRE-2122;Strasbourg;Habitat;2019-11-23;178841;214;3.98;1;1428.86
CLI-2123;CRE-2123;Epinal;Habitat;2021-12-19;178573;208;3.47;1;1374.9
CLI-2124;CRE-2124;Epinal;Habitat;2019-11-16;443171;254;3.43;0;3011.5
CLI-2125;CRE-2125;Strasbourg;Habitat;2020-10-06;188795;236;3.37;0;1330.18
CLI-2126;CRE-2126;Mulhouse;Habitat;2021-12-18;206336;195;3.49;1;1658.23
CLI-2127;CRE-2127;Mulhouse;Consommation;2021-09-25;24220;59;5.89;1;529.39
CLI-2128;CRE-2128;Epinal;Auto;2019-05-21;28471;76;5.74;1;510.8
CLI-2129;CRE-2129;Colmar;Consommation;2022-07-18;21217;28;5.86;0;861.36
CLI-2130;CRE-2130;Epinal;Habitat;2021-09-21;298189;242;3.24;0;2037.3
CLI-2131;CRE-2131;Mulhouse;Auto;2022-08-09;39236;49;5.81;0;990.7
CLI-2132;CRE-2132;Colmar;Habitat;2022-10-13;199597;257;3.88;1;1422.01
CLI-2133;CRE-2133;Mulhouse;Consommation;2021-03-01;11118;22;6.12;1;562.07
CLI-2134;CRE-2134;Mulhouse;Habitat;2021-05-24;156766;228;3.97;1;1206.2
CLI-2135;CRE-2135;Strasbourg;Habitat;2020-03-07;295871;226;3.95;0;2283.07
CLI-2136;CRE-2136;Colmar;Consommation;2021-08-09;13452;51;7.16;0;344.03
CLI-2137;CRE-2137;Strasbourg;Habitat;2020-10-05;366777;287;3.49;1;2344.68
CLI-2138;CRE-2138;Strasbourg;Consommation;2022-02-07;10686;37;5.64;1;339.04
CLI-2139;CRE-2139;Colmar;Auto;2019-12-05;19227;70;5.79;0;367.44
CLI-2140;CRE-2140;Epinal;Habitat;2019-04-07;338436;195;4.11;1;2894.71
CLI-2141;CRE-2141;Epinal;Habitat;2019-03-20;168464;259;3.88;0;1195.14
CLI-2142;CRE-2142;Epinal;Consommation;2021-11-04;21011;19;7.25;1;1232.78
CLI-2143;CRE-2143;Epinal;Consommation;2020-01-18;11169;26;7.2;1;496.59
CLI-2144;CRE-2144;Strasbourg;Habitat;2021-04-08;284049;244;3.86;1;2077.83
CLI-2145;CRE-2145;Colmar;Consommation;2019-11-23;21407;34;5.84;1;733.8
CLI-2146;CRE-2146;Mulhouse;Consommation;2019-12-18;10213;36;5.53;1;330.76
CLI-2147;CRE-2147;Colmar;Consommation;2019-08-30;21059;17;5.62;1;1337.39
CLI-2148;CRE-2148;Strasbourg;Habitat;2019-07-13;257106;194;3.36;1;2045.19
CLI-2149;CRE-2149;Strasbourg;Habitat;2019-04-06;437421;295;3.85;1;2886.18
CLI-2150;CRE-2150;Mulhouse;Habitat;2021-07-02;368184;203;3.71;1;2952.02
CLI-2151;CRE-2151;Strasbourg;Consommation;2022-06-22;8978;48;6.41;0;235.0
CLI-2152;CRE-2152;Strasbourg;Habitat;2019-11-20;240053;261;4.07;0;1733.92
CLI-2153;CRE-2153;Strasbourg;Consommation;2019-12-09;5250;19;5.55;1;300.6
CLI-2154;CRE-2154;Strasbourg;Auto;2020-10-30;36009;69;5.8;1;695.91
CLI-2155;CRE-2155;Mulhouse;Auto;2020-04-25;35402;77;5.63;1;625.86
CLI-2156;CRE-2156;Epinal;Consommation;2022-01-08;10513;57;6.58;0;242.08
CLI-2157;CRE-2157;Epinal;Habitat;2019-02-07;443698;290;3.21;1;2716.89
CLI-2158;CRE-2158;Epinal;Auto;2019-04-05;25888;36;4.85;1;823.74
CLI-2159;CRE-2159;Epinal;Auto;2021-08-04;37159;58;4.83;1;790.24
CLI-2160;CRE-2160;Colmar;Habitat;2019-11-06;225275;235;4.12;1;1732.06
CLI-2161;CRE-2161;Mulhouse;Auto;2019-06-29;44818;54;5.23;0;1025.29
CLI-2162;CRE-2162;Strasbourg;Auto;2021-07-04;40132;81;5.44;1;677.39
CLI-2163;CRE-2163;Epinal;Consommation;2019-12-15;21622;41;5.49;1;626.29
CLI-2164;CRE-2164;Strasbourg;Auto;2022-07-03;44075;54;5.22;1;1007.93
CLI-2165;CRE-2165;Colmar;Habitat;2022-03-29;276858;296;3.77;0;1805.13
CLI-2166;CRE-2166;Colmar;Consommation;2020-07-28;10772;28;6.36;0;441.81
CLI-2167;CRE-2167;Epinal;Consommation;2020-06-01;20930;30;6.47;1;810.51
CLI-2168;CRE-2168;Epinal;Consommation;2021-09-18;13443;55;7.43;0;327.65
CLI-2169;CRE-2169;Mulhouse;Consommation;2021-10-07;13618;55;5.89;1;314.44
CLI-2170;CRE-2170;Colmar;Habitat;2022-11-03;187075;263;3.63;0;1277.21
CLI-2171;CRE-2171;Strasbourg;Habitat;2021-06-19;254577;239;3.99;0;1911.64
CLI-2172;CRE-2172;Epinal;Habitat;2022-04-14;208947;199;4.0;1;1746.47
CLI-2173;CRE-2173;Colmar;Habitat;2022-11-04;256860;245;3.41;1;1778.32
CLI-2174;CRE-2174;Strasbourg;Consommation;2021-12-02;15341;51;6.0;1;377.51
CLI-2175;CRE-2175;Strasbourg;Habitat;2019-11-11;350044;263;3.79;1;2436.52
CLI-2176;CRE-2176;Strasbourg;Consommation;2020-10-10;11498;44;6.29;1;321.59
CLI-2177;CRE-2177;Colmar;Habitat;2022-08-06;383808;227;3.36;1;2765.45
CLI-2178;CRE-2178;Mulhouse;Auto;2020-08-26;27491;74;5.0;1;486.05
CLI-2179;CRE-2179;Mulhouse;Consommation;2019-07-07;12030;18;7.43;1;742.82
CLI-2180;CRE-2180;Colmar;Consommation;2019-03-30;7795;45;6.91;0;218.11
CLI-2181;CRE-2181;Mulhouse;Consommation;2022-07-15;19959;58;7.36;0;466.54
CLI-2182;CRE-2182;Epinal;Auto;2020-02-14;30432;45;5.38;0;812.7
CLI-2183;CRE-2183;Mulhouse;Habitat;2022-07-23;425775;213;4.02;1;3425.29
CLI-2184;CRE-2184;Strasbourg;Auto;2021-06-29;34866;65;5.2;0;687.49
CLI-2185;CRE-2185;Mulhouse;Habitat;2020-06-17;344834;281;3.89;0;2345.0
CLI-2186;CRE-2186;Mulhouse;Consommation;2022-02-07;9657;47;6.23;1;255.6
CLI-2187;CRE-2187;Mulhouse;Habitat;2021-11-01;171366;205;3.35;1;1314.33
CLI-2188;CRE-2188;Colmar;Consommation;2020-11-08;24114;40;6.44;1;732.26
CLI-2189;CRE-2189;Mulhouse;Habitat;2020-02-23;398729;249;3.15;0;2647.98
CLI-2190;CRE-2190;Colmar;Consommation;2022-10-24;9263;39;6.08;1;284.45
CLI-2191;CRE-2191;Epinal;Habitat;2021-01-10;374874;287;3.97;1;2546.39
CLI-2192;CRE-2192;Colmar;Auto;2021-12-13;23290;36;5.36;0;750.97
CLI-2193;CRE-2193;Colmar;Habitat;2021-08-04;320724;193;3.4;0;2570.5
CLI-2194;CRE-2194;Mulhouse;Habitat;2022-06-03;212903;282;3.58;1;1390.14
CLI-2195;CRE-2195;Colmar;Auto;2019-10-17;37919;82;4.97;0;619.47
CLI-2196;CRE-2196;Strasbourg;Habitat;2021-07-23;260959;290;3.5;1;1660.99
CLI-2197;CRE-2197;Colmar;Habitat;2019-07-06;296429;208;4.04;1;2423.12
CLI-2198;CRE-2198;Epinal;Habitat;2020-03-27;279338;277;3.82;1;1897.67
CLI-2199;CRE-2199;Strasbourg;Auto;2019-05-29;40314;71;4.97;1;734.77
CLI-2200;CRE-2200;Epinal;Consommation;2021-05-22;20184;34;7.15;0;713.91
CLI-2201;CRE-2201;Strasbourg;Consommation;2021-09-16;14523;37;6.82;1;475.05
CLI-2202;CRE-2202;Mulhouse;Habitat;2019-05-03;389007;199;3.38;1;3050.51
CLI-2203;CRE-2203;Mulhouse;Auto;2020-10-14;23320;46;5.32;1;610.34
CLI-2204;CRE-2204;Epinal;Consommation;2019-11-07;13474;32;5.86;0;486.86
CLI-2205;CRE-2205;Colmar;Habitat;2021-10-10;341228;184;3.36;0;2809.94
CLI-2206;CRE-2206;Epinal;Habitat;2020-12-22;214299;248;3.56;1;1499.86
CLI-2207;CRE-2207;Epinal;Consommation;2019-04-11;7709;54;6.71;1;185.87
CLI-2208;CRE-2208;Mulhouse;Habitat;2021-08-01;320700;180;3.64;0;2754.46
CLI-2209;CRE-2209;Mulhouse;Habitat;2021-05-03;363375;251;3.25;1;2431.85
CLI-2210;CRE-2210;Mulhouse;Consommation;2022-01-01;11402;22;7.36;1;588.2
CLI-2211;CRE-2211;Colmar;Auto;2020-05-13;28296;60;5.96;1;612.14
CLI-2212;CRE-2212;Mulhouse;Consommation;2020-04-11;22269;29;7.37;0;904.67
CLI-2213;CRE-2213;Mulhouse;Auto;2020-02-07;37579;69;4.8;0;694.94
CLI-2214;CRE-2214;Epinal;Habitat;2020-10-17;378431;220;3.28;1;2754.52
CLI-2215;CRE-2215;Colmar;Habitat;2019-07-21;292238;210;4.04;0;2375.48
CLI-2216;CRE-2216;Epinal;Habitat;2019-07-25;448563;182;3.98;1;3952.37
CLI-2217;CRE-2217;Strasbourg;Auto;2019-12-12;34256;71;4.94;1;623.5
CLI-2218;CRE-2218;Colmar;Habitat;2019-04-26;155948;268;3.83;1;1079.63
CLI-2219;CRE-2219;Mulhouse;Consommation;2021-10-14;8547;17;6.71;0;550.56
CLI-2220;CRE-2220;Mulhouse;Habitat;2020-11-19;394833;279;3.44;1;2547.03
CLI-2221;CRE-2221;Colmar;Auto;2019-03-23;38885;54;4.97;0;881.14
CLI-2222;CRE-2222;Strasbourg;Habitat;2022-05-29;345085;289;3.47;1;2191.94
CLI-2223;CRE-2223;Epinal;Habitat;2021-04-15;154956;216;4.15;0;1253.28
CLI-2224;CRE-2224;Mulhouse;Habitat;2020-02-26;183597;234;3.91;0;1382.82
CLI-2225;CRE-2225;Strasbourg;Habitat;2019-07-04;375549;182;3.46;1;3146.29
CLI-2226;CRE-2226;Colmar;Habitat;2021-12-12;171950;218;4.1;1;1376.26
CLI-2227;CRE-2227;Colmar;Habitat;2021-03-07;394229;247;3.52;1;2752.47
CLI-2228;CRE-2228;Mulhouse;Habitat;2019-11-07;201474;224;3.95;1;1562.62
CLI-2229;CRE-2229;Epinal;Consommation;2019-01-29;23515;26;6.56;1;1032.97
CLI-2230;CRE-2230;Colmar;Consommation;2021-11-26;14782;53;7.19;0;367.47
CLI-2231;CRE-2231;Mulhouse;Habitat;2019-08-01;435474;210;3.18;1;3227.69
CLI-2232;CRE-2232;Mulhouse;Habitat;2020-01-31;315136;255;3.76;1;2223.25
CLI-2233;CRE-2233;Colmar;Auto;2020-02-14;23268;82;5.49;0;390.21
CLI-2234;CRE-2234;Colmar;Habitat;2020-11-11;422645;231;3.56;1;3083.48
CLI-2235;CRE-2235;Strasbourg;Consommation;2019-03-10;23207;38;5.66;1;720.17
CLI-2236;CRE-2236;Epinal;Habitat;2020-07-29;329798;199;3.86;0;2718.13
CLI-2237;CRE-2237;Mulhouse;Habitat;2019-05-29;423867;209;3.94;0;3419.77
CLI-2238;CRE-2238;Mulhouse;Habitat;2019-04-14;409643;222;3.87;0;3166.34
CLI-2239;CRE-2239;Colmar;Habitat;2021-08-01;235625;276;4.19;1;1676.44
CLI-2240;CRE-2240;Epinal;Habitat;2020-10-29;151938;221;4.3;1;1231.95
CLI-2241;CRE-2241;Mulhouse;Auto;2019-09-19;29877;75;4.77;1;517.12
CLI-2242;CRE-2242;Strasbourg;Habitat;2021-12-30;255590;245;4.1;1;1916.49
CLI-2243;CRE-2243;Colmar;Auto;2020-11-28;39193;61;5.5;1;822.14
CLI-2244;CRE-2244;Mulhouse;Habitat;2020-09-19;158099;299;3.49;1;988.56
CLI-2245;CRE-2245;Strasbourg;Habitat;2022-02-27;398640;219;4.05;1;3165.68
CLI-2246;CRE-2246;Mulhouse;Auto;2021-05-09;39991;65;5.67;1;804.2
CLI-2247;CRE-2247;Strasbourg;Habitat;2019-04-29;163035;287;3.7;1;1070.76
CLI-2248;CRE-2248;Epinal;Habitat;2020-03-28;397686;296;3.74;0;2582.99
CLI-2249;CRE-2249;Epinal;Auto;2020-06-13;16651;47;5.67;1;432.95
CLI-2250;CRE-2250;Strasbourg;Consommation;2020-09-18;15196;55;6.53;0;358.98
CLI-2251;CRE-2251;Colmar;Consommation;2022-02-09;13458;38;5.9;0;420.33
CLI-2252;CRE-2252;Strasbourg;Consommation;2019-06-08;24668;24;6.59;1;1163.3
CLI-2253;CRE-2253;Strasbourg;Habitat;2020-07-09;220064;231;3.83;1;1655.03
CLI-2254;CRE-2254;Epinal;Habitat;2019-05-13;325064;208;3.59;0;2535.29
CLI-2255;CRE-2255;Colmar;Habitat;2020-02-18;279785;193;3.5;0;2265.7
CLI-2256;CRE-2256;Colmar;Habitat;2022-10-04;224937;261;3.38;0;1495.4
CLI-2257;CRE-2257;Mulhouse;Habitat;2022-07-12;264909;281;3.79;1;1779.41
CLI-2258;CRE-2258;Colmar;Habitat;2021-09-10;253489;255;3.41;1;1714.41
CLI-2259;CRE-2259;Epinal;Auto;2020-06-11;18853;43;5.63;1;526.89
CLI-2260;CRE-2260;Epinal;Consommation;2020-08-20;10824;36;6.75;0;361.55
CLI-2261;CRE-2261;Mulhouse;Habitat;2021-09-28;303034;219;3.66;1;2307.97
CLI-2262;CRE-2262;Epinal;Habitat;2022-08-29;351384;209;3.39;0;2673.92
CLI-2263;CRE-2263;Strasbourg;Consommation;2019-01-30;17908;52;7.03;1;449.3
CLI-2264;CRE-2264;Epinal;Consommation;2022-10-22;21195;31;5.81;1;786.33
CLI-2265;CRE-2265;Colmar;Auto;2019-12-09;44647;76;4.92;0;770.51
CLI-2266;CRE-2266;Colmar;Auto;2022-05-24;18919;73;4.81;1;335.0
CLI-2267;CRE-2267;Strasbourg;Auto;2019-06-20;22317;70;5.05;0;412.73
CLI-2268;CRE-2268;Mulhouse;Auto;2019-12-29;28719;56;5.25;1;638.48
CLI-2269;CRE-2269;Strasbourg;Habitat;2020-01-06;209678;275;3.83;0;1431.69
CLI-2270;CRE-2270;Colmar;Consommation;2021-03-07;24194;28;6.88;0;1002.78
CLI-2271;CRE-2271;Strasbourg;Habitat;2020-06-10;352170;283;3.25;1;2198.21
CLI-2272;CRE-2272;Colmar;Auto;2019-06-10;28492;43;5.5;1;793.19
CLI-2273;CRE-2273;Strasbourg;Habitat;2021-10-26;231610;229;3.46;0;1679.21
CLI-2274;CRE-2274;Strasbourg;Consommation;2022-03-15;16790;19;5.89;1;966.1
CLI-2275;CRE-2275;Epinal;Consommation;2022-05-15;23112;40;5.49;1;683.54
CLI-2276;CRE-2276;Epinal;Habitat;2020-08-14;367772;199;3.94;0;3055.62
CLI-2277;CRE-2277;Colmar;Consommation;2019-02-19;16761;22;6.69;1;855.31
CLI-2278;CRE-2278;Colmar;Consommation;2020-12-08;19950;51;6.62;1;501.23
CLI-2279;CRE-2279;Colmar;Auto;2021-10-01;34651;57;5.95;0;779.72
CLI-2280;CRE-2280;Strasbourg;Habitat;2020-12-17;449144;293;3.75;1;2936.49
CLI-2281;CRE-2281;Mulhouse;Auto;2019-04-10;30134;61;5.38;1;629.1
CLI-2282;CRE-2282;Mulhouse;Consommation;2021-10-13;17015;58;6.29;1;382.55
CLI-2283;CRE-2283;Mulhouse;Consommation;2021-11-29;7609;27;6.77;0;324.74
CLI-2284;CRE-2284;Epinal;Habitat;2019-11-06;244310;259;3.53;0;1661.96
CLI-2285;CRE-2285;Strasbourg;Habitat;2020-08-24;289794;249;3.28;1;1955.93
CLI-2286;CRE-2286;Mulhouse;Auto;2022-05-13;25055;36;5.35;1;807.68
CLI-2287;CRE-2287;Mulhouse;Habitat;2021-03-18;318876;225;3.36;0;2310.08
CLI-2288;CRE-2288;Colmar;Consommation;2019-04-17;7824;25;6.8;0;357.3
CLI-2289;CRE-2289;Strasbourg;Consommation;2019-08-26;23099;22;7.28;1;1190.09
CLI-2290;CRE-2290;Strasbourg;Auto;2019-02-14;16492;80;5.4;1;280.36
CLI-2291;CRE-2291;Strasbourg;Habitat;2020-01-31;353143;284;3.78;1;2355.86
CLI-2292;CRE-2292;Strasbourg;Consommation;2020-09-19;22307;49;6.06;1;567.9
CLI-2293;CRE-2293;Strasbourg;Habitat;2019-04-21;222438;250;3.99;1;1629.36
CLI-2294;CRE-2294;Mulhouse;Auto;2021-07-06;28415;83;5.6;1;474.95
CLI-2295;CRE-2295;Epinal;Consommation;2020-12-27;15531;55;7.35;1;377.51
CLI-2296;CRE-2296;Epinal;Habitat;2021-12-10;397129;257;3.12;1;2577.78
CLI-2297;CRE-2297;Strasbourg;Habitat;2021-11-16;246512;203;3.82;1;1999.07
CLI-2298;CRE-2298;Strasbourg;Habitat;2020-03-12;200825;298;3.56;1;1269.69
CLI-2299;CRE-2299;Colmar;Habitat;2019-12-11;320091;226;3.59;0;2373.94
CLI-2300;CRE-2300;Epinal;Auto;2019-10-11;17611;50;5.7;1;435.87
CLI-2301;CRE-2301;Mulhouse;Auto;2019-06-11;19062;50;5.23;0;464.32
CLI-2302;CRE-2302;Epinal;Consommation;2020-12-08;22176;44;5.78;0;610.81
CLI-2303;CRE-2303;Epinal;Auto;2020-03-28;35072;37;4.82;0;1088.76
CLI-2304;CRE-2304;Epinal;Habitat;2022-09-08;329723;215;3.71;1;2552.99
CLI-2305;CRE-2305;Mulhouse;Auto;2021-02-20;24640;77;4.86;1;419.79
CLI-2306;CRE-2306;Colmar;Habitat;2021-05-31;284953;215;3.77;1;2220.59
CLI-2307;CRE-2307;Mulhouse;Consommation;2020-11-20;13424;37;6.74;0;438.21
CLI-2308;CRE-2308;Colmar;Habitat;2021-11-14;311007;293;4.02;1;2103.33
CLI-2309;CRE-2309;Epinal;Consommation;2019-03-03;8109;51;5.62;1;196.98
CLI-2310;CRE-2310;Strasbourg;Habitat;2021-01-19;347245;283;3.2;0;2153.0
CLI-2311;CRE-2311;Colmar;Consommation;2020-01-22;12366;28;6.56;0;509.24
CLI-2312;CRE-2312;Mulhouse;Habitat;2019-03-09;262529;190;3.51;1;2149.63
CLI-2313;CRE-2313;Epinal;Consommation;2020-07-16;12064;53;6.07;1;288.65
CLI-2314;CRE-2314;Strasbourg;Auto;2021-05-13;35042;79;5.57;1;606.22
CLI-2315;CRE-2315;Colmar;Consommation;2020-10-01;10277;19;6.87;1;599.73
CLI-2316;CRE-2316;Strasbourg;Auto;2021-05-06;34839;63;4.97;1;697.29
CLI-2317;CRE-2317;Epinal;Habitat;2022-06-11;320784;256;3.81;1;2271.55
CLI-2318;CRE-2318;Mulhouse;Habitat;2019-06-28;221865;240;3.33;0;1540.11
CLI-2319;CRE-2319;Mulhouse;Habitat;2019-10-08;270289;216;3.35;1;2005.89
CLI-2320;CRE-2320;Mulhouse;Consommation;2020-11-02;19316;55;6.99;1;463.72
CLI-2321;CRE-2321;Strasbourg;Consommation;2022-02-28;15734;52;7.24;0;397.51
CLI-2322;CRE-2322;Colmar;Habitat;2022-01-27;310347;297;4.15;1;2118.22
CLI-2323;CRE-2323;Mulhouse;Consommation;2020-08-24;14323;55;6.53;1;338.36
CLI-2324;CRE-2324;Colmar;Auto;2021-09-16;34193;60;5.56;1;728.31
CLI-2325;CRE-2325;Epinal;Consommation;2019-04-06;9766;51;6.49;0;244.31
CLI-2326;CRE-2326;Mulhouse;Auto;2022-02-01;19083;77;5.1;0;328.93
CLI-2327;CRE-2327;Strasbourg;Consommation;2020-06-19;9564;29;6.32;1;380.16
CLI-2328;CRE-2328;Mulhouse;Habitat;2022-05-29;374657;204;3.81;0;3026.09
CLI-2329;CRE-2329;Epinal;Habitat;2022-05-18;313212;299;4.07;0;2109.84
CLI-2330;CRE-2330;Mulhouse;Consommation;2020-04-03;10309;24;5.62;0;477.82
CLI-2331;CRE-2331;Colmar;Consommation;2019-12-07;19645;38;5.87;1;613.07
CLI-2332;CRE-2332;Colmar;Consommation;2019-07-12;8073;55;6.0;0;187.15
CLI-2333;CRE-2333;Colmar;Consommation;2022-01-01;16596;12;6.84;1;1477.6
CLI-2334;CRE-2334;Strasbourg;Habitat;2020-11-03;216687;216;3.64;1;1660.46
CLI-2335;CRE-2335;Mulhouse;Consommation;2020-07-09;16214;31;6.19;1;606.67
CLI-2336;CRE-2336;Strasbourg;Habitat;2022-10-18;216994;229;3.45;0;1571.43
CLI-2337;CRE-2337;Mulhouse;Auto;2020-10-23;34690;69;5.89;1;673.02
CLI-2338;CRE-2338;Epinal;Habitat;2019-07-24;172651;201;4.22;1;1466.12
CLI-2339;CRE-2339;Epinal;Habitat;2019-08-01;443537;209;4.0;1;3600.64
CLI-2340;CRE-2340;Mulhouse;Habitat;2019-12-04;427095;224;3.39;1;3113.22
CLI-2341;CRE-2341;Epinal;Consommation;2020-05-17;15037;44;7.37;1;434.1
CLI-2342;CRE-2342;Epinal;Habitat;2020-10-24;416704;182;3.04;1;3345.23
CLI-2343;CRE-2343;Colmar;Auto;2022-06-18;39276;64;5.21;1;784.21
CLI-2344;CRE-2344;Mulhouse;Consommation;2022-06-12;8917;20;6.05;0;490.81
CLI-2345;CRE-2345;Colmar;Habitat;2020-11-30;245624;250;3.96;1;1793.06
CLI-2346;CRE-2346;Colmar;Habitat;2022-01-11;405594;275;4.04;1;2840.39
CLI-2347;CRE-2347;Epinal;Consommation;2020-01-15;17809;55;5.89;1;411.21
CLI-2348;CRE-2348;Colmar;Habitat;2019-07-18;280056;259;3.85;1;1979.81
CLI-2349;CRE-2349;Colmar;Habitat;2019-03-03;266717;184;3.71;0;2274.15
CLI-2350;CRE-2350;Epinal;Consommation;2021-11-12;24089;37;6.14;0;774.31
CLI-2351;CRE-2351;Mulhouse;Habitat;2020-03-19;286256;225;4.12;0;2255.06
CLI-2352;CRE-2352;Mulhouse;Auto;2019-01-28;17463;60;5.48;0;370.8
CLI-2353;CRE-2353;Strasbourg;Habitat;2021-05-19;405891;294;3.97;0;2723.4
CLI-2354;CRE-2354;Colmar;Auto;2021-04-01;20127;54;5.77;1;469.5
CLI-2355;CRE-2355;Mulhouse;Habitat;2021-05-30;268065;184;3.66;0;2274.47
CLI-2356;CRE-2356;Colmar;Consommation;2020-04-03;14987;41;5.95;1;439.85
CLI-2357;CRE-2357;Epinal;Habitat;2021-04-24;295350;196;3.64;1;2402.78
CLI-2358;CRE-2358;Mulhouse;Habitat;2019-03-09;273719;273;3.62;1;1828.35
CLI-2359;CRE-2359;Mulhouse;Consommation;2019-12-19;17858;50;6.55;0;454.63
CLI-2360;CRE-2360;Colmar;Habitat;2021-09-01;211616;214;3.89;1;1674.85
CLI-2361;CRE-2361;Mulhouse;Consommation;2022-02-18;24239;26;6.21;1;1057.71
CLI-2362;CRE-2362;Epinal;Habitat;2019-11-03;150292;205;3.72;1;1199.04
CLI-2363;CRE-2363;Strasbourg;Habitat;2021-04-05;445835;211;3.64;1;3465.33
CLI-2364;CRE-2364;Colmar;Habitat;2022-11-11;418951;293;3.8;1;2756.55
CLI-2365;CRE-2365;Strasbourg;Habitat;2020-10-23;241991;255;4.17;1;1789.9
CLI-2366;CRE-2366;Mulhouse;Auto;2022-03-01;25598;72;5.57;0;474.35
CLI-2367;CRE-2367;Strasbourg;Auto;2022-08-06;39234;61;5.29;1;816.14
CLI-2368;CRE-2368;Colmar;Consommation;2019-11-22;19917;58;7.45;1;467.05
CLI-2369;CRE-2369;Colmar;Auto;2021-09-12;22861;49;4.88;1;559.52
CLI-2370;CRE-2370;Epinal;Habitat;2020-08-03;385546;204;3.55;1;3030.5
CLI-2371;CRE-2371;Mulhouse;Habitat;2021-08-23;423810;182;3.15;1;3441.13
CLI-2372;CRE-2372;Epinal;Habitat;2021-07-15;204346;263;3.41;1;1357.66
CLI-2373;CRE-2373;Colmar;Consommation;2022-11-03;7270;19;5.83;1;417.95
CLI-2374;CRE-2374;Epinal;Consommation;2019-06-28;11311;41;6.96;1;341.48
CLI-2375;CRE-2375;Strasbourg;Habitat;2021-01-31;186330;244;4.07;0;1395.62
CLI-2376;CRE-2376;Strasbourg;Habitat;2020-11-17;374673;215;3.4;1;2804.24
CLI-2377;CRE-2377;Colmar;Habitat;2020-03-23;188919;204;3.45;0;1469.22
CLI-2378;CRE-2378;Epinal;Habitat;2019-05-04;192687;187;3.95;1;1664.67
CLI-2379;CRE-2379;Mulhouse;Auto;2019-08-30;39482;49;5.68;0;992.64
CLI-2380;CRE-2380;Colmar;Auto;2019-07-20;20210;58;4.84;1;429.96
CLI-2381;CRE-2381;Colmar;Habitat;2020-08-26;299262;196;3.36;1;2364.78
CLI-2382;CRE-2382;Strasbourg;Habitat;2022-09-13;280468;293;4.1;0;1915.49
CLI-2383;CRE-2383;Colmar;Auto;2020-12-24;30943;50;5.77;0;767.64
CLI-2384;CRE-2384;Strasbourg;Habitat;2022-07-20;155569;189;3.42;0;1266.49
CLI-2385;CRE-2385;Strasbourg;Habitat;2021-08-02;215664;293;3.95;1;1445.95
CLI-2386;CRE-2386;Epinal;Habitat;2021-05-07;390700;238;3.88;1;2904.86
CLI-2387;CRE-2387;Colmar;Consommation;2020-03-28;23953;44;7.24;1;688.9
CLI-2388;CRE-2388;Colmar;Habitat;2020-12-20;388036;218;3.45;1;2895.59
CLI-2389;CRE-2389;Colmar;Auto;2019-07-22;19106;45;5.89;0;518.36
CLI-2390;CRE-2390;Epinal;Habitat;2019-11-12;182605;281;3.45;1;1174.83
CLI-2391;CRE-2391;Epinal;Habitat;2019-07-16;161291;254;3.82;1;1148.45
CLI-2392;CRE-2392;Colmar;Consommation;2020-05-14;17318;18;5.67;1;1043.94
CLI-2393;CRE-2393;Mulhouse;Habitat;2019-09-29;363842;297;3.7;1;2346.9
CLI-2394;CRE-2394;Colmar;Consommation;2021-06-30;19518;53;5.64;0;460.0
CLI-2395;CRE-2395;Mulhouse;Consommation;2020-11-27;19476;17;7.27;1;1263.64
CLI-2396;CRE-2396;Strasbourg;Habitat;2020-11-27;302093;274;3.27;0;1925.73
CLI-2397;CRE-2397;Strasbourg;Consommation;2021-04-01;22689;46;6.97;1;625.02
CLI-2398;CRE-2398;Colmar;Habitat;2021-11-25;350687;194;3.93;1;2956.16
CLI-2399;CRE-2399;Epinal;Habitat;2020-02-11;440786;222;3.03;0;3098.51
CLI-2400;CRE-2400;Mulhouse;Consommation;2020-10-22;7703;56;6.36;1;178.38
CLI-2401;CRE-2401;Strasbourg;Consommation;2020-01-24;10466;23;6.05;0;507.81
CLI-2402;CRE-2402;Mulhouse;Habitat;2022-01-18;267023;265;3.85;1;1864.33
CLI-2403;CRE-2403;Mulhouse;Consommation;2019-11-02;13648;16;7.1;1;933.75
CLI-2404;CRE-2404;Mulhouse;Habitat;2022-10-10;336179;270;3.14;0;2124.78
CLI-2405;CRE-2405;Mulhouse;Auto;2022-03-20;22051;44;5.92;0;609.94
CLI-2406;CRE-2406;Epinal;Habitat;2020-10-07;327464;209;3.3;1;2467.34
CLI-2407;CRE-2407;Colmar;Habitat;2019-06-04;161164;232;4.31;1;1273.52
CLI-2408;CRE-2408;Epinal;Consommation;2021-11-12;7234;16;5.75;1;486.79
CLI-2409;CRE-2409;Colmar;Consommation;2020-05-21;20688;51;6.56;1;518.74
CLI-2410;CRE-2410;Mulhouse;Habitat;2021-02-25;312251;198;3.44;1;2472.14
CLI-2411;CRE-2411;Epinal;Auto;2020-12-25;29334;45;5.74;1;792.18
CLI-2412;CRE-2412;Strasbourg;Consommation;2021-08-12;10499;18;5.7;0;633.15
CLI-2413;CRE-2413;Epinal;Habitat;2019-07-18;379300;243;3.34;1;2616.62
CLI-2414;CRE-2414;Colmar;Habitat;2020-03-17;209293;281;3.36;0;1330.84
CLI-2415;CRE-2415;Epinal;Consommation;2019-12-14;12980;56;6.58;1;302.96
CLI-2416;CRE-2416;Colmar;Habitat;2020-05-15;205785;266;3.42;1;1360.12
CLI-2417;CRE-2417;Strasbourg;Habitat;2022-11-11;415193;238;3.81;0;3062.75
CLI-2418;CRE-2418;Mulhouse;Consommation;2019-03-23;9353;30;5.97;1;358.3
CLI-2419;CRE-2419;Mulhouse;Habitat;2020-04-10;349297;224;3.14;1;2473.36
CLI-2420;CRE-2420;Colmar;Auto;2021-12-25;27222;70;4.8;1;497.77
CLI-2421;CRE-2421;Strasbourg;Habitat;2020-06-25;245137;224;3.47;1;1803.22
CLI-2422;CRE-2422;Mulhouse;Habitat;2019-10-28;316663;222;3.71;1;2405.43
CLI-2423;CRE-2423;Mulhouse;Auto;2021-12-01;16664;57;5.2;1;364.56
CLI-2424;CRE-2424;Strasbourg;Consommation;2022-07-23;23786;28;6.0;0;968.43
CLI-2425;CRE-2425;Strasbourg;Habitat;2021-11-22;388759;231;3.84;0;2926.97
CLI-2426;CRE-2426;Mulhouse;Consommation;2021-10-09;22600;52;7.06;1;567.58
CLI-2427;CRE-2427;Mulhouse;Auto;2021-08-18;43708;81;4.8;1;714.44
CLI-2428;CRE-2428;Colmar;Consommation;2020-09-09;17450;20;7.27;0;978.22
CLI-2429;CRE-2429;Strasbourg;Habitat;2019-08-28;215120;252;3.54;1;1488.25
CLI-2430;CRE-2430;Colmar;Habitat;2020-01-04;223776;288;3.89;1;1502.41
CLI-2431;CRE-2431;Strasbourg;Habitat;2022-02-04;191810;197;3.95;1;1605.03
CLI-2432;CRE-2432;Epinal;Consommation;2021-01-29;11773;24;5.93;0;548.72
CLI-2433;CRE-2433;Strasbourg;Consommation;2020-11-17;8118;58;6.55;1;184.28
CLI-2434;CRE-2434;Mulhouse;Habitat;2020-06-27;297621;241;3.95;1;2214.61
CLI-2435;CRE-2435;Colmar;Consommation;2020-08-16;21235;52;5.67;0;508.7
CLI-2436;CRE-2436;Mulhouse;Consommation;2020-09-23;15816;22;6.34;0;802.47
CLI-2437;CRE-2437;Strasbourg;Consommation;2021-01-30;24609;32;6.75;1;907.46
CLI-2438;CRE-2438;Epinal;Auto;2020-12-14;27034;72;5.63;0;502.31
CLI-2439;CRE-2439;Strasbourg;Consommation;2021-03-28;6770;24;7.36;1;323.61
CLI-2440;CRE-2440;Epinal;Habitat;2021-06-22;360974;202;3.21;1;2752.61
CLI-2441;CRE-2441;Colmar;Consommation;2020-09-11;10253;48;5.59;1;261.37
CLI-2442;CRE-2442;Epinal;Habitat;2022-08-04;180812;280;4.24;1;1284.63
CLI-2443;CRE-2443;Mulhouse;Auto;2021-09-16;29932;60;5.81;1;643.79
CLI-2444;CRE-2444;Epinal;Consommation;2019-09-02;11956;40;7.15;1;370.14
CLI-2445;CRE-2445;Mulhouse;Habitat;2020-03-15;196956;214;3.4;1;1478.4
CLI-2446;CRE-2446;Epinal;Auto;2021-08-27;41473;69;5.72;1;798.75
CLI-2447;CRE-2447;Mulhouse;Auto;2021-09-09;28544;50;5.63;1;704.8
CLI-2448;CRE-2448;Mulhouse;Habitat;2022-01-20;285092;185;3.6;1;2396.31
CLI-2449;CRE-2449;Mulhouse;Habitat;2022-08-05;156084;208;4.32;1;1312.31
CLI-2450;CRE-2450;Colmar;Auto;2022-04-10;22720;38;4.98;1;692.18
CLI-2451;CRE-2451;Strasbourg;Habitat;2019-02-20;348901;212;3.52;0;2669.2
CLI-2452;CRE-2452;Strasbourg;Habitat;2021-12-25;157413;248;3.96;0;1154.19
CLI-2453;CRE-2453;Strasbourg;Habitat;2021-11-19;245866;271;3.64;1;1653.05
CLI-2454;CRE-2454;Strasbourg;Habitat;2020-10-29;368444;298;3.24;0;2231.19
CLI-2455;CRE-2455;Mulhouse;Habitat;2022-04-01;278531;180;3.97;1;2468.87
CLI-2456;CRE-2456;Strasbourg;Consommation;2019-12-03;18678;26;7.08;0;828.58
CLI-2457;CRE-2457;Epinal;Auto;2019-12-24;25294;59;5.63;0;547.38
CLI-2458;CRE-2458;Mulhouse;Habitat;2019-06-29;440134;212;3.51;0;3363.5
CLI-2459;CRE-2459;Strasbourg;Habitat;2022-07-23;394179;222;4.0;0;3089.51
CLI-2460;CRE-2460;Colmar;Habitat;2020-03-02;404639;268;3.13;1;2565.28
CLI-2461;CRE-2461;Strasbourg;Consommation;2022-09-02;13210;33;6.27;0;469.33
CLI-2462;CRE-2462;Epinal;Consommation;2020-12-18;21952;29;6.85;1;882.27
CLI-2463;CRE-2463;Strasbourg;Auto;2021-09-09;37337;53;5.28;1;868.75
CLI-2464;CRE-2464;Epinal;Habitat;2021-03-28;162557;250;3.4;1;1110.81
CLI-2465;CRE-2465;Epinal;Habitat;2020-04-05;387883;237;3.84;1;2877.86
CLI-2466;CRE-2466;Strasbourg;Consommation;2019-04-12;20306;34;6.38;0;705.2
CLI-2467;CRE-2467;Colmar;Consommation;2020-06-21;8919;36;5.53;1;288.85
CLI-2468;CRE-2468;Colmar;Habitat;2020-11-16;226804;282;4.08;1;1575.4
CLI-2469;CRE-2469;Colmar;Habitat;2020-08-02;334936;270;3.36;1;2178.32
CLI-2470;CRE-2470;Strasbourg;Auto;2019-09-19;23718;36;5.91;1;775.64
CLI-2471;CRE-2471;Strasbourg;Auto;2022-07-31;18228;82;5.09;1;299.61
CLI-2472;CRE-2472;Epinal;Auto;2020-07-04;22845;40;5.43;1;674.5
CLI-2473;CRE-2473;Strasbourg;Consommation;2019-07-27;18962;40;7.13;1;586.72
CLI-2474;CRE-2474;Colmar;Consommation;2020-12-15;16156;23;7.46;1;802.87
CLI-2475;CRE-2475;Strasbourg;Habitat;2020-04-01;397848;220;3.7;1;3035.1
CLI-2476;CRE-2476;Mulhouse;Habitat;2022-04-05;267738;285;4.14;1;1863.13
CLI-2477;CRE-2477;Strasbourg;Habitat;2020-02-11;361411;271;4.08;1;2562.42
CLI-2478;CRE-2478;Colmar;Habitat;2022-03-15;176451;202;4.25;1;1498.45
CLI-2479;CRE-2479;Strasbourg;Consommation;2020-08-04;18191;24;6.19;0;851.79
CLI-2480;CRE-2480;Epinal;Habitat;2020-08-30;271105;270;3.76;1;1853.55
CLI-2481;CRE-2481;Colmar;Auto;2020-01-27;38601;48;5.8;1;990.76
CLI-2482;CRE-2482;Epinal;Habitat;2020-02-04;191424;191;3.75;1;1600.42
CLI-2483;CRE-2483;Mulhouse;Auto;2021-07-01;27598;82;5.49;0;462.82
CLI-2484;CRE-2484;Epinal;Auto;2019-04-19;35110;76;5.0;1;608.27
CLI-2485;CRE-2485;Strasbourg;Consommation;2022-01-12;22804;13;6.12;1;1870.45
CLI-2486;CRE-2486;Epinal;Auto;2020-05-31;19616;71;5.64;1;368.48
CLI-2487;CRE-2487;Colmar;Consommation;2022-06-25;13543;32;5.96;1;490.48
CLI-2488;CRE-2488;Epinal;Habitat;2020-07-21;367645;287;3.42;0;2328.78
CLI-2489;CRE-2489;Colmar;Habitat;2021-05-03;387054;281;3.27;1;2432.14
CLI-2490;CRE-2490;Mulhouse;Habitat;2020-02-05;237178;242;3.55;1;1681.73
CLI-2491;CRE-2491;Mulhouse;Auto;2021-05-08;15298;81;5.94;1;264.59
CLI-2492;CRE-2492;Epinal;Habitat;2021-07-21;387206;248;3.43;1;2668.08
CLI-2493;CRE-2493;Colmar;Habitat;2022-06-27;154180;256;3.96;1;1111.06
CLI-2494;CRE-2494;Mulhouse;Habitat;2022-11-11;347216;236;3.44;1;2466.61
CLI-2495;CRE-2495;Epinal;Consommation;2020-06-28;7702;59;5.74;1;167.38
CLI-2496;CRE-2496;Colmar;Habitat;2019-10-10;295900;246;3.55;1;2078.22
CLI-2497;CRE-2497;Colmar;Auto;2021-12-01;39074;51;4.81;1;922.78
CLI-2498;CRE-2498;Mulhouse;Consommation;2022-04-02;17503;34;6.08;1;603.48
CLI-2499;CRE-2499;Strasbourg;Auto;2019-01-30;16057;44;5.1;0;433.17
CLI-2500;CRE-2500;Epinal;Habitat;2022-07-30;174347;226;3.83;1;1327.9
CLI-2501;CRE-2501;Colmar;Habitat;2021-01-24;383269;255;3.26;0;2544.23
CLI-2502;CRE-2502;Epinal;Habitat;2022-05-30;392813;270;3.37;0;2558.01
CLI-2503;CRE-2503;Mulhouse;Consommation;2020-01-28;23613;34;5.9;1;810.6
CLI-2504;CRE-2504;Mulhouse;Auto;2020-07-08;26187;48;4.89;1;652.27
CLI-2505;CRE-2505;Epinal;Habitat;2019-01-28;160410;225;3.84;1;1226.25
CLI-2506;CRE-2506;Colmar;Consommation;2022-01-27;6796;31;5.65;1;251.22
CLI-2507;CRE-2507;Strasbourg;Auto;2020-11-15;42920;54;5.29;1;984.02
CLI-2508;CRE-2508;Epinal;Consommation;2021-10-02;11986;56;6.41;1;278.06
CLI-2509;CRE-2509;Mulhouse;Consommation;2022-02-12;7044;19;5.85;0;405.08
CLI-2510;CRE-2510;Epinal;Consommation;2020-06-11;23501;56;7.13;0;559.3
CLI-2511;CRE-2511;Mulhouse;Habitat;2021-07-07;181230;251;3.79;0;1294.42
CLI-2512;CRE-2512;Colmar;Consommation;2020-12-26;7400;18;6.17;1;449.16
CLI-2513;CRE-2513;Mulhouse;Habitat;2019-10-03;390618;278;3.82;0;2648.57
CLI-2514;CRE-2514;Epinal;Habitat;2021-03-29;259213;266;3.45;0;1719.72
CLI-2515;CRE-2515;Colmar;Auto;2021-01-18;37927;59;4.84;1;795.8
CLI-2516;CRE-2516;Strasbourg;Habitat;2021-12-19;205340;291;3.64;1;1328.5
CLI-2517;CRE-2517;Colmar;Habitat;2019-07-19;164673;220;3.6;1;1242.53
CLI-2518;CRE-2518;Strasbourg;Auto;2019-08-08;18885;56;5.88;1;429.77
CLI-2519;CRE-2519;Epinal;Habitat;2019-04-20;245796;251;4.04;1;1806.78
CLI-2520;CRE-2520;Epinal;Habitat;2020-12-25;426181;239;3.22;0;2926.77
CLI-2521;CRE-2521;Strasbourg;Habitat;2019-10-13;319852;183;3.23;0;2608.76
CLI-2522;CRE-2522;Epinal;Habitat;2021-11-02;239386;217;3.26;0;1753.49
CLI-2523;CRE-2523;Colmar;Consommation;2019-11-06;16648;26;5.98;1;723.27
CLI-2524;CRE-2524;Colmar;Consommation;2021-05-29;8607;30;6.41;1;332.88
CLI-2525;CRE-2525;Epinal;Habitat;2020-08-07;291558;271;3.56;1;1940.82
CLI-2526;CRE-2526;Strasbourg;Consommation;2019-09-19;22171;24;5.65;1;1028.18
CLI-2527;CRE-2527;Strasbourg;Auto;2020-11-25;40028;48;5.73;1;1025.05
CLI-2528;CRE-2528;Colmar;Consommation;2019-05-18;17592;20;6.28;1;971.66
CLI-2529;CRE-2529;Epinal;Habitat;2021-10-10;298585;274;3.94;1;2070.08
CLI-2530;CRE-2530;Strasbourg;Consommation;2019-02-27;16005;57;7.46;1;380.29
CLI-2531;CRE-2531;Epinal;Consommation;2022-11-03;15179;45;5.74;1;409.92
CLI-2532;CRE-2532;Mulhouse;Auto;2022-01-13;19525;70;5.51;1;368.58
CLI-2533;CRE-2533;Mulhouse;Habitat;2021-09-05;429120;245;3.53;0;3013.84
CLI-2534;CRE-2534;Colmar;Habitat;2021-06-29;244969;230;3.83;1;1846.94
CLI-2535;CRE-2535;Epinal;Consommation;2019-08-13;10335;39;5.91;0;315.9
CLI-2536;CRE-2536;Mulhouse;Auto;2021-11-07;34215;44;5.17;1;925.02
CLI-2537;CRE-2537;Mulhouse;Habitat;2021-08-04;257939;262;3.55;0;1747.57
CLI-2538;CRE-2538;Colmar;Auto;2020-01-07;33823;59;4.79;0;708.28
CLI-2539;CRE-2539;Strasbourg;Habitat;2020-07-16;304595;181;3.97;1;2690.55
CLI-2540;CRE-2540;Epinal;Consommation;2020-02-11;23554;21;5.52;0;1229.97
CLI-2541;CRE-2541;Epinal;Auto;2022-04-02;39277;44;5.88;1;1085.12
CLI-2542;CRE-2542;Colmar;Habitat;2019-11-12;255069;241;3.79;0;1863.97
CLI-2543;CRE-2543;Strasbourg;Auto;2020-04-18;33281;81;5.49;0;563.14
CLI-2544;CRE-2544;Colmar;Habitat;2022-02-23;303539;235;3.43;1;2159.27
CLI-2545;CRE-2545;Mulhouse;Auto;2019-10-10;44487;56;4.8;1;972.36
CLI-2546;CRE-2546;Colmar;Auto;2022-06-30;36796;45;5.15;0;975.61
CLI-2547;CRE-2547;Mulhouse;Consommation;2019-12-19;21480;34;7.44;1;764.94
CLI-2548;CRE-2548;Colmar;Consommation;2021-07-26;24628;40;6.5;1;749.1
CLI-2549;CRE-2549;Colmar;Habitat;2021-03-29;353221;240;3.92;0;2625.61
CLI-2550;CRE-2550;Epinal;Habitat;2022-01-02;160210;273;3.47;0;1050.12
CLI-2551;CRE-2551;Epinal;Auto;2021-02-15;40719;36;4.92;1;1298.03
CLI-2552;CRE-2552;Colmar;Habitat;2022-01-28;301446;190;3.36;1;2430.61
CLI-2553;CRE-2553;Mulhouse;Consommation;2020-10-28;15970;33;5.53;0;557.53
CLI-2554;CRE-2554;Colmar;Consommation;2019-02-24;10356;25;5.93;1;465.42
CLI-2555;CRE-2555;Strasbourg;Habitat;2020-10-22;196223;267;3.65;1;1331.76
CLI-2556;CRE-2556;Colmar;Habitat;2022-04-14;225378;288;4.23;0;1577.02
CLI-2557;CRE-2557;Epinal;Habitat;2022-06-12;262892;181;3.53;0;2225.78
CLI-2558;CRE-2558;Epinal;Consommation;2019-07-10;23927;57;6.75;1;554.36
CLI-2559;CRE-2559;Colmar;Auto;2020-12-13;42970;73;5.65;1;790.95
CLI-2560;CRE-2560;Mulhouse;Habitat;2022-09-03;446121;188;3.16;0;3547.77
CLI-2561;CRE-2561;Epinal;Habitat;2021-06-14;324800;263;3.4;1;2155.25
CLI-2562;CRE-2562;Epinal;Habitat;2019-09-30;210518;286;3.53;1;1355.35
CLI-2563;CRE-2563;Colmar;Habitat;2021-12-15;201637;217;4.02;0;1604.69
CLI-2564;CRE-2564;Mulhouse;Auto;2022-03-08;21179;54;5.48;1;488.92
CLI-2565;CRE-2565;Strasbourg;Consommation;2019-08-17;7370;37;5.61;0;233.64
CLI-2566;CRE-2566;Mulhouse;Auto;2022-05-11;37931;47;5.4;1;977.73
CLI-2567;CRE-2567;Epinal;Consommation;2021-01-03;8877;32;7.4;0;332.15
CLI-2568;CRE-2568;Mulhouse;Auto;2020-03-09;39761;83;5.66;0;666.59
CLI-2569;CRE-2569;Mulhouse;Auto;2020-05-13;32532;57;5.42;1;717.67
CLI-2570;CRE-2570;Colmar;Habitat;2019-02-20;151701;207;4.11;1;1252.43
CLI-2571;CRE-2571;Strasbourg;Consommation;2020-08-03;7081;18;6.88;1;433.99
CLI-2572;CRE-2572;Colmar;Habitat;2020-06-13;352686;253;3.32;1;2369.78
CLI-2573;CRE-2573;Epinal;Habitat;2022-11-09;169944;209;3.73;1;1341.37
CLI-2574;CRE-2574;Colmar;Auto;2021-11-20;22682;42;5.83;1;650.24
CLI-2575;CRE-2575;Mulhouse;Consommation;2019-08-21;23541;51;6.39;1;586.94
CLI-2576;CRE-2576;Epinal;Habitat;2019-11-02;247244;195;4.09;0;2110.61
CLI-2577;CRE-2577;Strasbourg;Habitat;2021-10-17;387419;199;3.14;1;2960.58
CLI-2578;CRE-2578;Mulhouse;Consommation;2020-09-17;16054;59;6.2;1;355.05
CLI-2579;CRE-2579;Colmar;Auto;2019-08-03;43996;70;4.82;1;805.23
CLI-2580;CRE-2580;Colmar;Habitat;2020-06-03;227594;208;3.97;1;1847.16
CLI-2581;CRE-2581;Strasbourg;Habitat;2022-06-19;151412;187;3.9;1;1301.78
CLI-2582;CRE-2582;Epinal;Auto;2019-08-14;21394;71;5.33;1;396.35
CLI-2583;CRE-2583;Mulhouse;Habitat;2020-09-26;186805;238;3.91;1;1393.57
CLI-2584;CRE-2584;Epinal;Consommation;2021-02-20;20487;28;6.49;1;842.48
CLI-2585;CRE-2585;Mulhouse;Consommation;2019-11-09;8583;54;6.04;0;202.15
CLI-2586;CRE-2586;Colmar;Consommation;2020-06-17;19425;24;6.44;0;913.62
CLI-2587;CRE-2587;Epinal;Auto;2019-09-26;36618;75;5.01;1;641.12
CLI-2588;CRE-2588;Epinal;Habitat;2021-11-28;284888;227;4.02;1;2209.39
CLI-2589;CRE-2589;Strasbourg;Auto;2019-11-05;24635;56;4.79;1;538.25
CLI-2590;CRE-2590;Strasbourg;Habitat;2021-07-21;169268;207;3.44;0;1302.95
CLI-2591;CRE-2591;Colmar;Habitat;2020-11-21;215384;241;4.11;1;1631.4
CLI-2592;CRE-2592;Epinal;Consommation;2019-02-11;12219;42;5.92;1;351.21
CLI-2593;CRE-2593;Strasbourg;Consommation;2020-03-13;15088;23;5.61;1;726.54
CLI-2594;CRE-2594;Strasbourg;Consommation;2022-06-26;20569;27;6.25;0;868.95
CLI-2595;CRE-2595;Colmar;Habitat;2020-10-13;422793;223;3.58;0;3157.27
CLI-2596;CRE-2596;Epinal;Habitat;2019-04-07;310467;243;3.35;1;2144.36
CLI-2597;CRE-2597;Epinal;Auto;2019-06-23;38264;69;5.32;1;724.19
CLI-2598;CRE-2598;Epinal;Habitat;2020-03-15;350664;283;3.41;0;2235.57
CLI-2599;CRE-2599;Strasbourg;Consommation;2019-06-27;14086;22;6.61;0;717.86
CLI-2600;CRE-2600;Colmar;Habitat;2019-09-10;273228;256;3.77;0;1925.69
CLI-2601;CRE-2601;Epinal;Auto;2020-01-21;19387;44;5.44;1;528.5
CLI-2602;CRE-2602;Epinal;Habitat;2021-01-21;430428;295;3.46;1;2700.15
CLI-2603;CRE-2603;Strasbourg;Habitat;2019-07-06;298767;228;3.79;0;2253.99
CLI-2604;CRE-2604;Mulhouse;Habitat;2020-02-07;404315;223;3.64;1;3039.49
CLI-2605;CRE-2605;Mulhouse;Habitat;2019-01-28;433002;249;3.2;1;2893.64
CLI-2606;CRE-2606;Colmar;Habitat;2019-07-29;397076;196;3.83;1;3293.23
CLI-2607;CRE-2607;Strasbourg;Auto;2022-05-12;19079;45;5.38;1;509.52
CLI-2608;CRE-2608;Mulhouse;Auto;2022-03-18;25085;53;5.61;0;590.57
CLI-2609;CRE-2609;Epinal;Habitat;2020-11-14;403811;227;3.77;0;3047.54
CLI-2610;CRE-2610;Mulhouse;Consommation;2019-02-12;5865;31;5.63;1;216.71
CLI-2611;CRE-2611;Strasbourg;Consommation;2020-05-11;16602;23;7.16;1;820.88
CLI-2612;CRE-2612;Colmar;Consommation;2022-10-28;19871;42;7.06;1;590.03
CLI-2613;CRE-2613;Strasbourg;Consommation;2020-05-29;24318;19;6.09;0;1403.31
CLI-2614;CRE-2614;Mulhouse;Consommation;2020-10-19;5643;46;6.7;1;154.18
CLI-2615;CRE-2615;Strasbourg;Habitat;2021-01-09;385114;187;4.03;1;3352.77
CLI-2616;CRE-2616;Strasbourg;Habitat;2019-05-08;396557;289;3.09;1;2393.3
CLI-2617;CRE-2617;Mulhouse;Habitat;2022-05-31;382700;236;3.74;1;2814.36
CLI-2618;CRE-2618;Colmar;Habitat;2022-09-14;307198;234;3.73;0;2267.69
CLI-2619;CRE-2619;Strasbourg;Consommation;2022-01-17;21870;34;5.96;1;751.86
CLI-2620;CRE-2620;Strasbourg;Habitat;2022-11-15;236080;231;3.68;1;1745.97
CLI-2621;CRE-2621;Colmar;Consommation;2019-10-31;17304;50;7.03;1;447.45
CLI-2622;CRE-2622;Epinal;Habitat;2020-03-22;321447;219;3.87;0;2504.46
CLI-2623;CRE-2623;Epinal;Consommation;2021-06-29;18415;49;7.25;1;487.07
CLI-2624;CRE-2624;Mulhouse;Habitat;2021-05-19;164191;214;3.66;0;1268.03
CLI-2625;CRE-2625;Strasbourg;Habitat;2020-12-10;410425;251;3.69;1;2897.22
CLI-2626;CRE-2626;Colmar;Auto;2019-09-16;39336;74;5.05;1;697.11
CLI-2627;CRE-2627;Epinal;Consommation;2020-01-09;7318;56;6.28;0;168.98
CLI-2628;CRE-2628;Epinal;Habitat;2020-06-12;405359;184;3.67;1;3442.76
CLI-2629;CRE-2629;Epinal;Consommation;2019-12-28;11122;47;6.52;0;297.07
CLI-2630;CRE-2630;Mulhouse;Habitat;2021-07-11;435251;191;3.41;1;3515.64
CLI-2631;CRE-2631;Strasbourg;Habitat;2022-04-23;384294;248;3.91;0;2801.73
CLI-2632;CRE-2632;Mulhouse;Consommation;2021-05-19;6145;51;6.52;1;153.88
CLI-2633;CRE-2633;Mulhouse;Consommation;2022-05-21;6278;21;6.46;1;332.75
CLI-2634;CRE-2634;Epinal;Habitat;2022-09-15;392813;243;3.38;1;2722.94
CLI-2635;CRE-2635;Mulhouse;Habitat;2021-12-04;228383;194;3.56;1;1854.77
CLI-2636;CRE-2636;Colmar;Habitat;2020-01-01;399944;204;3.43;1;3103.68
CLI-2637;CRE-2637;Mulhouse;Habitat;2022-01-08;211079;233;3.84;1;1581.37
CLI-2638;CRE-2638;Mulhouse;Habitat;2022-07-05;443830;235;3.04;1;3013.01
CLI-2639;CRE-2639;Mulhouse;Auto;2022-04-26;31451;54;5.18;1;718.19
CLI-2640;CRE-2640;Mulhouse;Auto;2021-03-22;21674;39;5.25;1;650.57
CLI-2641;CRE-2641;Strasbourg;Auto;2021-10-29;30373;62;5.72;0;634.67
CLI-2642;CRE-2642;Colmar;Consommation;2021-07-07;8218;39;6.84;1;257.56
CLI-2643;CRE-2643;Mulhouse;Consommation;2022-04-24;12134;25;7.16;1;557.76
CLI-2644;CRE-2644;Colmar;Consommation;2021-01-12;19767;28;6.02;1;805.13
CLI-2645;CRE-2645;Strasbourg;Consommation;2020-03-29;15683;42;6.17;0;454.04
CLI-2646;CRE-2646;Epinal;Habitat;2022-08-06;171016;269;3.49;0;1133.12
CLI-2647;CRE-2647;Colmar;Habitat;2019-03-01;180304;261;3.46;1;1210.7
CLI-2648;CRE-2648;Colmar;Consommation;2022-03-05;16125;28;5.59;0;651.01
CLI-2649;CRE-2649;Mulhouse;Consommation;2022-01-26;8369;56;6.72;1;196.31
CLI-2650;CRE-2650;Epinal;Habitat;2020-04-24;191104;196;3.89;0;1594.52
CLI-2651;CRE-2651;Strasbourg;Consommation;2022-07-20;6312;38;7.01;1;202.98
CLI-2652;CRE-2652;Colmar;Habitat;2022-11-11;371878;264;3.92;0;2623.43
CLI-2653;CRE-2653;Colmar;Consommation;2022-04-13;15921;14;5.5;1;1210.19
CLI-2654;CRE-2654;Mulhouse;Consommation;2019-11-28;15453;14;6.4;0;1186.2
CLI-2655;CRE-2655;Colmar;Habitat;2022-04-20;200337;227;3.65;1;1491.9
CLI-2656;CRE-2656;Mulhouse;Habitat;2022-07-12;389211;232;3.24;1;2728.5
CLI-2657;CRE-2657;Epinal;Auto;2021-09-11;42213;54;4.77;1;949.52
CLI-2658;CRE-2658;Colmar;Consommation;2020-11-23;16432;54;6.54;1;393.85
CLI-2659;CRE-2659;Strasbourg;Habitat;2019-07-15;448819;192;3.65;0;3702.76
CLI-2660;CRE-2660;Colmar;Auto;2021-02-26;39996;58;4.8;1;849.57
CLI-2661;CRE-2661;Mulhouse;Auto;2022-05-11;42564;43;4.86;1;1162.24
CLI-2662;CRE-2662;Epinal;Habitat;2022-01-02;378892;206;4.03;1;3111.73
CLI-2663;CRE-2663;Mulhouse;Auto;2020-06-03;30050;49;5.29;1;745.74
CLI-2664;CRE-2664;Epinal;Consommation;2021-05-10;22490;55;6.59;0;532.42
CLI-2665;CRE-2665;Strasbourg;Consommation;2021-08-01;13502;27;6.82;1;576.81
CLI-2666;CRE-2666;Colmar;Consommation;2020-09-11;23735;28;7.21;1;990.29
CLI-2667;CRE-2667;Epinal;Habitat;2019-11-07;412852;218;3.66;0;3153.02
CLI-2668;CRE-2668;Strasbourg;Consommation;2021-02-26;13252;15;6.01;0;949.84
CLI-2669;CRE-2669;Epinal;Auto;2020-03-20;44613;83;5.11;1;727.48
CLI-2670;CRE-2670;Strasbourg;Consommation;2020-05-26;7907;22;6.36;1;401.32
CLI-2671;CRE-2671;Mulhouse;Habitat;2021-04-10;420003;271;3.8;1;2879.84
CLI-2672;CRE-2672;Strasbourg;Habitat;2021-03-02;394851;232;3.37;1;2810.82
CLI-2673;CRE-2673;Colmar;Consommation;2020-05-18;24987;34;6.4;0;868.18
CLI-2674;CRE-2674;Strasbourg;Auto;2022-07-30;26756;51;5.87;1;655.51
CLI-2675;CRE-2675;Strasbourg;Consommation;2022-08-26;23945;28;7.08;1;996.45
CLI-2676;CRE-2676;Strasbourg;Habitat;2021-10-30;311897;186;3.29;1;2531.98
CLI-2677;CRE-2677;Epinal;Habitat;2022-08-19;413996;251;3.97;1;3019.02
CLI-2678;CRE-2678;Colmar;Auto;2022-08-22;16772;82;4.89;0;272.88
CLI-2679;CRE-2679;Colmar;Habitat;2020-12-22;273349;228;3.97;1;2103.23
CLI-2680;CRE-2680;Colmar;Habitat;2020-01-13;366395;292;3.22;1;2237.94
CLI-2681;CRE-2681;Mulhouse;Habitat;2020-01-09;257034;240;4.03;1;1934.18
CLI-2682;CRE-2682;Colmar;Consommation;2019-07-18;10904;33;6.93;1;393.39
CLI-2683;CRE-2683;Strasbourg;Habitat;2020-05-20;443082;207;3.32;1;3366.35
CLI-2684;CRE-2684;Colmar;Consommation;2019-09-11;14499;30;7.44;1;573.19
CLI-2685;CRE-2685;Mulhouse;Habitat;2021-03-29;432289;258;3.65;1;2990.42
CLI-2686;CRE-2686;Mulhouse;Habitat;2022-04-02;404831;231;3.31;0;2869.17
CLI-2687;CRE-2687;Epinal;Consommation;2022-10-09;22698;44;5.85;1;626.52
CLI-2688;CRE-2688;Mulhouse;Auto;2022-03-18;19473;36;5.59;0;631.63
CLI-2689;CRE-2689;Epinal;Consommation;2020-04-23;8184;51;7.3;0;210.26
CLI-2690;CRE-2690;Epinal;Consommation;2019-08-23;14136;24;6.83;1;669.46
CLI-2691;CRE-2691;Colmar;Habitat;2021-12-01;265784;213;3.72;0;2071.74
CLI-2692;CRE-2692;Mulhouse;Habitat;2022-05-10;263164;216;3.24;1;1928.89
CLI-2693;CRE-2693;Epinal;Consommation;2021-07-20;19818;38;6.33;1;626.07
CLI-2694;CRE-2694;Strasbourg;Habitat;2022-02-21;409133;250;3.63;0;2874.16
CLI-2695;CRE-2695;Strasbourg;Habitat;2019-06-14;364796;212;3.96;1;2924.56
CLI-2696;CRE-2696;Colmar;Habitat;2022-04-03;307388;284;3.5;1;1978.9
CLI-2697;CRE-2697;Colmar;Habitat;2021-06-04;446178;182;3.74;1;3842.12
CLI-2698;CRE-2698;Epinal;Habitat;2022-10-26;342634;219;3.36;1;2523.91
CLI-2699;CRE-2699;Colmar;Auto;2019-06-24;17325;67;5.67;0;340.44
CLI-2700;CRE-2700;Mulhouse;Habitat;2021-05-09;275817;279;3.8;1;1862.01
CLI-2701;CRE-2701;Strasbourg;Habitat;2021-10-17;268244;247;3.52;1;1872.86
CLI-2702;CRE-2702;Mulhouse;Habitat;2020-07-13;444338;251;3.06;0;2903.33
CLI-2703;CRE-2703;Colmar;Consommation;2021-05-12;5940;49;6.66;1;154.19
CLI-2704;CRE-2704;Strasbourg;Auto;2019-07-16;27800;47;5.66;0;722.61
CLI-2705;CRE-2705;Strasbourg;Habitat;2020-06-18;412088;187;3.72;0;3481.15
CLI-2706;CRE-2706;Strasbourg;Habitat;2022-03-02;286998;259;4.02;1;2069.54
CLI-2707;CRE-2707;Colmar;Auto;2019-10-27;17808;75;4.81;1;308.82
CLI-2708;CRE-2708;Colmar;Habitat;2019-02-18;155169;296;3.49;1;975.5
CLI-2709;CRE-2709;Mulhouse;Consommation;2022-01-03;8940;33;6.63;1;320.3
CLI-2710;CRE-2710;Colmar;Consommation;2020-09-30;5487;54;6.44;0;131.06
CLI-2711;CRE-2711;Colmar;Consommation;2021-07-11;24099;30;7.11;1;946.09
CLI-2712;CRE-2712;Strasbourg;Habitat;2021-12-25;246980;209;3.39;1;1879.44
CLI-2713;CRE-2713;Strasbourg;Consommation;2020-12-30;17418;26;7.27;1;775.45
CLI-2714;CRE-2714;Mulhouse;Consommation;2020-02-03;8821;49;7.44;0;234.71
CLI-2715;CRE-2715;Epinal;Habitat;2022-03-09;398450;207;3.79;1;3183.32
CLI-2716;CRE-2716;Epinal;Habitat;2021-12-02;377076;199;3.18;1;2894.11
CLI-2717;CRE-2717;Mulhouse;Habitat;2020-06-18;344926;193;3.87;1;2899.57
CLI-2718;CRE-2718;Colmar;Auto;2021-11-26;25788;78;4.99;1;437.85
CLI-2719;CRE-2719;Strasbourg;Auto;2019-12-06;30933;43;4.99;1;848.0
CLI-2720;CRE-2720;Mulhouse;Consommation;2021-11-19;13617;30;6.79;1;530.95
CLI-2721;CRE-2721;Strasbourg;Auto;2022-01-24;16924;55;5.16;1;380.48
CLI-2722;CRE-2722;Mulhouse;Consommation;2022-04-27;20490;58;7.16;1;475.53
CLI-2723;CRE-2723;Epinal;Habitat;2021-05-08;208390;194;4.03;1;1774.02
CLI-2724;CRE-2724;Strasbourg;Consommation;2020-12-05;8907;45;6.61;1;247.0
CLI-2725;CRE-2725;Mulhouse;Consommation;2022-11-23;22226;54;7.45;1;549.58
CLI-2726;CRE-2726;Strasbourg;Auto;2022-11-13;30944;66;5.57;0;612.48
CLI-2727;CRE-2727;Epinal;Habitat;2022-09-06;250707;219;3.31;1;1836.31
CLI-2728;CRE-2728;Mulhouse;Habitat;2020-04-23;247463;217;3.6;1;1882.77
CLI-2729;CRE-2729;Colmar;Auto;2021-05-09;27626;83;5.62;1;462.23
CLI-2730;CRE-2730;Mulhouse;Consommation;2021-01-29;21142;22;7.12;0;1086.44
CLI-2731;CRE-2731;Epinal;Habitat;2020-05-19;217152;196;3.55;0;1750.33
CLI-2732;CRE-2732;Epinal;Habitat;2022-02-19;398569;247;3.74;0;2855.85
CLI-2733;CRE-2733;Mulhouse;Consommation;2022-05-16;24699;25;5.9;1;1109.4
CLI-2734;CRE-2734;Epinal;Habitat;2020-06-17;388404;226;3.8;1;2948.55
CLI-2735;CRE-2735;Strasbourg;Consommation;2019-11-29;13086;55;7.08;1;315.13
CLI-2736;CRE-2736;Strasbourg;Habitat;2021-03-20;380732;232;3.45;1;2735.69
CLI-2737;CRE-2737;Mulhouse;Consommation;2020-02-18;24522;28;6.72;1;1013.11
CLI-2738;CRE-2738;Mulhouse;Habitat;2020-02-10;312602;266;3.76;0;2154.68
CLI-2739;CRE-2739;Strasbourg;Consommation;2019-06-27;9138;21;6.41;1;483.96
CLI-2740;CRE-2740;Colmar;Habitat;2022-02-18;189501;248;3.56;1;1326.3
CLI-2741;CRE-2741;Colmar;Habitat;2020-07-31;172283;215;3.64;1;1323.91
CLI-2742;CRE-2742;Mulhouse;Consommation;2020-06-18;23304;15;5.76;1;1665.46
CLI-2743;CRE-2743;Mulhouse;Habitat;2020-03-11;203230;220;4.24;1;1641.85
CLI-2744;CRE-2744;Mulhouse;Auto;2020-04-19;35435;63;4.8;0;704.2
CLI-2745;CRE-2745;Epinal;Consommation;2021-06-19;11465;34;6.96;1;403.7
CLI-2746;CRE-2746;Strasbourg;Consommation;2020-08-23;5107;36;5.77;1;166.42
CLI-2747;CRE-2747;Strasbourg;Habitat;2019-07-28;351358;242;3.47;1;2467.9
CLI-2748;CRE-2748;Epinal;Habitat;2020-07-28;150162;196;3.36;0;1186.59
CLI-2749;CRE-2749;Epinal;Habitat;2022-07-17;278750;239;4.15;1;2130.33
CLI-2750;CRE-2750;Strasbourg;Consommation;2021-07-30;11870;53;6.61;1;289.35
CLI-2751;CRE-2751;Mulhouse;Consommation;2020-02-26;17259;31;6.19;1;645.77
CLI-2752;CRE-2752;Colmar;Auto;2021-04-15;27573;76;5.04;1;478.61
CLI-2753;CRE-2753;Strasbourg;Consommation;2022-07-10;18138;43;7.2;1;530.64
CLI-2754;CRE-2754;Strasbourg;Auto;2022-05-01;42851;46;5.66;1;1133.66
CLI-2755;CRE-2755;Colmar;Habitat;2020-12-01;318348;297;3.94;1;2117.12
CLI-2756;CRE-2756;Strasbourg;Consommation;2020-10-30;6122;54;6.63;1;147.19
CLI-2757;CRE-2757;Strasbourg;Habitat;2021-10-19;164233;209;4.17;0;1356.51
CLI-2758;CRE-2758;Mulhouse;Habitat;2022-01-03;373429;269;3.93;0;2611.19
CLI-2759;CRE-2759;Mulhouse;Auto;2021-04-23;19015;64;5.5;0;384.26
CLI-2760;CRE-2760;Colmar;Consommation;2021-10-16;11207;21;6.84;1;597.55
CLI-2761;CRE-2761;Mulhouse;Habitat;2020-03-23;335075;259;3.17;1;2178.88
CLI-2762;CRE-2762;Mulhouse;Consommation;2021-09-21;15932;55;6.68;0;378.36
CLI-2763;CRE-2763;Strasbourg;Consommation;2021-07-06;22699;47;5.99;1;596.26
CLI-2764;CRE-2764;Strasbourg;Habitat;2022-10-03;385144;216;4.05;0;3082.94
CLI-2765;CRE-2765;Epinal;Habitat;2020-03-05;388512;265;3.52;1;2605.72
CLI-2766;CRE-2766;Strasbourg;Consommation;2019-03-10;5828;30;7.41;1;230.25
CLI-2767;CRE-2767;Mulhouse;Habitat;2022-10-03;356324;269;3.4;1;2334.21
CLI-2768;CRE-2768;Colmar;Consommation;2022-06-24;5992;53;5.53;1;140.67
CLI-2769;CRE-2769;Colmar;Habitat;2021-12-31;425628;285;3.43;0;2710.02
CLI-2770;CRE-2770;Strasbourg;Habitat;2021-05-01;339012;241;3.67;1;2443.5
CLI-2771;CRE-2771;Strasbourg;Consommation;2021-11-10;5393;56;7.45;1;129.79
CLI-2772;CRE-2772;Mulhouse;Habitat;2020-05-26;369612;188;3.8;1;3136.46
CLI-2773;CRE-2773;Colmar;Consommation;2020-07-01;5725;25;7.31;0;263.87
CLI-2774;CRE-2774;Strasbourg;Consommation;2019-04-22;10690;17;6.94;1;690.65
CLI-2775;CRE-2775;Epinal;Habitat;2020-12-06;364172;285;3.19;0;2245.89
CLI-2776;CRE-2776;Strasbourg;Consommation;2021-07-29;15273;18;7.15;1;939.5
CLI-2777;CRE-2777;Strasbourg;Habitat;2020-01-20;252867;183;3.46;1;2110.89
CLI-2778;CRE-2778;Strasbourg;Habitat;2021-06-24;206826;213;4.24;1;1701.8
CLI-2779;CRE-2779;Strasbourg;Habitat;2022-08-05;227215;275;3.42;0;1473.8
CLI-2780;CRE-2780;Epinal;Auto;2021-04-12;21916;55;5.57;0;500.2
CLI-2781;CRE-2781;Mulhouse;Habitat;2019-07-03;403702;243;3.63;1;2882.52
CLI-2782;CRE-2782;Epinal;Auto;2019-02-27;19711;46;5.79;1;523.61
CLI-2783;CRE-2783;Epinal;Consommation;2021-11-23;21702;29;6.75;1;870.42
CLI-2784;CRE-2784;Mulhouse;Habitat;2019-12-16;190029;255;4.03;1;1383.39
CLI-2785;CRE-2785;Colmar;Habitat;2021-03-07;432687;261;3.14;1;2790.0
CLI-2786;CRE-2786;Colmar;Habitat;2019-02-11;232638;211;3.36;0;1753.94
CLI-2787;CRE-2787;Mulhouse;Habitat;2021-10-26;435006;231;3.84;1;3275.16
CLI-2788;CRE-2788;Mulhouse;Habitat;2019-09-24;332807;235;3.59;1;2411.85
CLI-2789;CRE-2789;Colmar;Habitat;2022-05-21;207056;237;4.26;0;1608.7
CLI-2790;CRE-2790;Colmar;Habitat;2021-03-16;382089;211;3.55;1;2941.19
CLI-2791;CRE-2791;Colmar;Consommation;2019-10-09;10480;42;5.76;1;299.83
CLI-2792;CRE-2792;Colmar;Consommation;2019-09-09;5501;53;6.24;1;132.4
CLI-2793;CRE-2793;Epinal;Auto;2019-09-24;16398;70;5.56;1;310.23
CLI-2794;CRE-2794;Colmar;Consommation;2020-03-03;9015;33;5.65;1;315.63
CLI-2795;CRE-2795;Strasbourg;Auto;2020-03-04;29601;67;5.16;0;569.09
CLI-2796;CRE-2796;Mulhouse;Consommation;2022-05-14;9437;42;7.48;0;283.51
CLI-2797;CRE-2797;Epinal;Consommation;2021-11-01;11904;32;6.93;1;440.75
CLI-2798;CRE-2798;Strasbourg;Consommation;2019-03-20;11890;13;6.88;1;982.78
CLI-2799;CRE-2799;Mulhouse;Auto;2020-07-11;15867;41;5.89;1;464.88
CLI-2800;CRE-2800;Strasbourg;Consommation;2020-01-27;11939;29;5.89;0;470.29
CLI-2801;CRE-2801;Epinal;Consommation;2019-08-26;24063;20;6.24;0;1328.28
CLI-2802;CRE-2802;Colmar;Auto;2021-04-17;29363;62;5.67;1;612.34
CLI-2803;CRE-2803;Epinal;Habitat;2021-01-19;234870;265;3.77;1;1624.19
CLI-2804;CRE-2804;Strasbourg;Habitat;2022-11-06;173837;268;3.72;1;1187.54
CLI-2805;CRE-2805;Strasbourg;Auto;2021-12-14;35982;55;5.65;1;823.63
CLI-2806;CRE-2806;Strasbourg;Consommation;2019-02-01;11410;56;5.78;1;258.71
CLI-2807;CRE-2807;Colmar;Habitat;2019-04-27;219410;261;3.97;1;1566.53
CLI-2808;CRE-2808;Epinal;Habitat;2022-07-01;188698;243;3.52;1;1330.05
CLI-2809;CRE-2809;Epinal;Habitat;2022-02-19;330587;183;3.88;1;2875.38
CLI-2810;CRE-2810;Strasbourg;Auto;2021-03-26;36688;62;5.58;0;762.34
CLI-2811;CRE-2811;Epinal;Habitat;2022-11-19;292513;256;3.97;1;2110.36
CLI-2812;CRE-2812;Epinal;Consommation;2020-07-04;7213;22;7.17;0;370.96
CLI-2813;CRE-2813;Colmar;Auto;2022-06-09;16238;68;5.33;1;310.92
CLI-2814;CRE-2814;Epinal;Habitat;2020-03-09;366085;263;3.95;0;2596.99
CLI-2815;CRE-2815;Mulhouse;Habitat;2020-02-24;338248;185;3.73;1;2879.76
CLI-2816;CRE-2816;Epinal;Habitat;2019-06-08;152089;198;3.42;1;1201.58
CLI-2817;CRE-2817;Strasbourg;Auto;2022-03-08;32436;66;5.82;0;648.77
CLI-2818;CRE-2818;Strasbourg;Habitat;2020-03-07;360954;212;3.14;1;2647.11
CLI-2819;CRE-2819;Strasbourg;Habitat;2019-10-12;374195;262;3.88;0;2638.12
CLI-2820;CRE-2820;Colmar;Consommation;2022-04-04;7535;36;7.08;1;253.76
CLI-2821;CRE-2821;Strasbourg;Habitat;2019-04-21;255528;230;3.54;1;1864.8
CLI-2822;CRE-2822;Epinal;Consommation;2020-05-25;6810;42;7.37;1;203.97
CLI-2823;CRE-2823;Mulhouse;Consommation;2019-03-28;18377;36;6.06;1;603.28
CLI-2824;CRE-2824;Epinal;Habitat;2022-11-04;410089;219;3.66;0;3123.32
CLI-2825;CRE-2825;Mulhouse;Habitat;2021-01-15;160145;257;4.0;1;1156.95
CLI-2826;CRE-2826;Mulhouse;Consommation;2020-03-14;19735;56;6.41;0;457.83
CLI-2827;CRE-2827;Colmar;Consommation;2021-02-22;9166;34;7.43;1;326.34
CLI-2828;CRE-2828;Strasbourg;Habitat;2020-08-31;325525;261;4.06;1;2348.58
CLI-2829;CRE-2829;Colmar;Consommation;2021-04-18;6329;40;6.57;0;192.88
CLI-2830;CRE-2830;Mulhouse;Consommation;2022-07-11;6532;17;6.19;1;417.93
CLI-2831;CRE-2831;Epinal;Consommation;2022-06-23;8165;47;6.54;1;218.22
CLI-2832;CRE-2832;Epinal;Habitat;2022-09-04;417587;295;4.03;0;2817.95
CLI-2833;CRE-2833;Colmar;Habitat;2019-02-15;311242;215;3.84;1;2443.61
CLI-2834;CRE-2834;Strasbourg;Habitat;2021-09-26;163974;285;3.99;1;1120.56
CLI-2835;CRE-2835;Epinal;Habitat;2019-03-31;177361;236;3.32;1;1242.23
CLI-2836;CRE-2836;Mulhouse;Consommation;2022-07-31;8164;50;7.12;1;211.72
CLI-2837;CRE-2837;Colmar;Consommation;2021-10-05;12796;46;6.11;1;343.33
CLI-2838;CRE-2838;Mulhouse;Habitat;2019-12-03;224411;217;3.57;0;1701.77
CLI-2839;CRE-2839;Epinal;Habitat;2022-10-02;348097;252;3.74;1;2466.24
CLI-2840;CRE-2840;Strasbourg;Consommation;2019-06-27;19467;47;5.76;0;507.63
CLI-2841;CRE-2841;Mulhouse;Consommation;2022-05-23;5099;51;7.49;1;131.81
CLI-2842;CRE-2842;Mulhouse;Consommation;2021-07-16;15994;33;5.74;0;561.17
CLI-2843;CRE-2843;Epinal;Habitat;2020-07-22;186449;297;3.94;0;1239.95
CLI-2844;CRE-2844;Mulhouse;Habitat;2021-05-06;261241;223;3.57;0;1948.68
CLI-2845;CRE-2845;Mulhouse;Habitat;2021-09-04;154837;209;4.1;1;1269.87
CLI-2846;CRE-2846;Mulhouse;Habitat;2021-09-22;380885;218;3.3;0;2794.61
CLI-2847;CRE-2847;Mulhouse;Habitat;2020-02-25;157946;224;3.98;1;1228.97
CLI-2848;CRE-2848;Epinal;Habitat;2020-04-10;232286;295;3.7;1;1503.63
CLI-2849;CRE-2849;Strasbourg;Consommation;2020-07-13;10406;30;6.7;1;404.97
CLI-2850;CRE-2850;Epinal;Auto;2021-12-24;31988;73;5.15;0;575.47
CLI-2851;CRE-2851;Mulhouse;Habitat;2022-04-30;384454;274;3.28;0;2453.96
CLI-2852;CRE-2852;Mulhouse;Habitat;2021-03-11;227045;270;3.34;1;1472.85
CLI-2853;CRE-2853;Mulhouse;Consommation;2019-02-06;5355;52;6.61;1;132.48
CLI-2854;CRE-2854;Epinal;Consommation;2022-11-06;7647;19;6.88;0;446.32
CLI-2855;CRE-2855;Strasbourg;Habitat;2019-02-19;263547;208;3.35;1;2002.79
CLI-2856;CRE-2856;Epinal;Consommation;2019-06-27;10672;58;5.64;1;234.16
CLI-2857;CRE-2857;Mulhouse;Auto;2022-03-10;16206;41;5.38;1;467.93
CLI-2858;CRE-2858;Strasbourg;Auto;2022-09-29;16264;80;4.82;0;268.63
CLI-2859;CRE-2859;Epinal;Auto;2022-05-28;20741;71;5.12;1;380.62
CLI-2860;CRE-2860;Mulhouse;Consommation;2019-04-23;15115;45;5.58;1;406.17
CLI-2861;CRE-2861;Mulhouse;Habitat;2020-09-19;178522;213;4.08;1;1445.11
CLI-2862;CRE-2862;Colmar;Auto;2021-06-01;39192;79;4.87;1;655.16
CLI-2863;CRE-2863;Mulhouse;Habitat;2019-10-18;229959;194;3.87;1;1926.97
CLI-2864;CRE-2864;Mulhouse;Consommation;2019-11-25;17380;53;5.78;0;411.64
CLI-2865;CRE-2865;Colmar;Habitat;2021-08-15;369759;208;3.23;1;2772.96
CLI-2866;CRE-2866;Epinal;Habitat;2019-03-18;400576;192;3.96;0;3408.23
CLI-2867;CRE-2867;Colmar;Habitat;2021-11-13;194604;190;3.66;0;1617.77
CLI-2868;CRE-2868;Mulhouse;Auto;2020-03-06;26134;46;5.46;0;687.04
CLI-2869;CRE-2869;Colmar;Auto;2021-10-27;33491;41;5.46;1;969.24
CLI-2870;CRE-2870;Strasbourg;Consommation;2020-07-18;18358;21;5.93;0;964.91
CLI-2871;CRE-2871;Strasbourg;Habitat;2021-07-02;333424;256;3.33;1;2227.69
CLI-2872;CRE-2872;Mulhouse;Consommation;2019-03-23;8454;52;6.65;0;209.43
CLI-2873;CRE-2873;Mulhouse;Habitat;2021-12-18;236743;277;3.85;1;1614.22
CLI-2874;CRE-2874;Strasbourg;Consommation;2022-04-30;13914;39;6.07;0;427.15
CLI-2875;CRE-2875;Epinal;Habitat;2022-05-09;252839;227;3.97;1;1950.3
CLI-2876;CRE-2876;Mulhouse;Habitat;2020-02-15;232982;250;3.45;1;1601.75
CLI-2877;CRE-2877;Colmar;Consommation;2021-12-08;12466;38;5.75;1;387.79
CLI-2878;CRE-2878;Epinal;Consommation;2020-06-13;20793;36;6.34;0;687.44
CLI-2879;CRE-2879;Strasbourg;Habitat;2020-04-05;321956;197;4.08;1;2728.94
CLI-2880;CRE-2880;Colmar;Consommation;2020-05-19;15771;35;6.26;0;532.87
CLI-2881;CRE-2881;Epinal;Auto;2020-09-26;31930;74;4.95;0;563.2
CLI-2882;CRE-2882;Epinal;Habitat;2019-05-26;279529;234;3.29;1;1960.94
CLI-2883;CRE-2883;Mulhouse;Auto;2022-07-15;21089;78;4.97;1;357.72
CLI-2884;CRE-2884;Colmar;Consommation;2019-02-15;14501;54;5.61;1;336.33
CLI-2885;CRE-2885;Mulhouse;Auto;2021-10-14;31737;40;5.2;0;930.95
CLI-2886;CRE-2886;Strasbourg;Habitat;2020-08-18;322605;277;3.86;0;2202.35
CLI-2887;CRE-2887;Epinal;Consommation;2022-09-25;7311;40;7.1;1;226.03
CLI-2888;CRE-2888;Mulhouse;Auto;2022-01-30;44933;43;5.71;0;1258.76
CLI-2889;CRE-2889;Strasbourg;Auto;2020-02-07;16680;44;5.34;1;453.32
CLI-2890;CRE-2890;Strasbourg;Consommation;2020-08-22;23375;53;6.66;1;570.77
CLI-2891;CRE-2891;Colmar;Consommation;2019-11-09;22612;45;5.79;1;611.59
CLI-2892;CRE-2892;Epinal;Auto;2021-10-27;28298;42;5.26;1;797.8
CLI-2893;CRE-2893;Strasbourg;Habitat;2022-10-23;323567;238;3.33;0;2257.42
CLI-2894;CRE-2894;Strasbourg;Habitat;2021-10-12;331303;249;3.79;0;2376.9
CLI-2895;CRE-2895;Colmar;Habitat;2019-03-21;387163;220;3.53;0;2898.74
CLI-2896;CRE-2896;Epinal;Habitat;2019-08-27;380268;231;3.76;1;2837.69
CLI-2897;CRE-2897;Epinal;Habitat;2020-11-23;447550;247;3.84;1;3244.1
CLI-2898;CRE-2898;Mulhouse;Consommation;2019-07-26;10155;26;5.75;1;439.24
CLI-2899;CRE-2899;Strasbourg;Habitat;2022-03-10;361258;232;3.3;0;2550.61
CLI-2900;CRE-2900;Mulhouse;Auto;2022-07-25;30006;67;5.66;1;589.38
CLI-2901;CRE-2901;Epinal;Auto;2021-10-26;39772;82;5.29;1;660.35
CLI-2902;CRE-2902;Mulhouse;Auto;2022-03-25;20480;63;5.06;1;411.44
CLI-2903;CRE-2903;Colmar;Habitat;2021-07-19;183124;219;4.19;1;1475.59
CLI-2904;CRE-2904;Colmar;Auto;2022-01-24;23974;39;5.47;1;724.0
CLI-2905;CRE-2905;Colmar;Habitat;2020-06-18;207689;298;3.29;1;1266.36
CLI-2906;CRE-2906;Strasbourg;Habitat;2021-02-28;447623;224;3.85;1;3434.44
CLI-2907;CRE-2907;Epinal;Habitat;2022-05-12;264690;193;3.23;1;2083.91
CLI-2908;CRE-2908;Colmar;Auto;2021-10-23;34607;64;5.01;1;685.22
CLI-2909;CRE-2909;Mulhouse;Consommation;2021-04-09;20005;50;5.6;1;493.46
CLI-2910;CRE-2910;Strasbourg;Habitat;2022-11-21;404976;216;3.09;1;2917.7
CLI-2911;CRE-2911;Strasbourg;Auto;2019-09-24;36128;68;5.64;0;701.1
CLI-2912;CRE-2912;Mulhouse;Consommation;2020-04-02;9245;25;6.28;1;418.18
CLI-2913;CRE-2913;Colmar;Consommation;2019-06-23;8977;40;7.06;1;277.24
CLI-2914;CRE-2914;Mulhouse;Habitat;2019-07-18;208103;186;3.65;0;1751.81
CLI-2915;CRE-2915;Epinal;Habitat;2020-02-12;417030;215;3.51;1;3159.49
CLI-2916;CRE-2916;Strasbourg;Auto;2020-01-05;34196;40;5.18;1;1002.51
CLI-2917;CRE-2917;Strasbourg;Consommation;2020-05-06;13777;19;6.99;1;805.36
CLI-2918;CRE-2918;Colmar;Auto;2021-01-18;37733;43;5.95;1;1064.6
CLI-2919;CRE-2919;Epinal;Habitat;2021-07-14;159709;189;3.33;1;1288.21
CLI-2920;CRE-2920;Colmar;Auto;2019-09-05;29602;79;5.96;1;521.73
CLI-2921;CRE-2921;Epinal;Consommation;2021-06-25;5693;52;5.97;0;137.8
CLI-2922;CRE-2922;Epinal;Consommation;2022-03-04;19290;58;5.62;0;422.93
CLI-2923;CRE-2923;Strasbourg;Habitat;2022-10-04;219873;191;3.76;0;1840.1
CLI-2924;CRE-2924;Strasbourg;Habitat;2019-05-03;229189;258;3.5;0;1556.8
CLI-2925;CRE-2925;Epinal;Habitat;2022-03-18;166268;223;3.43;1;1220.85
CLI-2926;CRE-2926;Strasbourg;Habitat;2021-03-14;322483;256;3.25;1;2133.09
CLI-2927;CRE-2927;Epinal;Habitat;2019-10-18;390879;290;4.04;0;2663.82
CLI-2928;CRE-2928;Colmar;Consommation;2019-08-09;5344;21;6.47;1;283.29
CLI-2929;CRE-2929;Epinal;Auto;2021-02-28;34432;50;5.9;1;857.93
CLI-2930;CRE-2930;Colmar;Auto;2022-08-06;32143;80;5.24;1;542.15
CLI-2931;CRE-2931;Epinal;Consommation;2020-12-26;14200;53;5.69;0;335.26
CLI-2932;CRE-2932;Strasbourg;Consommation;2019-06-27;9643;52;7.37;1;244.67
CLI-2933;CRE-2933;Strasbourg;Consommation;2020-09-04;24679;34;5.71;1;843.28
CLI-2934;CRE-2934;Epinal;Habitat;2021-11-30;178395;236;3.33;1;1250.96
CLI-2935;CRE-2935;Mulhouse;Habitat;2022-06-02;407819;181;3.17;1;3330.47
CLI-2936;CRE-2936;Colmar;Habitat;2019-05-13;437455;248;3.03;1;2868.51
CLI-2937;CRE-2937;Epinal;Habitat;2021-09-22;331566;296;3.23;1;2012.62
CLI-2938;CRE-2938;Colmar;Auto;2021-04-11;29120;41;5.23;1;837.16
CLI-2939;CRE-2939;Epinal;Habitat;2021-07-19;262659;257;3.45;1;1777.16
CLI-2940;CRE-2940;Epinal;Habitat;2020-06-16;314824;290;3.79;1;2079.92
CLI-2941;CRE-2941;Strasbourg;Consommation;2019-08-07;15678;24;5.49;1;724.98
CLI-2942;CRE-2942;Mulhouse;Auto;2022-02-14;20008;52;4.82;1;465.13
CLI-2943;CRE-2943;Strasbourg;Habitat;2019-07-29;317340;246;3.55;0;2228.8
CLI-2944;CRE-2944;Epinal;Consommation;2022-06-25;20287;54;5.51;1;468.84
CLI-2945;CRE-2945;Epinal;Habitat;2022-05-22;199411;276;3.86;1;1363.94
CLI-2946;CRE-2946;Epinal;Auto;2021-04-19;16347;58;5.04;1;350.5
CLI-2947;CRE-2947;Mulhouse;Habitat;2021-08-18;315373;233;3.6;1;2299.65
CLI-2948;CRE-2948;Colmar;Habitat;2021-09-27;395997;237;3.31;0;2763.17
CLI-2949;CRE-2949;Epinal;Consommation;2019-07-24;10906;55;7.32;1;264.82
CLI-2950;CRE-2950;Strasbourg;Habitat;2022-07-07;446397;211;3.38;1;3372.98
CLI-2951;CRE-2951;Epinal;Habitat;2022-05-22;261688;248;3.56;1;1831.53
CLI-2952;CRE-2952;Mulhouse;Consommation;2019-12-30;12419;59;6.82;0;281.07
CLI-2953;CRE-2953;Mulhouse;Consommation;2022-04-30;9056;55;6.71;1;215.29
CLI-2954;CRE-2954;Colmar;Habitat;2022-01-19;435597;217;3.79;0;3383.12
CLI-2955;CRE-2955;Colmar;Habitat;2021-02-22;179398;185;3.98;1;1564.72
CLI-2956;CRE-2956;Epinal;Habitat;2020-07-25;314132;216;3.74;0;2433.36
CLI-2957;CRE-2957;Strasbourg;Auto;2022-02-17;38599;64;5.85;0;791.28
CLI-2958;CRE-2958;Epinal;Habitat;2020-05-17;407041;203;3.32;1;3131.27
CLI-2959;CRE-2959;Colmar;Auto;2019-05-17;40816;64;5.42;1;822.1
CLI-2960;CRE-2960;Colmar;Habitat;2019-11-10;212558;187;3.73;1;1797.37
CLI-2961;CRE-2961;Mulhouse;Consommation;2020-12-01;20495;39;7.14;1;647.46
CLI-2962;CRE-2962;Epinal;Habitat;2021-09-15;397923;252;3.83;0;2849.1
CLI-2963;CRE-2963;Mulhouse;Habitat;2021-07-02;271602;200;3.66;0;2186.4
CLI-2964;CRE-2964;Mulhouse;Consommation;2021-02-13;10663;49;6.2;1;272.7
CLI-2965;CRE-2965;Colmar;Consommation;2019-08-23;15501;14;6.16;1;1186.79
CLI-2966;CRE-2966;Epinal;Auto;2020-01-20;43276;62;5.23;1;886.61
CLI-2967;CRE-2967;Strasbourg;Habitat;2021-09-10;351687;244;3.65;1;2511.05
CLI-2968;CRE-2968;Strasbourg;Consommation;2019-06-12;14226;45;7.34;1;403.15
CLI-2969;CRE-2969;Epinal;Auto;2022-09-07;40396;82;4.87;1;656.57
CLI-2970;CRE-2970;Colmar;Habitat;2020-12-23;395258;296;3.28;1;2415.7
CLI-2971;CRE-2971;Mulhouse;Auto;2021-11-15;30343;77;5.21;1;525.8
CLI-2972;CRE-2972;Epinal;Habitat;2021-11-04;314604;279;3.44;1;2029.48
CLI-2973;CRE-2973;Epinal;Consommation;2019-04-26;23047;55;5.51;0;524.86
CLI-2974;CRE-2974;Mulhouse;Habitat;2020-04-02;369859;219;4.06;1;2940.21
CLI-2975;CRE-2975;Colmar;Consommation;2019-12-03;9699;45;5.7;1;261.6
CLI-2976;CRE-2976;Epinal;Auto;2021-05-26;35773;37;5.42;1;1128.41
CLI-2977;CRE-2977;Colmar;Consommation;2020-01-04;18155;55;5.62;1;415.12
CLI-2978;CRE-2978;Colmar;Habitat;2022-07-28;430728;214;3.66;1;3326.47
CLI-2979;CRE-2979;Strasbourg;Consommation;2021-01-03;20004;36;6.37;1;661.85
CLI-2980;CRE-2980;Strasbourg;Habitat;2020-03-12;314732;282;3.7;1;2086.49
CLI-2981;CRE-2981;Epinal;Habitat;2021-01-07;243937;294;3.69;1;1579.82
CLI-2982;CRE-2982;Strasbourg;Habitat;2020-11-29;430255;231;3.65;0;3171.27
CLI-2983;CRE-2983;Colmar;Habitat;2022-08-29;414620;297;3.77;1;2698.62
CLI-2984;CRE-2984;Epinal;Consommation;2022-02-12;15709;42;6.87;0;463.96
CLI-2985;CRE-2985;Mulhouse;Consommation;2022-08-26;14505;58;6.4;1;327.45
CLI-2986;CRE-2986;Mulhouse;Auto;2021-12-20;28835;39;5.54;0;872.48
CLI-2987;CRE-2987;Colmar;Consommation;2022-03-31;17414;34;6.36;1;604.47
CLI-2988;CRE-2988;Epinal;Habitat;2022-02-10;270295;241;4.12;0;2049.57
CLI-2989;CRE-2989;Strasbourg;Habitat;2019-10-26;364151;214;3.63;1;2803.2
CLI-2990;CRE-2990;Colmar;Consommation;2020-01-22;17389;45;7.48;1;494.81
CLI-2991;CRE-2991;Mulhouse;Consommation;2022-04-19;13374;58;5.92;1;296.56
CLI-2992;CRE-2992;Strasbourg;Habitat;2021-03-31;373924;285;3.73;0;2474.29
CLI-2993;CRE-2993;Mulhouse;Habitat;2019-08-15;235430;288;3.85;0;1572.8
CLI-2994;CRE-2994;Colmar;Consommation;2021-02-21;24191;21;5.57;1;1264.24
CLI-2995;CRE-2995;Strasbourg;Habitat;2022-11-04;267244;265;4.08;0;1917.1
CLI-2996;CRE-2996;Strasbourg;Habitat;2021-03-28;283854;226;3.52;0;2088.63
CLI-2997;CRE-2997;Mulhouse;Consommation;2020-02-22;9076;22;6.63;1;462.69
CLI-2998;CRE-2998;Colmar;Habitat;2020-01-16;207874;182;4.01;1;1836.81
CLI-2999;CRE-2999;Colmar;Auto;2021-10-02;31557;46;4.98;1;816.98
CLI-3000;CRE-3000;Colmar;Habitat;2020-05-20;247673;183;4.17;1;2214.07
CLI-3001;CRE-3001;Epinal;Consommation;2019-03-15;11630;20;6.28;1;642.36
CLI-3002;CRE-3002;Epinal;Consommation;2019-06-29;8998;43;5.95;1;253.87
CLI-3003;CRE-3003;Mulhouse;Auto;2020-07-31;36414;70;5.63;1;691.04
CLI-3004;CRE-3004;Mulhouse;Auto;2022-11-13;30220;47;5.16;1;772.92
CLI-3005;CRE-3005;Mulhouse;Auto;2019-07-01;38441;77;5.79;0;684.71
CLI-3006;CRE-3006;Mulhouse;Habitat;2020-09-29;254022;213;3.54;1;1941.96
CLI-3007;CRE-3007;Epinal;Habitat;2021-09-15;219274;195;3.88;0;1833.47
CLI-3008;CRE-3008;Mulhouse;Habitat;2019-04-08;296618;221;4.06;1;2345.72
CLI-3009;CRE-3009;Epinal;Habitat;2019-04-11;246506;245;3.28;0;1679.93
CLI-3010;CRE-3010;Strasbourg;Habitat;2021-05-26;243471;230;4.04;1;1878.26
CLI-3011;CRE-3011;Mulhouse;Auto;2022-05-14;30216;42;4.99;1;845.08
CLI-3012;CRE-3012;Epinal;Consommation;2022-05-28;15135;34;5.87;1;519.18
CLI-3013;CRE-3013;Epinal;Consommation;2020-06-12;10066;57;7.0;0;235.31
CLI-3014;CRE-3014;Mulhouse;Consommation;2021-04-02;22592;38;5.53;1;698.64
CLI-3015;CRE-3015;Strasbourg;Habitat;2020-06-26;375632;219;3.12;0;2691.86
CLI-3016;CRE-3016;Strasbourg;Auto;2022-08-05;20407;51;5.21;0;488.74
CLI-3017;CRE-3017;Epinal;Habitat;2022-10-24;330368;235;3.64;1;2407.94
CLI-3018;CRE-3018;Strasbourg;Habitat;2021-09-22;161967;259;3.69;1;1123.4
CLI-3019;CRE-3019;Epinal;Auto;2019-12-23;37274;56;4.83;0;815.63
CLI-3020;CRE-3020;Epinal;Consommation;2019-09-14;14917;15;6.71;1;1077.88
CLI-3021;CRE-3021;Strasbourg;Habitat;2020-10-04;307887;231;3.5;1;2230.85
CLI-3022;CRE-3022;Mulhouse;Habitat;2019-03-05;403158;281;3.96;1;2765.15
CLI-3023;CRE-3023;Epinal;Habitat;2020-03-27;385417;238;3.91;1;2875.22
CLI-3024;CRE-3024;Epinal;Auto;2022-02-26;36231;43;5.33;0;1003.51
CLI-3025;CRE-3025;Mulhouse;Consommation;2020-02-11;16074;52;7.08;1;403.95
CLI-3026;CRE-3026;Colmar;Habitat;2020-09-19;303480;267;3.88;1;2117.88
CLI-3027;CRE-3027;Mulhouse;Auto;2021-11-02;16049;63;4.9;1;320.28
CLI-3028;CRE-3028;Colmar;Habitat;2020-04-14;223785;299;4.23;1;1537.29
CLI-3029;CRE-3029;Strasbourg;Auto;2021-02-28;21511;53;5.91;1;511.81
CLI-3030;CRE-3030;Colmar;Consommation;2020-05-23;10524;13;7.42;0;874.61
CLI-3031;CRE-3031;Epinal;Habitat;2020-07-07;279210;195;3.3;0;2199.67
CLI-3032;CRE-3032;Mulhouse;Habitat;2021-06-17;360893;240;3.66;0;2604.44
CLI-3033;CRE-3033;Epinal;Habitat;2019-03-22;182896;222;3.37;1;1337.49
CLI-3034;CRE-3034;Epinal;Auto;2021-02-19;21915;49;5.11;1;540.57
CLI-3035;CRE-3035;Strasbourg;Auto;2019-11-14;23648;38;5.22;1;725.18
CLI-3036;CRE-3036;Mulhouse;Auto;2020-05-31;37873;49;5.84;1;957.23
CLI-3037;CRE-3037;Mulhouse;Consommation;2021-09-18;19461;17;7.16;0;1260.88
CLI-3038;CRE-3038;Epinal;Habitat;2022-11-09;176114;198;3.95;1;1469.17
CLI-3039;CRE-3039;Strasbourg;Habitat;2020-03-13;208007;204;4.26;0;1758.07
CLI-3040;CRE-3040;Colmar;Auto;2022-04-18;27773;59;4.91;0;584.37
CLI-3041;CRE-3041;Colmar;Habitat;2019-02-26;222420;249;3.85;0;1606.85
CLI-3042;CRE-3042;Strasbourg;Auto;2020-05-21;26190;74;5.76;1;479.63
CLI-3043;CRE-3043;Mulhouse;Habitat;2019-07-08;378249;220;3.68;1;2879.28
CLI-3044;CRE-3044;Strasbourg;Auto;2021-11-01;24776;57;4.86;1;535.01
CLI-3045;CRE-3045;Colmar;Habitat;2020-12-27;213896;290;3.59;0;1377.48
CLI-3046;CRE-3046;Epinal;Auto;2020-12-26;17327;50;4.82;0;416.14
CLI-3047;CRE-3047;Strasbourg;Habitat;2019-10-11;175748;281;4.07;1;1221.52
CLI-3048;CRE-3048;Mulhouse;Habitat;2020-02-13;362807;292;3.24;1;2222.07
CLI-3049;CRE-3049;Epinal;Habitat;2022-01-31;156179;240;4.22;0;1199.98
CLI-3050;CRE-3050;Epinal;Habitat;2019-04-16;443171;270;3.49;1;2930.26
CLI-3051;CRE-3051;Mulhouse;Habitat;2021-06-17;174614;237;3.86;1;1298.44
CLI-3052;CRE-3052;Mulhouse;Auto;2022-06-23;25381;83;5.35;1;418.95
CLI-3053;CRE-3053;Mulhouse;Auto;2022-09-09;31510;51;5.01;0;749.4
CLI-3054;CRE-3054;Mulhouse;Consommation;2019-01-30;16439;26;5.71;1;710.49
CLI-3055;CRE-3055;Strasbourg;Habitat;2019-07-12;339320;226;3.81;1;2578.76
CLI-3056;CRE-3056;Epinal;Auto;2019-06-25;43576;79;5.83;0;763.3
CLI-3057;CRE-3057;Strasbourg;Habitat;2021-03-19;409549;237;3.38;1;2881.62
CLI-3058;CRE-3058;Mulhouse;Habitat;2021-03-20;436495;188;3.61;1;3634.9
CLI-3059;CRE-3059;Colmar;Auto;2022-03-13;37553;44;5.93;1;1039.05
CLI-3060;CRE-3060;Strasbourg;Habitat;2022-10-31;318887;258;4.06;1;2314.9
CLI-3061;CRE-3061;Epinal;Auto;2021-03-24;26639;75;5.59;1;479.28
CLI-3062;CRE-3062;Mulhouse;Auto;2022-04-15;33978;66;4.88;0;653.0
CLI-3063;CRE-3063;Colmar;Habitat;2020-01-05;209894;189;3.87;0;1787.46
CLI-3064;CRE-3064;Colmar;Consommation;2021-11-25;24580;34;7.29;1;872.26
CLI-3065;CRE-3065;Epinal;Auto;2020-12-14;39695;71;5.65;0;745.98
CLI-3066;CRE-3066;Epinal;Consommation;2020-09-10;17484;57;5.84;1;391.83
CLI-3067;CRE-3067;Strasbourg;Auto;2019-08-04;30227;64;5.73;0;616.63
CLI-3068;CRE-3068;Colmar;Habitat;2020-12-26;157513;293;4.21;1;1090.2
CLI-3069;CRE-3069;Epinal;Consommation;2019-02-04;24774;54;5.7;0;576.45
CLI-3070;CRE-3070;Strasbourg;Habitat;2020-11-27;248199;220;3.75;1;1903.8
CLI-3071;CRE-3071;Epinal;Habitat;2022-05-21;424067;273;3.77;0;2885.64
CLI-3072;CRE-3072;Epinal;Consommation;2021-08-28;13878;57;6.98;0;324.2
CLI-3073;CRE-3073;Epinal;Habitat;2022-01-23;218396;230;3.75;1;1632.04
CLI-3074;CRE-3074;Colmar;Auto;2020-02-25;32155;49;5.83;1;812.44
CLI-3075;CRE-3075;Epinal;Consommation;2021-03-14;12603;17;7.27;0;817.71
CLI-3076;CRE-3076;Strasbourg;Habitat;2021-03-16;357913;214;3.69;1;2773.07
CLI-3077;CRE-3077;Strasbourg;Habitat;2022-05-22;297314;295;3.86;1;1964.2
CLI-3078;CRE-3078;Mulhouse;Habitat;2020-11-16;154824;256;4.23;0;1150.54
CLI-3079;CRE-3079;Epinal;Habitat;2021-07-12;197132;248;3.79;0;1417.5
CLI-3080;CRE-3080;Mulhouse;Habitat;2021-03-13;198536;235;4.12;1;1526.47
CLI-3081;CRE-3081;Epinal;Consommation;2020-12-09;19150;45;5.6;0;514.92
CLI-3082;CRE-3082;Epinal;Auto;2021-04-06;40338;72;5.31;1;738.75
CLI-3083;CRE-3083;Epinal;Habitat;2021-01-22;214514;283;4.14;0;1498.07
CLI-3084;CRE-3084;Colmar;Habitat;2020-10-05;403703;239;3.58;0;2893.51
CLI-3085;CRE-3085;Strasbourg;Consommation;2020-09-06;22708;56;5.71;1;513.55
CLI-3086;CRE-3086;Mulhouse;Habitat;2021-03-08;151198;180;4.16;1;1364.14
CLI-3087;CRE-3087;Mulhouse;Habitat;2020-12-06;378032;276;3.57;1;2494.33
CLI-3088;CRE-3088;Mulhouse;Consommation;2019-03-12;17266;45;7.01;1;484.55
CLI-3089;CRE-3089;Strasbourg;Consommation;2020-10-09;20071;48;6.98;1;534.89
CLI-3090;CRE-3090;Epinal;Auto;2022-02-19;29925;50;5.78;1;742.64
CLI-3091;CRE-3091;Mulhouse;Habitat;2020-09-11;251187;225;3.54;1;1857.39
CLI-3092;CRE-3092;Mulhouse;Habitat;2022-08-26;351515;192;3.78;1;2938.08
CLI-3093;CRE-3093;Epinal;Habitat;2021-12-19;285735;269;3.85;1;1978.95
CLI-3094;CRE-3094;Epinal;Consommation;2022-04-09;15215;32;6.49;1;557.76
CLI-3095;CRE-3095;Strasbourg;Consommation;2019-07-31;22972;16;6.08;1;1552.14
CLI-3096;CRE-3096;Strasbourg;Habitat;2021-10-01;391102;261;3.91;0;2772.82
CLI-3097;CRE-3097;Strasbourg;Auto;2020-08-19;34715;73;5.38;0;631.19
CLI-3098;CRE-3098;Epinal;Habitat;2020-10-28;265808;238;3.25;0;1836.74
CLI-3099;CRE-3099;Epinal;Auto;2020-11-10;19418;73;5.41;1;353.54
CLI-3100;CRE-3100;Mulhouse;Consommation;2021-12-20;22282;12;7.2;0;1990.53
CLI-3101;CRE-3101;Strasbourg;Consommation;2020-03-06;12427;24;6.96;0;589.87
CLI-3102;CRE-3102;Colmar;Auto;2022-01-18;42963;56;5.86;0;977.0
CLI-3103;CRE-3103;Mulhouse;Auto;2022-10-02;42749;65;5.4;1;850.05
CLI-3104;CRE-3104;Strasbourg;Habitat;2022-02-24;368826;197;3.49;0;2944.88
CLI-3105;CRE-3105;Mulhouse;Habitat;2022-09-01;433512;265;3.03;1;2730.51
CLI-3106;CRE-3106;Epinal;Consommation;2021-08-20;11327;50;5.97;1;282.89
CLI-3107;CRE-3107;Colmar;Consommation;2019-12-14;7108;29;5.62;0;278.39
CLI-3108;CRE-3108;Colmar;Habitat;2021-05-06;337992;206;3.74;1;2694.15
CLI-3109;CRE-3109;Epinal;Auto;2022-03-25;20840;51;5.41;1;502.58
CLI-3110;CRE-3110;Epinal;Auto;2022-07-08;21920;49;5.72;0;551.83
CLI-3111;CRE-3111;Epinal;Habitat;2021-02-01;384008;236;3.35;1;2699.17
CLI-3112;CRE-3112;Strasbourg;Habitat;2020-09-15;449584;219;3.52;1;3371.67
CLI-3113;CRE-3113;Strasbourg;Habitat;2021-07-24;153752;292;3.88;1;1023.68
CLI-3114;CRE-3114;Colmar;Auto;2020-01-22;39641;76;4.79;1;679.83
CLI-3115;CRE-3115;Epinal;Habitat;2020-05-26;154950;285;3.59;1;1007.24
CLI-3116;CRE-3116;Epinal;Consommation;2022-06-14;15680;19;7.2;1;919.34
CLI-3117;CRE-3117;Strasbourg;Habitat;2022-08-20;435704;223;3.45;1;3206.48
CLI-3118;CRE-3118;Colmar;Auto;2020-02-16;41246;64;5.53;1;834.54
CLI-3119;CRE-3119;Epinal;Consommation;2020-08-16;15649;27;6.31;1;661.88
CLI-3120;CRE-3120;Strasbourg;Habitat;2021-06-22;221053;269;3.54;0;1473.86
CLI-3121;CRE-3121;Colmar;Habitat;2021-12-19;263130;265;3.74;1;1813.03
CLI-3122;CRE-3122;Epinal;Consommation;2022-10-24;15652;53;6.59;0;381.28
CLI-3123;CRE-3123;Colmar;Habitat;2020-05-27;187747;292;4.28;1;1312.6
CLI-3124;CRE-3124;Epinal;Habitat;2022-07-27;151256;231;4.25;1;1190.49
CLI-3125;CRE-3125;Strasbourg;Habitat;2020-01-08;191008;272;3.77;0;1302.32
CLI-3126;CRE-3126;Colmar;Habitat;2022-11-13;326299;276;3.2;1;2052.37
CLI-3127;CRE-3127;Mulhouse;Consommation;2019-12-06;9959;42;6.95;1;294.8
CLI-3128;CRE-3128;Colmar;Habitat;2019-10-15;248376;267;3.88;1;1733.33
CLI-3129;CRE-3129;Strasbourg;Habitat;2021-01-30;432561;257;3.67;0;3006.03
CLI-3130;CRE-3130;Epinal;Auto;2019-06-11;18243;38;4.88;0;554.27
CLI-3131;CRE-3131;Colmar;Consommation;2022-11-02;23727;27;5.89;1;995.24
CLI-3132;CRE-3132;Epinal;Habitat;2020-12-24;212729;196;3.63;1;1728.86
CLI-3133;CRE-3133;Colmar;Auto;2019-11-19;40944;49;5.13;1;1010.63
CLI-3134;CRE-3134;Colmar;Habitat;2019-02-18;211960;198;3.66;1;1716.98
CLI-3135;CRE-3135;Colmar;Habitat;2022-01-03;342453;206;4.06;0;2821.03
CLI-3136;CRE-3136;Colmar;Habitat;2021-05-29;329453;252;3.8;0;2350.62
CLI-3137;CRE-3137;Mulhouse;Habitat;2022-06-09;278543;273;4.14;1;1981.28
CLI-3138;CRE-3138;Mulhouse;Habitat;2019-04-09;391679;182;3.43;1;3271.63
CLI-3139;CRE-3139;Epinal;Auto;2020-06-27;25509;81;5.81;1;438.43
CLI-3140;CRE-3140;Strasbourg;Consommation;2021-05-24;17574;12;6.06;0;1553.25
CLI-3141;CRE-3141;Mulhouse;Habitat;2022-02-26;401775;223;3.28;1;2899.87
CLI-3142;CRE-3142;Colmar;Habitat;2021-05-31;217834;256;3.64;1;1511.68
CLI-3143;CRE-3143;Mulhouse;Habitat;2020-02-14;305767;204;3.91;1;2495.15
CLI-3144;CRE-3144;Epinal;Consommation;2021-07-30;14960;36;6.45;0;495.97
CLI-3145;CRE-3145;Strasbourg;Habitat;2019-05-03;343031;187;3.79;1;2917.8
CLI-3146;CRE-3146;Strasbourg;Habitat;2020-10-13;316910;268;3.8;0;2186.05
CLI-3147;CRE-3147;Colmar;Habitat;2020-05-14;173148;271;3.53;1;1148.27
CLI-3148;CRE-3148;Mulhouse;Auto;2021-08-04;29790;49;5.43;1;742.76
CLI-3149;CRE-3149;Colmar;Auto;2022-08-03;24756;53;4.96;1;569.42
CLI-3150;CRE-3150;Mulhouse;Habitat;2021-03-14;261186;293;3.67;0;1690.21
CLI-3151;CRE-3151;Mulhouse;Habitat;2022-02-12;319368;200;3.24;0;2459.13
CLI-3152;CRE-3152;Colmar;Habitat;2022-06-03;213414;264;4.17;1;1550.0
CLI-3153;CRE-3153;Strasbourg;Auto;2021-02-16;29258;37;5.48;1;924.37
CLI-3154;CRE-3154;Mulhouse;Habitat;2020-10-27;215583;247;3.61;1;1521.35
CLI-3155;CRE-3155;Colmar;Consommation;2020-12-08;15586;45;6.49;1;430.65
CLI-3156;CRE-3156;Epinal;Consommation;2020-11-29;12575;32;6.35;1;459.51
CLI-3157;CRE-3157;Colmar;Habitat;2020-06-16;237697;286;3.3;1;1484.78
CLI-3158;CRE-3158;Colmar;Habitat;2021-10-16;225208;223;3.72;1;1708.05
CLI-3159;CRE-3159;Colmar;Auto;2019-03-29;32924;46;5.7;0;872.13
CLI-3160;CRE-3160;Strasbourg;Consommation;2020-12-28;11661;47;6.34;1;309.72
CLI-3161;CRE-3161;Epinal;Habitat;2021-04-13;244035;190;4.22;1;2142.58
CLI-3162;CRE-3162;Colmar;Consommation;2022-05-26;13069;16;6.12;0;883.46
CLI-3163;CRE-3163;Mulhouse;Consommation;2022-06-28;10885;20;6.58;0;603.94
CLI-3164;CRE-3164;Mulhouse;Habitat;2019-03-09;195752;188;3.94;1;1683.95
CLI-3165;CRE-3165;Colmar;Consommation;2021-04-14;12185;42;5.69;0;347.9
CLI-3166;CRE-3166;Strasbourg;Consommation;2019-11-12;11199;38;6.86;1;358.73
CLI-3167;CRE-3167;Strasbourg;Consommation;2021-05-24;24587;48;7.25;0;660.78
CLI-3168;CRE-3168;Epinal;Habitat;2021-06-27;337686;198;3.22;0;2611.61
CLI-3169;CRE-3169;Colmar;Habitat;2020-03-21;295608;254;3.51;1;2028.46
CLI-3170;CRE-3170;Strasbourg;Habitat;2021-04-14;378398;296;3.44;1;2363.11
CLI-3171;CRE-3171;Mulhouse;Consommation;2021-07-29;10560;41;5.68;1;307.54
CLI-3172;CRE-3172;Strasbourg;Habitat;2021-08-06;180401;235;3.6;1;1308.87
CLI-3173;CRE-3173;Epinal;Habitat;2020-04-23;348943;235;3.98;1;2642.19
CLI-3174;CRE-3174;Strasbourg;Consommation;2020-04-14;18776;15;5.76;1;1341.86
CLI-3175;CRE-3175;Colmar;Consommation;2021-09-12;5472;41;7.48;1;167.57
CLI-3176;CRE-3176;Colmar;Habitat;2022-07-04;211331;289;4.02;1;1439.21
CLI-3177;CRE-3177;Epinal;Habitat;2022-07-27;394230;221;3.5;0;2933.68
CLI-3178;CRE-3178;Colmar;Habitat;2022-04-21;330459;253;3.27;0;2206.66
CLI-3179;CRE-3179;Strasbourg;Auto;2019-02-16;23363;46;5.44;1;613.8
CLI-3180;CRE-3180;Strasbourg;Habitat;2019-09-12;175738;250;3.97;0;1284.35
CLI-3181;CRE-3181;Epinal;Habitat;2021-03-25;157228;198;4.11;0;1332.59
CLI-3182;CRE-3182;Colmar;Habitat;2022-01-22;414564;209;3.59;1;3223.8
CLI-3183;CRE-3183;Strasbourg;Habitat;2021-10-19;375805;200;3.36;1;2931.28
CLI-3184;CRE-3184;Colmar;Consommation;2020-04-26;23609;25;6.46;1;1071.46
CLI-3185;CRE-3185;Epinal;Habitat;2022-04-23;248176;207;4.02;0;2030.31
CLI-3186;CRE-3186;Strasbourg;Habitat;2021-07-30;435794;293;3.65;1;2812.89
CLI-3187;CRE-3187;Epinal;Habitat;2019-03-28;440070;280;3.58;1;2884.55
CLI-3188;CRE-3188;Epinal;Auto;2020-11-11;18820;53;5.79;1;445.9
CLI-3189;CRE-3189;Strasbourg;Auto;2022-04-08;29265;81;5.94;0;506.16
CLI-3190;CRE-3190;Mulhouse;Habitat;2019-08-12;449029;234;3.46;0;3213.63
CLI-3191;CRE-3191;Mulhouse;Auto;2019-07-27;18517;49;5.8;1;467.4
CLI-3192;CRE-3192;Epinal;Consommation;2020-04-06;15954;56;7.34;1;382.48
CLI-3193;CRE-3193;Strasbourg;Habitat;2020-09-27;413034;268;3.07;1;2597.85
CLI-3194;CRE-3194;Epinal;Habitat;2020-06-27;343326;299;3.27;0;2083.81
CLI-3195;CRE-3195;Epinal;Consommation;2020-10-20;22911;15;6.27;0;1647.11
CLI-3196;CRE-3196;Colmar;Consommation;2021-02-24;21488;56;7.41;1;516.4
CLI-3197;CRE-3197;Epinal;Habitat;2021-03-24;174692;254;4.0;1;1270.07
CLI-3198;CRE-3198;Colmar;Consommation;2020-08-11;5230;13;5.73;1;427.28
CLI-3199;CRE-3199;Epinal;Consommation;2020-03-01;18878;50;5.66;1;466.6
CLI-3200;CRE-3200;Strasbourg;Consommation;2019-05-19;21406;31;6.35;0;803.79
CLI-3201;CRE-3201;Epinal;Consommation;2020-03-13;10069;30;6.51;1;390.26
CLI-3202;CRE-3202;Mulhouse;Habitat;2021-08-03;253619;187;3.3;1;2053.7
CLI-3203;CRE-3203;Mulhouse;Habitat;2020-09-23;414549;199;3.67;0;3350.99
CLI-3204;CRE-3204;Strasbourg;Habitat;2019-03-08;442677;196;3.51;1;3553.39
CLI-3205;CRE-3205;Strasbourg;Habitat;2022-07-02;436029;215;3.94;1;3459.67
CLI-3206;CRE-3206;Strasbourg;Consommation;2021-12-03;22818;27;7.42;0;986.2
CLI-3207;CRE-3207;Mulhouse;Habitat;2019-02-23;336272;210;4.07;0;2741.82
CLI-3208;CRE-3208;Mulhouse;Consommation;2021-01-16;14999;34;7.04;0;529.14
CLI-3209;CRE-3209;Colmar;Consommation;2020-10-02;17735;14;6.11;1;1357.09
CLI-3210;CRE-3210;Mulhouse;Habitat;2019-04-16;160405;212;3.73;1;1255.22
CLI-3211;CRE-3211;Strasbourg;Habitat;2022-10-18;428070;243;3.08;1;2860.32
CLI-3212;CRE-3212;Strasbourg;Auto;2019-08-13;26038;39;5.89;1;795.44
CLI-3213;CRE-3213;Strasbourg;Habitat;2020-12-12;253438;203;3.86;1;2063.69
CLI-3214;CRE-3214;Colmar;Habitat;2022-10-18;217934;276;4.22;0;1556.02
CLI-3215;CRE-3215;Epinal;Habitat;2022-08-25;159099;194;3.61;0;1298.72
CLI-3216;CRE-3216;Colmar;Consommation;2022-07-04;10473;35;5.54;0;347.58
CLI-3217;CRE-3217;Mulhouse;Habitat;2021-08-30;373572;214;3.82;1;2934.87
CLI-3218;CRE-3218;Strasbourg;Habitat;2021-07-05;339001;265;4.03;1;2417.73
CLI-3219;CRE-3219;Mulhouse;Consommation;2022-09-30;8470;49;5.78;1;213.65
CLI-3220;CRE-3220;Epinal;Consommation;2022-01-16;10106;33;6.21;0;358.54
CLI-3221;CRE-3221;Epinal;Habitat;2019-02-17;429251;211;3.38;1;3243.42
CLI-3222;CRE-3222;Mulhouse;Auto;2019-06-07;40687;47;5.76;0;1060.98
CLI-3223;CRE-3223;Strasbourg;Habitat;2021-11-30;327795;191;3.92;1;2787.0
CLI-3224;CRE-3224;Epinal;Habitat;2021-01-03;179529;252;3.89;1;1294.39
CLI-3225;CRE-3225;Strasbourg;Habitat;2021-07-09;375102;206;3.92;1;3046.22
CLI-3226;CRE-3226;Strasbourg;Habitat;2022-04-16;337621;291;3.75;0;2215.28
CLI-3227;CRE-3227;Mulhouse;Habitat;2019-03-20;345701;259;3.94;1;2469.8
CLI-3228;CRE-3228;Epinal;Habitat;2021-01-01;239171;208;4.06;0;1959.06
CLI-3229;CRE-3229;Strasbourg;Consommation;2020-07-16;6829;13;7.24;1;566.51
CLI-3230;CRE-3230;Strasbourg;Consommation;2021-11-16;8311;28;6.81;0;343.99
CLI-3231;CRE-3231;Colmar;Habitat;2022-03-25;329336;183;3.55;1;2773.94
CLI-3232;CRE-3232;Strasbourg;Habitat;2019-03-05;172525;280;3.94;1;1182.62
CLI-3233;CRE-3233;Strasbourg;Consommation;2020-06-18;14770;26;6.31;1;645.74
CLI-3234;CRE-3234;Strasbourg;Auto;2020-06-05;30311;52;5.43;0;720.06
CLI-3235;CRE-3235;Mulhouse;Habitat;2021-02-26;207925;282;3.81;1;1397.48
CLI-3236;CRE-3236;Colmar;Auto;2021-10-21;38000;79;5.28;1;648.21
CLI-3237;CRE-3237;Mulhouse;Consommation;2019-10-24;19937;45;6.46;0;550.37
CLI-3238;CRE-3238;Mulhouse;Habitat;2022-04-10;376683;236;3.51;0;2697.91
CLI-3239;CRE-3239;Strasbourg;Habitat;2021-01-17;269797;261;3.4;0;1798.13
CLI-3240;CRE-3240;Colmar;Habitat;2022-01-08;154717;192;3.44;0;1249.34
CLI-3241;CRE-3241;Colmar;Consommation;2022-03-17;21435;38;6.37;1;677.86
CLI-3242;CRE-3242;Epinal;Auto;2021-02-08;33701;80;5.83;1;584.99
CLI-3243;CRE-3243;Strasbourg;Habitat;2021-09-17;265018;193;3.45;1;2135.08
CLI-3244;CRE-3244;Mulhouse;Auto;2020-11-06;23243;65;5.21;1;458.5
CLI-3245;CRE-3245;Epinal;Auto;2021-01-29;42121;64;5.35;0;845.93
CLI-3246;CRE-3246;Colmar;Consommation;2019-11-23;21984;13;6.9;1;1817.48
CLI-3247;CRE-3247;Epinal;Habitat;2021-08-04;322496;207;3.99;0;2630.25
CLI-3248;CRE-3248;Mulhouse;Auto;2019-08-25;44968;71;5.38;1;834.96
CLI-3249;CRE-3249;Strasbourg;Auto;2020-08-19;19100;60;5.19;0;400.94
CLI-3250;CRE-3250;Mulhouse;Auto;2022-09-29;37469;67;5.51;0;731.28
CLI-3251;CRE-3251;Mulhouse;Consommation;2021-07-09;23303;59;6.41;1;519.44
CLI-3252;CRE-3252;Mulhouse;Habitat;2019-07-05;362824;297;3.96;1;2418.95
CLI-3253;CRE-3253;Epinal;Auto;2019-12-16;41338;59;5.87;1;902.86
CLI-3254;CRE-3254;Epinal;Auto;2019-03-21;26180;76;5.35;0;461.19
CLI-3255;CRE-3255;Colmar;Auto;2021-11-16;21777;79;5.34;0;372.57
CLI-3256;CRE-3256;Epinal;Habitat;2019-09-13;240944;230;3.68;1;1786.48
CLI-3257;CRE-3257;Epinal;Consommation;2021-05-20;13612;51;5.94;1;334.28
CLI-3258;CRE-3258;Strasbourg;Auto;2022-06-20;16482;64;5.93;0;338.98
CLI-3259;CRE-3259;Colmar;Consommation;2021-10-21;7430;21;5.88;1;390.22
CLI-3260;CRE-3260;Strasbourg;Consommation;2020-04-16;10524;26;5.56;1;453.53
CLI-3261;CRE-3261;Epinal;Habitat;2021-11-07;235536;257;3.3;1;1564.21
CLI-3262;CRE-3262;Epinal;Consommation;2022-04-14;9252;26;6.83;1;408.51
CLI-3263;CRE-3263;Colmar;Habitat;2020-11-13;319850;242;3.44;0;2238.6
CLI-3264;CRE-3264;Epinal;Consommation;2021-02-06;21511;19;6.83;1;1254.59
CLI-3265;CRE-3265;Mulhouse;Habitat;2019-06-21;205014;290;3.84;1;1362.99
CLI-3266;CRE-3266;Colmar;Habitat;2022-06-19;157439;262;3.35;1;1040.43
CLI-3267;CRE-3267;Colmar;Habitat;2021-12-05;384633;225;3.3;1;2767.22
CLI-3268;CRE-3268;Colmar;Consommation;2021-05-21;13196;54;5.52;1;305.07
CLI-3269;CRE-3269;Epinal;Habitat;2020-05-16;299962;203;3.77;1;2420.03
CLI-3270;CRE-3270;Mulhouse;Habitat;2021-04-22;399707;186;3.11;1;3184.87
CLI-3271;CRE-3271;Colmar;Auto;2020-10-17;25446;57;5.83;1;570.05
CLI-3272;CRE-3272;Strasbourg;Consommation;2021-08-28;8612;46;7.14;1;238.46
CLI-3273;CRE-3273;Mulhouse;Consommation;2019-02-04;21220;35;6.5;1;721.23
CLI-3274;CRE-3274;Strasbourg;Habitat;2021-07-05;203085;216;4.16;1;1644.24
CLI-3275;CRE-3275;Strasbourg;Consommation;2021-12-13;12113;23;5.64;1;583.58
CLI-3276;CRE-3276;Strasbourg;Habitat;2020-08-15;223315;263;3.53;0;1506.02
CLI-3277;CRE-3277;Colmar;Habitat;2019-10-13;393938;284;3.69;1;2598.46
CLI-3278;CRE-3278;Epinal;Habitat;2020-06-08;173855;232;4.04;1;1334.69
CLI-3279;CRE-3279;Strasbourg;Habitat;2022-01-08;428156;271;3.91;1;2974.99
CLI-3280;CRE-3280;Mulhouse;Consommation;2021-06-07;11387;52;5.79;1;273.92
CLI-3281;CRE-3281;Colmar;Consommation;2022-01-22;16910;30;5.76;1;644.83
CLI-3282;CRE-3282;Mulhouse;Consommation;2020-11-09;17078;47;6.59;1;457.15
CLI-3283;CRE-3283;Colmar;Auto;2020-01-25;15377;82;5.34;0;255.95
CLI-3284;CRE-3284;Mulhouse;Habitat;2022-06-01;239925;228;4.03;1;1858.05
CLI-3285;CRE-3285;Mulhouse;Habitat;2021-11-04;299408;207;3.18;1;2239.85
CLI-3286;CRE-3286;Epinal;Habitat;2021-12-01;239840;212;3.82;1;1894.81
CLI-3287;CRE-3287;Strasbourg;Auto;2022-02-09;23386;72;5.88;1;439.4
CLI-3288;CRE-3288;Epinal;Habitat;2021-03-13;175930;291;3.45;1;1110.37
CLI-3289;CRE-3289;Epinal;Consommation;2019-10-03;10505;15;6.39;0;756.27
CLI-3290;CRE-3290;Colmar;Consommation;2021-01-11;10814;29;6.61;1;432.46
CLI-3291;CRE-3291;Strasbourg;Habitat;2021-09-09;415512;215;3.27;1;3064.88
CLI-3292;CRE-3292;Strasbourg;Consommation;2022-06-12;23664;16;5.68;0;1591.01
CLI-3293;CRE-3293;Mulhouse;Consommation;2021-05-18;23009;53;6.03;0;549.75
CLI-3294;CRE-3294;Strasbourg;Habitat;2019-07-03;419247;260;3.55;1;2852.76
CLI-3295;CRE-3295;Epinal;Habitat;2020-05-17;219987;209;3.47;1;1688.7
CLI-3296;CRE-3296;Colmar;Habitat;2020-01-24;346328;211;3.46;1;2639.94
CLI-3297;CRE-3297;Strasbourg;Habitat;2020-12-20;216358;246;3.37;1;1487.11
CLI-3298;CRE-3298;Strasbourg;Consommation;2022-09-05;23732;42;6.58;0;695.18
CLI-3299;CRE-3299;Strasbourg;Auto;2020-06-14;31473;71;5.23;0;580.45
CLI-3300;CRE-3300;Epinal;Habitat;2019-09-11;420669;230;3.56;1;3076.98
CLI-3301;CRE-3301;Epinal;Habitat;2020-02-05;355413;212;3.21;1;2627.21
CLI-3302;CRE-3302;Mulhouse;Auto;2019-06-11;37807;52;5.65;1;905.07
CLI-3303;CRE-3303;Colmar;Habitat;2022-07-17;388270;219;3.92;1;3041.27
CLI-3304;CRE-3304;Epinal;Auto;2020-08-23;38026;65;5.1;0;746.63
CLI-3305;CRE-3305;Strasbourg;Habitat;2021-11-28;430318;286;3.35;1;2705.91
CLI-3306;CRE-3306;Colmar;Habitat;2020-07-17;174293;271;4.05;0;1231.39
CLI-3307;CRE-3307;Colmar;Habitat;2021-09-14;249153;230;4.03;1;1920.01
CLI-3308;CRE-3308;Colmar;Consommation;2019-08-11;8065;48;5.55;1;205.32
CLI-3309;CRE-3309;Mulhouse;Consommation;2019-03-09;20337;26;7.26;1;905.23
CLI-3310;CRE-3310;Mulhouse;Habitat;2021-08-12;188007;290;3.59;0;1210.75
CLI-3311;CRE-3311;Strasbourg;Habitat;2021-08-19;183233;293;3.69;1;1188.81
CLI-3312;CRE-3312;Strasbourg;Habitat;2022-02-14;372143;223;3.85;1;2862.76
CLI-3313;CRE-3313;Epinal;Consommation;2021-09-10;11351;12;7.38;1;1015.73
CLI-3314;CRE-3314;Strasbourg;Consommation;2020-07-06;9327;17;7.15;1;604.22
CLI-3315;CRE-3315;Strasbourg;Habitat;2020-05-26;299262;267;3.37;1;1961.26
CLI-3316;CRE-3316;Strasbourg;Habitat;2020-10-03;324805;267;3.27;0;2101.59
CLI-3317;CRE-3317;Mulhouse;Habitat;2021-03-03;350837;214;3.34;1;2615.92
CLI-3318;CRE-3318;Mulhouse;Habitat;2019-06-16;154958;202;3.75;0;1251.36
CLI-3319;CRE-3319;Mulhouse;Consommation;2020-11-06;18035;47;6.11;1;475.55
CLI-3320;CRE-3320;Epinal;Habitat;2020-06-11;270757;239;4.16;0;2071.5
CLI-3321;CRE-3321;Strasbourg;Auto;2019-10-24;32185;43;4.79;1;876.96
CLI-3322;CRE-3322;Strasbourg;Habitat;2022-05-17;257197;297;3.91;0;1704.02
CLI-3323;CRE-3323;Strasbourg;Habitat;2020-12-05;405388;270;3.42;0;2656.79
CLI-3324;CRE-3324;Mulhouse;Consommation;2021-12-17;19017;39;5.95;1;581.91
CLI-3325;CRE-3325;Colmar;Consommation;2021-04-29;6421;59;5.71;1;139.38
CLI-3326;CRE-3326;Colmar;Habitat;2021-03-23;293366;257;3.57;1;2014.27
CLI-3327;CRE-3327;Colmar;Habitat;2020-03-06;390431;265;3.39;1;2576.29
CLI-3328;CRE-3328;Colmar;Habitat;2020-12-29;296174;286;3.6;0;1924.1
CLI-3329;CRE-3329;Strasbourg;Habitat;2022-04-26;386055;298;3.74;0;2498.69
CLI-3330;CRE-3330;Colmar;Consommation;2022-01-15;23184;52;6.87;1;578.57
CLI-3331;CRE-3331;Strasbourg;Consommation;2021-05-29;23344;16;6.97;1;1594.59
CLI-3332;CRE-3332;Colmar;Habitat;2019-10-28;177883;246;4.27;1;1356.07
CLI-3333;CRE-3333;Colmar;Habitat;2020-05-26;322599;240;3.43;1;2266.26
CLI-3334;CRE-3334;Mulhouse;Auto;2021-08-30;21341;60;5.26;1;449.23
CLI-3335;CRE-3335;Strasbourg;Habitat;2021-09-29;238391;248;4.02;1;1759.86
CLI-3336;CRE-3336;Colmar;Auto;2021-09-07;42990;41;5.73;1;1253.81
CLI-3337;CRE-3337;Colmar;Auto;2020-05-12;19691;40;5.3;0;579.24
CLI-3338;CRE-3338;Strasbourg;Consommation;2021-02-06;11310;52;7.43;1;287.53
CLI-3339;CRE-3339;Epinal;Habitat;2020-01-14;399430;226;3.7;1;2998.97
CLI-3340;CRE-3340;Mulhouse;Habitat;2020-03-02;228188;248;4.04;0;1688.35
CLI-3341;CRE-3341;Mulhouse;Consommation;2022-06-26;15964;20;6.52;0;884.94
CLI-3342;CRE-3342;Colmar;Habitat;2022-03-06;237621;251;3.76;1;1691.24
CLI-3343;CRE-3343;Strasbourg;Habitat;2022-04-15;318114;257;3.69;0;2216.0
CLI-3344;CRE-3344;Colmar;Consommation;2020-06-09;22827;22;5.85;1;1148.87
CLI-3345;CRE-3345;Epinal;Consommation;2022-03-21;9146;48;5.89;0;235.43
CLI-3346;CRE-3346;Mulhouse;Habitat;2021-05-22;159709;210;3.5;1;1226.34
CLI-3347;CRE-3347;Strasbourg;Consommation;2022-08-12;19603;26;6.83;1;865.54
CLI-3348;CRE-3348;Colmar;Habitat;2020-11-23;288649;246;3.51;1;2017.67
CLI-3349;CRE-3349;Colmar;Auto;2021-07-19;43152;69;5.43;1;820.65
CLI-3350;CRE-3350;Epinal;Habitat;2019-08-14;158592;248;3.51;1;1103.37
CLI-3351;CRE-3351;Mulhouse;Consommation;2022-01-07;10154;56;6.55;1;236.75
CLI-3352;CRE-3352;Mulhouse;Consommation;2020-08-23;21792;45;7.25;1;615.93
CLI-3353;CRE-3353;Mulhouse;Habitat;2020-08-23;327803;280;3.44;1;2110.43
CLI-3354;CRE-3354;Strasbourg;Habitat;2021-02-02;417992;267;3.92;0;2930.95
CLI-3355;CRE-3355;Strasbourg;Consommation;2020-08-27;18455;32;7.08;1;685.6
CLI-3356;CRE-3356;Strasbourg;Habitat;2021-09-19;345549;274;3.81;1;2358.25
CLI-3357;CRE-3357;Colmar;Auto;2022-03-15;29328;47;4.79;0;741.07
CLI-3358;CRE-3358;Epinal;Habitat;2020-03-04;230766;241;3.49;1;1628.68
CLI-3359;CRE-3359;Colmar;Auto;2021-11-28;19013;68;4.78;1;355.34
CLI-3360;CRE-3360;Colmar;Consommation;2021-04-12;23028;33;7.32;1;838.29
CLI-3361;CRE-3361;Epinal;Habitat;2022-04-22;162041;258;3.65;1;1120.94
CLI-3362;CRE-3362;Colmar;Consommation;2022-08-26;19602;43;6.88;1;568.25
CLI-3363;CRE-3363;Epinal;Auto;2020-10-20;26346;40;5.02;1;768.86
CLI-3364;CRE-3364;Mulhouse;Consommation;2021-10-05;16694;36;6.86;0;559.16
CLI-3365;CRE-3365;Strasbourg;Habitat;2020-01-18;191782;262;3.74;1;1329.71
CLI-3366;CRE-3366;Mulhouse;Habitat;2019-04-02;280543;265;3.2;0;1806.77
CLI-3367;CRE-3367;Colmar;Habitat;2019-11-06;418532;245;3.6;1;2963.89
CLI-3368;CRE-3368;Strasbourg;Habitat;2020-03-10;434624;247;3.59;1;3059.86
CLI-3369;CRE-3369;Epinal;Consommation;2019-12-11;14950;35;7.45;1;519.96
CLI-3370;CRE-3370;Colmar;Habitat;2021-07-09;349019;298;3.25;1;2116.46
CLI-3371;CRE-3371;Strasbourg;Habitat;2020-04-10;404634;207;3.64;1;3182.14
CLI-3372;CRE-3372;Epinal;Habitat;2022-10-26;205790;229;3.88;1;1564.03
CLI-3373;CRE-3373;Colmar;Auto;2022-02-23;32343;82;5.81;1;551.02
CLI-3374;CRE-3374;Mulhouse;Consommation;2022-01-15;8340;58;6.1;1;186.19
CLI-3375;CRE-3375;Strasbourg;Consommation;2021-05-30;18853;21;7.28;1;1012.14
CLI-3376;CRE-3376;Epinal;Habitat;2021-07-01;416580;237;3.09;1;2830.42
CLI-3377;CRE-3377;Mulhouse;Habitat;2020-07-03;265576;202;3.32;1;2049.49
CLI-3378;CRE-3378;Mulhouse;Auto;2020-12-21;15960;39;5.84;1;486.9
CLI-3379;CRE-3379;Mulhouse;Consommation;2022-08-30;11518;48;6.81;1;305.32
CLI-3380;CRE-3380;Colmar;Consommation;2021-07-14;6100;26;7.11;0;270.76
CLI-3381;CRE-3381;Colmar;Habitat;2020-01-08;424074;240;3.78;1;3102.81
CLI-3382;CRE-3382;Mulhouse;Habitat;2021-08-02;307247;284;4.14;1;2141.86
CLI-3383;CRE-3383;Strasbourg;Habitat;2022-11-05;395750;186;3.6;1;3314.94
CLI-3384;CRE-3384;Strasbourg;Consommation;2021-06-11;10909;46;7.05;1;301.24
CLI-3385;CRE-3385;Strasbourg;Consommation;2021-08-20;8803;40;5.87;1;263.14
CLI-3386;CRE-3386;Mulhouse;Habitat;2019-02-17;403921;289;4.03;1;2754.15
CLI-3387;CRE-3387;Colmar;Auto;2020-11-19;40269;54;5.73;1;938.01
CLI-3388;CRE-3388;Colmar;Habitat;2019-06-29;170916;254;4.02;1;1245.47
CLI-3389;CRE-3389;Strasbourg;Consommation;2020-04-20;10838;55;6.1;1;252.15
CLI-3390;CRE-3390;Epinal;Auto;2022-09-28;19832;39;5.61;0;601.23
CLI-3391;CRE-3391;Colmar;Consommation;2021-12-06;16907;58;7.28;1;394.07
CLI-3392;CRE-3392;Strasbourg;Habitat;2021-09-29;171142;293;3.68;1;1108.94
CLI-3393;CRE-3393;Epinal;Habitat;2020-04-29;266155;239;3.28;1;1841.11
CLI-3394;CRE-3394;Strasbourg;Habitat;2019-01-29;243707;278;3.51;1;1589.49
CLI-3395;CRE-3395;Mulhouse;Habitat;2022-05-20;366418;243;4.0;1;2729.29
CLI-3396;CRE-3396;Mulhouse;Habitat;2019-05-28;418543;252;3.97;0;3045.56
CLI-3397;CRE-3397;Epinal;Habitat;2021-06-26;328982;246;3.74;1;2362.65
CLI-3398;CRE-3398;Mulhouse;Consommation;2021-12-26;13783;44;6.08;1;383.08
CLI-3399;CRE-3399;Strasbourg;Consommation;2019-08-08;14003;43;6.44;0;400.8
CLI-3400;CRE-3400;Colmar;Habitat;2019-03-10;308636;241;3.99;1;2306.86
CLI-3401;CRE-3401;Epinal;Consommation;2019-12-29;5508;33;5.72;1;193.16
CLI-3402;CRE-3402;Colmar;Consommation;2020-08-08;13438;13;5.91;1;1099.87
CLI-3403;CRE-3403;Epinal;Consommation;2020-04-23;9146;48;6.95;1;243.51
CLI-3404;CRE-3404;Strasbourg;Habitat;2019-12-12;333628;255;3.91;1;2395.42
CLI-3405;CRE-3405;Mulhouse;Habitat;2022-06-14;275998;214;4.06;1;2223.5
CLI-3406;CRE-3406;Strasbourg;Consommation;2021-01-06;6277;51;7.32;1;161.37
CLI-3407;CRE-3407;Epinal;Habitat;2022-03-02;283864;231;4.02;1;2179.79
CLI-3408;CRE-3408;Epinal;Habitat;2020-01-04;245287;281;3.58;1;1604.68
CLI-3409;CRE-3409;Strasbourg;Habitat;2021-11-20;376221;247;3.25;1;2542.09
CLI-3410;CRE-3410;Mulhouse;Auto;2021-07-24;40861;54;4.97;1;925.92
CLI-3411;CRE-3411;Mulhouse;Habitat;2021-05-11;360408;222;3.18;1;2578.54
CLI-3412;CRE-3412;Mulhouse;Habitat;2022-03-13;173097;290;4.01;1;1175.32
CLI-3413;CRE-3413;Epinal;Habitat;2019-08-29;346317;265;3.47;1;2308.29
CLI-3414;CRE-3414;Epinal;Habitat;2019-07-04;201157;274;4.12;1;1424.79
CLI-3415;CRE-3415;Mulhouse;Habitat;2021-05-09;296636;234;3.36;1;2098.26
CLI-3416;CRE-3416;Strasbourg;Consommation;2022-08-08;9702;22;7.29;1;499.94
CLI-3417;CRE-3417;Colmar;Consommation;2019-09-11;22473;52;7.35;1;569.82
CLI-3418;CRE-3418;Mulhouse;Auto;2020-08-06;36679;48;5.84;1;942.65
CLI-3419;CRE-3419;Epinal;Habitat;2019-12-04;281483;259;3.25;0;1849.16
CLI-3420;CRE-3420;Mulhouse;Habitat;2020-10-04;269772;249;3.58;1;1888.24
CLI-3421;CRE-3421;Colmar;Consommation;2020-02-26;5998;39;6.24;1;184.98
CLI-3422;CRE-3422;Strasbourg;Habitat;2019-07-04;323807;265;3.6;0;2193.33
CLI-3423;CRE-3423;Epinal;Auto;2019-09-18;19619;62;4.98;1;397.85
CLI-3424;CRE-3424;Colmar;Habitat;2022-02-15;179479;280;3.82;1;1212.34
CLI-3425;CRE-3425;Epinal;Auto;2019-12-10;16815;76;5.7;0;301.12
CLI-3426;CRE-3426;Strasbourg;Habitat;2021-05-07;343127;261;3.89;1;2426.97
CLI-3427;CRE-3427;Colmar;Habitat;2019-05-22;288923;197;4.09;1;2451.36
CLI-3428;CRE-3428;Colmar;Habitat;2020-04-28;391274;259;3.32;0;2593.24
CLI-3429;CRE-3429;Mulhouse;Habitat;2021-02-06;414656;254;3.58;0;2869.56
CLI-3430;CRE-3430;Strasbourg;Consommation;2022-02-25;21870;37;6.81;1;715.19
CLI-3431;CRE-3431;Colmar;Auto;2022-07-25;41102;57;4.77;1;884.47
CLI-3432;CRE-3432;Strasbourg;Habitat;2020-07-13;193278;268;3.91;1;1350.95
CLI-3433;CRE-3433;Epinal;Consommation;2021-11-14;6334;43;6.82;1;183.3
CLI-3434;CRE-3434;Strasbourg;Auto;2021-02-14;42842;53;5.38;1;1000.41
CLI-3435;CRE-3435;Epinal;Habitat;2020-01-04;356357;230;3.48;1;2582.81
CLI-3436;CRE-3436;Colmar;Consommation;2020-08-24;10992;50;6.87;1;282.77
CLI-3437;CRE-3437;Mulhouse;Habitat;2022-01-10;393680;216;3.35;1;2921.62
CLI-3438;CRE-3438;Epinal;Habitat;2022-05-03;446276;194;3.88;1;3743.35
CLI-3439;CRE-3439;Mulhouse;Habitat;2021-01-17;159086;299;3.69;1;1021.25
CLI-3440;CRE-3440;Epinal;Habitat;2021-02-06;281828;230;4.06;1;2178.86
CLI-3441;CRE-3441;Strasbourg;Habitat;2019-07-25;432663;293;3.12;1;2601.59
CLI-3442;CRE-3442;Colmar;Habitat;2020-06-23;176833;201;3.38;0;1377.85
CLI-3443;CRE-3443;Strasbourg;Habitat;2020-09-01;318163;210;3.61;1;2472.2
CLI-3444;CRE-3444;Mulhouse;Habitat;2022-04-24;302377;236;3.91;1;2266.5
CLI-3445;CRE-3445;Strasbourg;Consommation;2019-05-11;23801;22;6.94;1;1219.51
CLI-3446;CRE-3446;Epinal;Auto;2022-08-06;35793;47;5.2;1;916.66
CLI-3447;CRE-3447;Colmar;Habitat;2019-02-02;259841;243;3.21;1;1764.38
CLI-3448;CRE-3448;Strasbourg;Habitat;2021-10-28;383130;198;3.75;1;3132.28
CLI-3449;CRE-3449;Colmar;Auto;2022-06-09;26103;40;5.45;1;771.13
CLI-3450;CRE-3450;Mulhouse;Habitat;2021-08-01;298748;251;3.29;1;2009.3
CLI-3451;CRE-3451;Mulhouse;Consommation;2019-11-08;17644;27;6.14;0;743.76
CLI-3452;CRE-3452;Epinal;Habitat;2021-06-02;198002;200;3.72;1;1603.82
CLI-3453;CRE-3453;Epinal;Habitat;2019-11-09;277293;230;3.91;0;2109.13
CLI-3454;CRE-3454;Strasbourg;Consommation;2019-09-13;8408;30;6.87;0;328.4
CLI-3455;CRE-3455;Epinal;Habitat;2019-12-23;390524;195;3.09;1;3008.29
CLI-3456;CRE-3456;Epinal;Habitat;2022-01-20;351975;219;3.39;1;2601.52
CLI-3457;CRE-3457;Epinal;Auto;2022-11-25;29063;68;4.93;1;546.8
CLI-3458;CRE-3458;Mulhouse;Consommation;2021-01-25;12399;53;6.35;1;299.55
CLI-3459;CRE-3459;Strasbourg;Habitat;2020-04-27;206489;180;4.13;1;1857.83
CLI-3460;CRE-3460;Strasbourg;Consommation;2021-09-13;14445;14;5.92;1;1103.05
CLI-3461;CRE-3461;Strasbourg;Auto;2022-10-03;43722;68;5.09;1;828.42
CLI-3462;CRE-3462;Mulhouse;Consommation;2022-09-22;18417;52;7.14;1;463.75
CLI-3463;CRE-3463;Colmar;Consommation;2021-01-19;18714;48;6.8;1;495.92
CLI-3464;CRE-3464;Strasbourg;Consommation;2020-09-17;21492;18;6.1;1;1303.25
CLI-3465;CRE-3465;Strasbourg;Auto;2021-04-27;41710;44;5.34;0;1133.56
CLI-3466;CRE-3466;Mulhouse;Habitat;2021-05-01;440473;231;3.74;1;3279.62
CLI-3467;CRE-3467;Mulhouse;Consommation;2022-08-03;13979;26;6.42;1;612.44
CLI-3468;CRE-3468;Mulhouse;Auto;2020-07-16;19278;36;5.2;1;619.04
CLI-3469;CRE-3469;Strasbourg;Habitat;2019-05-09;264639;250;3.4;0;1808.37
CLI-3470;CRE-3470;Epinal;Consommation;2019-05-11;8402;25;6.04;1;378.37
CLI-3471;CRE-3471;Mulhouse;Habitat;2020-09-15;449422;291;3.97;1;3031.24
CLI-3472;CRE-3472;Mulhouse;Habitat;2021-06-12;334421;292;4.04;0;2271.16
CLI-3473;CRE-3473;Colmar;Consommation;2021-01-26;17507;54;6.3;1;416.12
CLI-3474;CRE-3474;Mulhouse;Auto;2020-09-10;40986;78;4.94;0;694.19
CLI-3475;CRE-3475;Mulhouse;Habitat;2019-08-01;426924;218;3.35;1;3150.2
CLI-3476;CRE-3476;Colmar;Consommation;2020-01-04;24151;25;6.42;1;1095.25
CLI-3477;CRE-3477;Strasbourg;Consommation;2019-03-21;12205;39;6.53;1;379.36
CLI-3478;CRE-3478;Strasbourg;Auto;2021-10-27;36112;59;4.82;1;757.12
CLI-3479;CRE-3479;Epinal;Consommation;2022-10-26;16326;52;6.47;0;401.99
CLI-3480;CRE-3480;Colmar;Habitat;2020-08-17;391879;268;3.52;1;2611.75
CLI-3481;CRE-3481;Epinal;Habitat;2019-02-13;193632;280;4.22;1;1372.48
CLI-3482;CRE-3482;Colmar;Auto;2021-01-13;39696;73;5.09;1;712.16
CLI-3483;CRE-3483;Colmar;Habitat;2021-12-16;299090;200;3.47;1;2360.32
CLI-3484;CRE-3484;Strasbourg;Auto;2020-09-20;38713;82;5.62;0;653.42
CLI-3485;CRE-3485;Colmar;Habitat;2019-11-13;348391;207;4.06;1;2861.77
CLI-3486;CRE-3486;Strasbourg;Auto;2020-02-11;19829;48;5.53;1;504.48
CLI-3487;CRE-3487;Epinal;Habitat;2022-02-23;410786;287;3.84;0;2745.83
CLI-3488;CRE-3488;Epinal;Consommation;2022-03-22;17340;36;7.47;1;589.61
CLI-3489;CRE-3489;Colmar;Habitat;2021-10-20;283756;207;3.71;1;2248.08
CLI-3490;CRE-3490;Mulhouse;Consommation;2020-06-19;5728;15;6.02;1;410.6
CLI-3491;CRE-3491;Epinal;Habitat;2022-01-19;387709;187;4.06;1;3385.06
CLI-3492;CRE-3492;Epinal;Habitat;2020-02-21;176401;295;3.34;1;1088.95
CLI-3493;CRE-3493;Epinal;Habitat;2021-08-31;398056;225;3.41;0;2900.28
CLI-3494;CRE-3494;Colmar;Consommation;2020-11-09;21099;13;6.83;1;1743.09
CLI-3495;CRE-3495;Strasbourg;Habitat;2020-03-14;251329;219;4.15;0;2016.8
CLI-3496;CRE-3496;Colmar;Consommation;2021-08-31;14407;22;6.3;1;730.5
CLI-3497;CRE-3497;Colmar;Consommation;2022-11-04;21605;44;6.66;0;610.93
CLI-3498;CRE-3498;Epinal;Habitat;2020-12-18;168610;205;4.22;0;1415.43
CLI-3499;CRE-3499;Epinal;Auto;2020-08-17;31009;69;5.56;1;593.08
CLI-3500;CRE-3500;Epinal;Habitat;2022-11-19;193642;216;3.95;1;1533.9
CLI-3501;CRE-3501;Strasbourg;Habitat;2021-06-22;380790;208;3.21;1;2849.33
CLI-3502;CRE-3502;Strasbourg;Habitat;2022-07-04;389896;260;3.31;1;2575.06
CLI-3503;CRE-3503;Mulhouse;Habitat;2020-12-28;162461;248;3.74;1;1161.42
CLI-3504;CRE-3504;Colmar;Habitat;2020-03-05;170789;257;3.58;0;1174.07
CLI-3505;CRE-3505;Epinal;Habitat;2022-04-05;325158;218;3.41;1;2415.54
CLI-3506;CRE-3506;Mulhouse;Habitat;2021-01-17;184225;226;3.82;0;1401.6
CLI-3507;CRE-3507;Epinal;Consommation;2021-04-28;10810;21;6.14;1;570.07
CLI-3508;CRE-3508;Mulhouse;Habitat;2021-03-21;298970;182;4.0;0;2639.26
CLI-3509;CRE-3509;Epinal;Consommation;2022-07-09;14632;34;7.3;1;519.36
CLI-3510;CRE-3510;Epinal;Consommation;2021-08-22;21019;53;6.93;1;517.97
CLI-3511;CRE-3511;Strasbourg;Habitat;2021-02-16;225061;246;3.78;0;1623.82
CLI-3512;CRE-3512;Strasbourg;Habitat;2020-07-26;223865;263;3.73;1;1547.04
CLI-3513;CRE-3513;Colmar;Consommation;2020-10-26;8873;13;6.36;0;729.57
CLI-3514;CRE-3514;Epinal;Habitat;2020-06-11;353671;287;3.57;1;2284.47
CLI-3515;CRE-3515;Epinal;Consommation;2021-08-29;12238;13;6.82;1;1010.94
CLI-3516;CRE-3516;Strasbourg;Habitat;2019-08-11;394381;218;3.95;1;3107.26
CLI-3517;CRE-3517;Epinal;Habitat;2019-08-29;365110;291;3.98;1;2465.62
CLI-3518;CRE-3518;Epinal;Consommation;2022-07-27;7915;13;5.8;0;647.1
CLI-3519;CRE-3519;Epinal;Habitat;2021-10-05;412676;284;4.03;1;2838.99
CLI-3520;CRE-3520;Epinal;Auto;2021-05-26;17513;76;5.23;1;306.76
CLI-3521;CRE-3521;Mulhouse;Habitat;2019-04-01;409890;227;3.54;1;3014.86
CLI-3522;CRE-3522;Colmar;Consommation;2022-06-17;9291;59;6.05;1;204.32
CLI-3523;CRE-3523;Epinal;Auto;2021-11-16;27344;78;5.29;0;471.11
CLI-3524;CRE-3524;Strasbourg;Habitat;2019-09-26;349559;181;4.05;1;3111.03
CLI-3525;CRE-3525;Mulhouse;Consommation;2020-10-03;18998;39;6.08;1;583.38
CLI-3526;CRE-3526;Strasbourg;Consommation;2021-09-11;20667;48;6.08;1;535.28
CLI-3527;CRE-3527;Colmar;Habitat;2019-08-28;418958;278;3.39;0;2690.6
CLI-3528;CRE-3528;Mulhouse;Habitat;2022-05-12;190723;221;4.28;0;1543.25
CLI-3529;CRE-3529;Mulhouse;Consommation;2021-10-30;19683;13;6.43;0;1619.54
CLI-3530;CRE-3530;Colmar;Habitat;2019-02-11;288028;278;3.44;0;1861.75
CLI-3531;CRE-3531;Strasbourg;Consommation;2021-08-19;24167;38;5.61;1;748.95
CLI-3532;CRE-3532;Colmar;Auto;2019-04-07;36197;67;4.93;1;688.96
CLI-3533;CRE-3533;Mulhouse;Consommation;2019-04-12;22698;51;6.39;0;565.93
CLI-3534;CRE-3534;Mulhouse;Habitat;2022-11-13;410278;188;3.63;1;3423.42
CLI-3535;CRE-3535;Strasbourg;Habitat;2019-09-04;447652;204;3.46;1;3485.1
CLI-3536;CRE-3536;Colmar;Habitat;2019-05-13;204277;241;3.44;1;1433.22
CLI-3537;CRE-3537;Colmar;Habitat;2022-05-05;244922;290;3.85;0;1630.35
CLI-3538;CRE-3538;Strasbourg;Habitat;2020-09-08;266021;254;3.46;1;1814.35
CLI-3539;CRE-3539;Colmar;Habitat;2020-12-30;302779;228;3.59;0;2233.79
CLI-3540;CRE-3540;Mulhouse;Auto;2019-07-19;20845;49;5.59;1;522.51
CLI-3541;CRE-3541;Colmar;Auto;2019-11-23;28491;42;5.62;1;811.79
CLI-3542;CRE-3542;Strasbourg;Habitat;2019-06-06;285762;258;4.15;1;2095.86
CLI-3543;CRE-3543;Strasbourg;Auto;2021-02-07;29116;49;4.91;1;713.34
CLI-3544;CRE-3544;Epinal;Consommation;2020-05-07;5412;52;6.58;1;133.75
CLI-3545;CRE-3545;Colmar;Habitat;2019-03-29;227186;292;3.73;1;1484.2
CLI-3546;CRE-3546;Mulhouse;Consommation;2020-06-16;16620;23;6.74;0;815.96
CLI-3547;CRE-3547;Colmar;Consommation;2021-11-07;6455;50;6.28;0;162.88
CLI-3548;CRE-3548;Epinal;Habitat;2022-09-23;273374;238;3.4;1;1923.19
CLI-3549;CRE-3549;Colmar;Auto;2021-10-20;33520;42;5.33;1;946.98
CLI-3550;CRE-3550;Strasbourg;Habitat;2019-06-03;246332;277;3.91;0;1691.92
CLI-3551;CRE-3551;Epinal;Consommation;2020-09-13;11615;58;6.29;1;261.14
CLI-3552;CRE-3552;Colmar;Auto;2019-05-02;29837;78;5.11;0;509.58
CLI-3553;CRE-3553;Colmar;Consommation;2022-11-11;21320;17;5.56;1;1352.9
CLI-3554;CRE-3554;Mulhouse;Habitat;2021-09-13;382044;184;3.64;1;3235.19
CLI-3555;CRE-3555;Colmar;Habitat;2019-09-27;362333;180;3.68;0;3124.12
CLI-3556;CRE-3556;Colmar;Consommation;2021-08-12;6940;33;6.65;1;248.76
CLI-3557;CRE-3557;Colmar;Habitat;2021-07-24;212870;262;4.17;1;1552.2
CLI-3558;CRE-3558;Strasbourg;Habitat;2022-07-09;449539;196;3.65;1;3660.91
CLI-3559;CRE-3559;Epinal;Habitat;2022-01-09;376203;233;3.81;0;2809.05
CLI-3560;CRE-3560;Mulhouse;Habitat;2020-07-24;157171;233;3.87;1;1181.43
CLI-3561;CRE-3561;Colmar;Consommation;2019-04-17;20584;55;7.38;1;500.85
CLI-3562;CRE-3562;Colmar;Consommation;2019-03-14;15627;46;6.66;1;426.45
CLI-3563;CRE-3563;Mulhouse;Auto;2021-01-18;26352;42;5.87;1;756.33
CLI-3564;CRE-3564;Colmar;Consommation;2022-11-01;21993;51;7.2;1;563.19
CLI-3565;CRE-3565;Strasbourg;Habitat;2020-03-16;390069;237;3.54;1;2796.56
CLI-3566;CRE-3566;Colmar;Habitat;2022-01-27;325669;252;3.58;1;2263.92
CLI-3567;CRE-3567;Colmar;Habitat;2021-11-15;215634;188;3.85;1;1838.82
CLI-3568;CRE-3568;Strasbourg;Consommation;2021-01-01;13471;31;6.38;0;506.17
CLI-3569;CRE-3569;Mulhouse;Consommation;2021-12-08;22883;37;6.04;0;733.64
CLI-3570;CRE-3570;Epinal;Consommation;2019-09-21;18445;40;5.75;1;549.51
CLI-3571;CRE-3571;Epinal;Consommation;2022-06-02;7481;57;7.46;0;177.75
CLI-3572;CRE-3572;Mulhouse;Auto;2019-04-06;30892;50;5.61;1;762.26
CLI-3573;CRE-3573;Strasbourg;Habitat;2021-09-18;382559;245;3.94;0;2817.53
CLI-3574;CRE-3574;Strasbourg;Auto;2019-11-26;35666;39;5.69;1;1083.63
CLI-3575;CRE-3575;Strasbourg;Habitat;2021-11-06;345200;287;4.04;0;2364.96
CLI-3576;CRE-3576;Colmar;Habitat;2019-06-10;285536;276;3.67;0;1907.81
CLI-3577;CRE-3577;Strasbourg;Habitat;2021-07-29;282407;194;3.98;1;2392.36
CLI-3578;CRE-3578;Epinal;Consommation;2020-05-26;6994;31;6.03;0;260.76
CLI-3579;CRE-3579;Strasbourg;Habitat;2021-06-10;232628;280;3.69;1;1546.15
CLI-3580;CRE-3580;Epinal;Auto;2019-07-14;37833;55;5.2;0;851.82
CLI-3581;CRE-3581;Epinal;Habitat;2020-03-11;229840;279;4.14;1;1616.75
CLI-3582;CRE-3582;Epinal;Habitat;2019-02-17;353325;217;3.35;1;2614.59
CLI-3583;CRE-3583;Strasbourg;Consommation;2021-06-03;9527;24;5.91;1;443.88
CLI-3584;CRE-3584;Strasbourg;Consommation;2019-11-15;19845;54;6.62;0;476.98
CLI-3585;CRE-3585;Colmar;Habitat;2020-02-20;376417;203;3.56;1;2970.97
CLI-3586;CRE-3586;Epinal;Consommation;2021-05-14;9447;56;7.36;1;226.64
CLI-3587;CRE-3587;Mulhouse;Habitat;2022-11-22;352083;287;3.95;1;2385.71
CLI-3588;CRE-3588;Strasbourg;Consommation;2021-11-30;14251;30;6.87;0;556.62
CLI-3589;CRE-3589;Colmar;Habitat;2021-09-11;270981;274;4.12;1;1919.35
CLI-3590;CRE-3590;Colmar;Auto;2019-12-09;39646;49;5.93;1;1005.02
CLI-3591;CRE-3591;Colmar;Consommation;2020-02-02;10394;43;5.65;0;290.66
CLI-3592;CRE-3592;Strasbourg;Habitat;2019-10-15;177151;223;3.42;1;1299.28
CLI-3593;CRE-3593;Mulhouse;Consommation;2022-10-02;21204;27;6.64;0;902.66
CLI-3594;CRE-3594;Strasbourg;Auto;2020-04-07;35557;36;5.49;1;1150.37
CLI-3595;CRE-3595;Colmar;Consommation;2021-02-22;22188;16;5.53;1;1489.0
CLI-3596;CRE-3596;Mulhouse;Consommation;2020-05-08;21720;14;7.37;1;1684.83
CLI-3597;CRE-3597;Colmar;Habitat;2022-02-07;384966;233;3.51;1;2778.24
CLI-3598;CRE-3598;Colmar;Habitat;2021-05-27;342804;270;3.47;1;2260.92
CLI-3599;CRE-3599;Colmar;Habitat;2020-07-30;171393;250;3.9;1;1242.6
CLI-3600;CRE-3600;Colmar;Consommation;2021-04-25;17024;57;7.24;1;401.38
CLI-3601;CRE-3601;Mulhouse;Habitat;2019-05-27;226679;237;3.71;1;1657.27
CLI-3602;CRE-3602;Strasbourg;Habitat;2022-09-24;165632;195;3.57;1;1342.15
CLI-3603;CRE-3603;Epinal;Habitat;2020-09-15;351633;246;4.04;1;2613.23
CLI-3604;CRE-3604;Strasbourg;Consommation;2022-11-21;24161;53;6.58;0;588.35
CLI-3605;CRE-3605;Strasbourg;Consommation;2020-05-21;5878;52;6.93;1;146.98
CLI-3606;CRE-3606;Mulhouse;Consommation;2022-10-26;14566;52;6.3;0;356.59
CLI-3607;CRE-3607;Colmar;Habitat;2020-02-22;241120;188;3.78;0;2042.08
CLI-3608;CRE-3608;Strasbourg;Consommation;2021-12-10;16989;27;7.41;1;734.13
CLI-3609;CRE-3609;Strasbourg;Habitat;2019-02-10;418079;241;3.59;1;2985.52
CLI-3610;CRE-3610;Colmar;Habitat;2020-01-05;204473;269;3.72;1;1393.99
CLI-3611;CRE-3611;Mulhouse;Habitat;2022-01-17;339205;262;4.0;1;2425.36
CLI-3612;CRE-3612;Epinal;Habitat;2019-03-24;298954;254;3.73;0;2106.23
CLI-3613;CRE-3613;Colmar;Auto;2019-05-21;29791;77;5.76;0;529.89
CLI-3614;CRE-3614;Mulhouse;Habitat;2022-09-14;400254;208;3.5;0;3091.71
CLI-3615;CRE-3615;Colmar;Consommation;2022-06-12;19158;27;6.19;1;808.38
CLI-3616;CRE-3616;Strasbourg;Habitat;2022-09-26;387039;206;4.05;0;3185.09
CLI-3617;CRE-3617;Epinal;Habitat;2020-03-28;435399;298;3.69;0;2799.92
CLI-3618;CRE-3618;Mulhouse;Auto;2019-06-15;42175;70;5.67;1;801.78
CLI-3619;CRE-3619;Colmar;Consommation;2019-03-19;7443;59;5.76;1;161.88
CLI-3620;CRE-3620;Epinal;Habitat;2022-03-17;395868;278;3.49;1;2575.3
CLI-3621;CRE-3621;Mulhouse;Consommation;2020-01-31;23901;46;6.07;0;640.49
CLI-3622;CRE-3622;Strasbourg;Habitat;2019-11-02;437412;195;3.38;1;3475.18
CLI-3623;CRE-3623;Mulhouse;Habitat;2022-03-10;264978;252;3.73;1;1875.14
CLI-3624;CRE-3624;Epinal;Consommation;2020-10-15;20071;46;7.46;1;561.1
CLI-3625;CRE-3625;Strasbourg;Consommation;2020-05-30;6007;29;7.4;0;244.18
CLI-3626;CRE-3626;Mulhouse;Consommation;2020-08-06;24942;52;5.99;1;604.16
CLI-3627;CRE-3627;Epinal;Habitat;2019-01-31;285269;288;3.4;1;1798.78
CLI-3628;CRE-3628;Strasbourg;Habitat;2020-08-06;305922;185;3.89;0;2645.33
CLI-3629;CRE-3629;Strasbourg;Habitat;2020-02-02;207423;194;4.07;1;1772.7
CLI-3630;CRE-3630;Colmar;Consommation;2022-02-22;10963;42;5.63;0;312.46
CLI-3631;CRE-3631;Strasbourg;Habitat;2020-01-19;427930;237;4.0;0;3232.05
CLI-3632;CRE-3632;Colmar;Auto;2021-08-15;39079;69;5.23;0;736.68
CLI-3633;CRE-3633;Mulhouse;Habitat;2019-11-04;332786;222;3.79;1;2550.09
CLI-3634;CRE-3634;Mulhouse;Habitat;2021-04-21;159606;197;4.26;1;1376.78
CLI-3635;CRE-3635;Strasbourg;Consommation;2021-10-04;17716;33;6.84;0;637.83
CLI-3636;CRE-3636;Mulhouse;Consommation;2019-01-30;19430;59;6.34;0;431.98
CLI-3637;CRE-3637;Epinal;Habitat;2022-10-22;320869;249;3.26;1;2160.32
CLI-3638;CRE-3638;Mulhouse;Consommation;2020-05-11;13977;33;7.48;0;510.67
CLI-3639;CRE-3639;Strasbourg;Auto;2021-12-06;20857;63;5.45;1;425.79
CLI-3640;CRE-3640;Strasbourg;Auto;2020-04-04;30844;76;5.68;0;551.84
CLI-3641;CRE-3641;Mulhouse;Habitat;2021-03-20;419515;276;3.35;1;2691.13
CLI-3642;CRE-3642;Strasbourg;Habitat;2020-10-12;273661;198;3.75;1;2237.32
CLI-3643;CRE-3643;Colmar;Consommation;2022-10-21;5677;33;6.78;1;204.11
CLI-3644;CRE-3644;Colmar;Habitat;2019-05-13;416646;258;3.27;1;2750.27
CLI-3645;CRE-3645;Strasbourg;Habitat;2019-07-08;167050;255;3.66;1;1164.6
CLI-3646;CRE-3646;Epinal;Auto;2020-09-03;30705;67;5.13;1;589.55
CLI-3647;CRE-3647;Mulhouse;Auto;2020-11-04;35050;62;5.59;1;728.6
CLI-3648;CRE-3648;Epinal;Habitat;2020-03-25;229723;225;3.51;0;1692.93
CLI-3649;CRE-3649;Colmar;Auto;2020-05-12;18686;50;5.28;1;455.94
CLI-3650;CRE-3650;Mulhouse;Consommation;2020-02-09;21858;21;5.64;1;1143.59
CLI-3651;CRE-3651;Colmar;Habitat;2022-08-07;202218;297;3.4;1;1253.82
CLI-3652;CRE-3652;Epinal;Habitat;2021-10-08;346410;287;3.88;0;2327.06
CLI-3653;CRE-3653;Colmar;Consommation;2020-07-04;23658;43;5.94;1;667.29
CLI-3654;CRE-3654;Strasbourg;Consommation;2021-04-10;13609;31;6.93;0;517.59
CLI-3655;CRE-3655;Mulhouse;Auto;2022-04-27;43446;43;5.01;1;1191.76
CLI-3656;CRE-3656;Mulhouse;Auto;2019-10-23;31333;61;5.35;1;653.35
CLI-3657;CRE-3657;Colmar;Consommation;2019-02-07;11168;18;5.71;0;673.59
CLI-3658;CRE-3658;Strasbourg;Auto;2020-04-29;15941;72;5.89;1;299.65
CLI-3659;CRE-3659;Mulhouse;Auto;2022-07-20;25432;47;5.95;0;667.21
CLI-3660;CRE-3660;Strasbourg;Habitat;2022-11-15;293751;271;3.46;1;1930.93
CLI-3661;CRE-3661;Mulhouse;Habitat;2022-11-20;373247;234;3.18;1;2584.18
CLI-3662;CRE-3662;Epinal;Habitat;2020-01-18;444334;196;3.65;0;3618.53
CLI-3663;CRE-3663;Mulhouse;Habitat;2019-02-26;242025;297;3.61;0;1542.99
CLI-3664;CRE-3664;Epinal;Habitat;2019-09-23;321208;299;3.61;0;2040.57
CLI-3665;CRE-3665;Colmar;Habitat;2019-11-13;286484;269;3.4;0;1876.7
CLI-3666;CRE-3666;Mulhouse;Habitat;2021-09-02;214957;293;3.36;1;1335.52
CLI-3667;CRE-3667;Strasbourg;Habitat;2020-03-09;360566;181;3.82;1;3139.88
CLI-3668;CRE-3668;Strasbourg;Habitat;2020-10-30;409401;198;3.49;1;3258.36
CLI-3669;CRE-3669;Epinal;Habitat;2022-08-03;151173;215;3.6;1;1156.65
CLI-3670;CRE-3670;Epinal;Habitat;2019-02-27;202485;207;3.48;1;1565.39
CLI-3671;CRE-3671;Strasbourg;Habitat;2022-03-06;342315;198;4.04;0;2881.32
CLI-3672;CRE-3672;Colmar;Consommation;2022-01-10;13679;22;5.87;1;688.69
CLI-3673;CRE-3673;Strasbourg;Consommation;2021-07-09;8328;57;5.56;0;184.69
CLI-3674;CRE-3674;Mulhouse;Habitat;2021-11-23;226029;224;3.95;0;1753.07
CLI-3675;CRE-3675;Strasbourg;Habitat;2022-06-01;369522;224;3.43;0;2705.87
CLI-3676;CRE-3676;Epinal;Consommation;2019-08-12;13331;25;6.29;1;603.12
CLI-3677;CRE-3677;Strasbourg;Consommation;2020-09-18;9256;28;5.95;1;376.47
CLI-3678;CRE-3678;Strasbourg;Habitat;2020-03-21;211868;191;4.13;1;1838.44
CLI-3679;CRE-3679;Mulhouse;Habitat;2019-06-17;286798;276;3.57;1;1892.35
CLI-3680;CRE-3680;Strasbourg;Habitat;2022-05-17;330883;222;3.82;0;2543.77
CLI-3681;CRE-3681;Strasbourg;Habitat;2021-07-14;373044;246;3.5;1;2604.48
CLI-3682;CRE-3682;Mulhouse;Auto;2022-05-23;34441;76;5.73;0;617.63
CLI-3683;CRE-3683;Colmar;Habitat;2021-07-07;162785;286;3.44;1;1035.83
CLI-3684;CRE-3684;Epinal;Consommation;2020-04-27;11777;58;6.89;0;270.67
CLI-3685;CRE-3685;Strasbourg;Auto;2019-07-10;41285;54;5.91;1;967.87
CLI-3686;CRE-3686;Mulhouse;Habitat;2021-11-11;216793;185;3.88;1;1872.82
CLI-3687;CRE-3687;Mulhouse;Habitat;2019-11-13;274537;238;3.59;1;1974.84
CLI-3688;CRE-3688;Strasbourg;Auto;2021-02-15;40722;60;5.08;1;851.09
CLI-3689;CRE-3689;Strasbourg;Auto;2019-07-09;30404;49;5.75;1;766.18
CLI-3690;CRE-3690;Colmar;Habitat;2022-03-07;294443;206;3.89;1;2383.82
CLI-3691;CRE-3691;Epinal;Auto;2022-08-14;15975;39;5.35;0;480.84
CLI-3692;CRE-3692;Strasbourg;Habitat;2020-08-03;285648;187;3.51;1;2363.05
CLI-3693;CRE-3693;Colmar;Habitat;2021-03-07;423067;180;3.45;1;3566.69
CLI-3694;CRE-3694;Mulhouse;Habitat;2020-02-28;343077;218;4.04;1;2728.77
CLI-3695;CRE-3695;Strasbourg;Habitat;2022-01-07;309449;255;3.96;0;2234.71
CLI-3696;CRE-3696;Strasbourg;Habitat;2022-04-30;311901;221;3.58;1;2341.82
CLI-3697;CRE-3697;Colmar;Habitat;2019-04-05;217267;205;3.81;1;1749.66
CLI-3698;CRE-3698;Mulhouse;Consommation;2022-06-25;21196;52;6.1;1;515.36
CLI-3699;CRE-3699;Epinal;Auto;2020-03-01;19173;73;5.43;1;349.4
CLI-3700;CRE-3700;Strasbourg;Auto;2020-01-09;29361;59;5.94;1;642.98
CLI-3701;CRE-3701;Mulhouse;Consommation;2019-12-22;20327;49;5.93;1;515.29
CLI-3702;CRE-3702;Strasbourg;Auto;2022-10-24;39975;66;5.95;0;803.89
CLI-3703;CRE-3703;Colmar;Habitat;2019-07-26;320896;196;3.48;1;2567.82
CLI-3704;CRE-3704;Epinal;Auto;2019-02-19;29679;71;4.78;1;536.24
CLI-3705;CRE-3705;Epinal;Habitat;2020-11-24;174573;269;3.38;0;1140.68
CLI-3706;CRE-3706;Strasbourg;Consommation;2021-05-15;21299;25;5.6;1;951.36
CLI-3707;CRE-3707;Mulhouse;Habitat;2022-09-28;365339;225;3.69;1;2747.15
CLI-3708;CRE-3708;Strasbourg;Consommation;2022-06-24;9154;43;5.68;0;256.21
CLI-3709;CRE-3709;Epinal;Habitat;2022-06-01;160609;181;4.08;1;1433.41
CLI-3710;CRE-3710;Strasbourg;Habitat;2021-08-26;391617;273;3.86;0;2694.2
CLI-3711;CRE-3711;Colmar;Habitat;2020-07-22;349036;289;3.54;1;2237.39
CLI-3712;CRE-3712;Strasbourg;Auto;2021-06-29;33952;66;5.43;1;668.06
CLI-3713;CRE-3713;Epinal;Habitat;2021-03-04;170208;231;3.51;1;1234.69
CLI-3714;CRE-3714;Mulhouse;Auto;2021-01-14;38144;38;4.92;0;1160.18
CLI-3715;CRE-3715;Colmar;Consommation;2020-07-15;13117;20;6.6;1;727.99
CLI-3716;CRE-3716;Colmar;Auto;2020-09-10;21957;62;4.81;0;442.16
CLI-3717;CRE-3717;Colmar;Consommation;2021-10-29;16741;12;5.56;1;1472.65
CLI-3718;CRE-3718;Mulhouse;Habitat;2021-10-31;279961;224;4.11;0;2208.69
CLI-3719;CRE-3719;Colmar;Habitat;2021-01-17;315042;230;3.24;1;2220.36
CLI-3720;CRE-3720;Colmar;Auto;2021-04-09;18463;39;5.13;1;552.34
CLI-3721;CRE-3721;Strasbourg;Consommation;2019-12-12;13912;15;6.74;1;1005.61
CLI-3722;CRE-3722;Colmar;Auto;2019-07-14;20693;56;5.75;1;468.67
CLI-3723;CRE-3723;Epinal;Habitat;2022-04-20;393240;199;3.92;1;3260.66
CLI-3724;CRE-3724;Strasbourg;Consommation;2022-10-03;22662;41;6.44;1;674.35
CLI-3725;CRE-3725;Mulhouse;Habitat;2022-07-22;241050;294;4.07;0;1637.46
CLI-3726;CRE-3726;Mulhouse;Consommation;2022-07-15;17442;47;6.58;1;466.75
CLI-3727;CRE-3727;Epinal;Habitat;2022-03-03;415121;288;3.47;0;2641.78
CLI-3728;CRE-3728;Epinal;Habitat;2021-05-30;176459;190;4.08;1;1528.69
CLI-3729;CRE-3729;Epinal;Habitat;2022-02-01;425917;192;3.65;1;3513.82
CLI-3730;CRE-3730;Colmar;Auto;2022-06-09;37622;82;5.45;1;629.67
CLI-3731;CRE-3731;Strasbourg;Habitat;2021-07-11;156696;195;3.96;1;1320.67
CLI-3732;CRE-3732;Colmar;Habitat;2020-06-20;259406;225;3.39;1;1885.74
CLI-3733;CRE-3733;Epinal;Auto;2020-07-16;24018;39;5.09;1;717.72
CLI-3734;CRE-3734;Epinal;Auto;2019-02-19;32253;69;4.85;1;597.79
CLI-3735;CRE-3735;Colmar;Auto;2019-12-25;32608;74;5.33;0;585.48
CLI-3736;CRE-3736;Epinal;Consommation;2021-02-04;11665;38;6.34;0;368.6
CLI-3737;CRE-3737;Strasbourg;Habitat;2022-02-10;217718;296;4.08;0;1475.77
CLI-3738;CRE-3738;Epinal;Habitat;2022-07-23;244779;267;3.84;1;1700.07
CLI-3739;CRE-3739;Epinal;Habitat;2022-08-22;289246;255;3.8;1;2050.24
CLI-3740;CRE-3740;Strasbourg;Habitat;2022-02-10;343510;279;3.81;0;2321.86
CLI-3741;CRE-3741;Mulhouse;Auto;2021-01-10;22882;57;5.62;1;508.6
CLI-3742;CRE-3742;Strasbourg;Habitat;2019-09-17;442774;222;3.95;0;3451.94
CLI-3743;CRE-3743;Strasbourg;Consommation;2022-04-21;24820;24;7.15;0;1182.05
CLI-3744;CRE-3744;Mulhouse;Auto;2019-03-12;30363;77;5.49;1;533.24
CLI-3745;CRE-3745;Colmar;Habitat;2022-02-21;270578;248;3.62;0;1907.28
CLI-3746;CRE-3746;Colmar;Consommation;2019-10-27;8770;22;7.21;1;451.33
CLI-3747;CRE-3747;Colmar;Auto;2019-02-22;35039;65;5.87;0;710.46
CLI-3748;CRE-3748;Mulhouse;Habitat;2019-04-06;323575;259;3.21;0;2114.89
CLI-3749;CRE-3749;Epinal;Habitat;2021-12-01;254646;284;3.75;1;1692.41
CLI-3750;CRE-3750;Colmar;Habitat;2022-07-03;172364;283;3.34;0;1088.81
CLI-3751;CRE-3751;Epinal;Consommation;2020-11-08;24909;50;5.96;1;621.89
CLI-3752;CRE-3752;Mulhouse;Consommation;2021-02-25;14895;50;7.31;0;388.64
CLI-3753;CRE-3753;Strasbourg;Habitat;2022-06-04;194904;240;3.64;1;1403.31
CLI-3754;CRE-3754;Colmar;Habitat;2022-10-21;352872;238;3.28;1;2447.17
CLI-3755;CRE-3755;Epinal;Habitat;2022-07-20;348603;234;3.97;1;2643.05
CLI-3756;CRE-3756;Colmar;Habitat;2020-03-31;170222;268;4.17;1;1226.68
CLI-3757;CRE-3757;Epinal;Habitat;2019-07-16;160553;250;3.87;1;1160.0
CLI-3758;CRE-3758;Mulhouse;Consommation;2019-04-06;24068;22;5.82;1;1210.73
CLI-3759;CRE-3759;Colmar;Habitat;2021-04-28;151760;224;3.59;1;1131.52
CLI-3760;CRE-3760;Epinal;Habitat;2020-05-09;360912;230;3.62;1;2657.93
CLI-3761;CRE-3761;Epinal;Habitat;2019-04-21;269474;280;3.63;1;1777.57
CLI-3762;CRE-3762;Colmar;Habitat;2019-04-20;151398;299;4.02;1;1013.53
CLI-3763;CRE-3763;Epinal;Consommation;2019-03-22;22412;47;6.07;1;590.22
CLI-3764;CRE-3764;Colmar;Consommation;2020-02-26;23333;53;6.92;1;574.8
CLI-3765;CRE-3765;Colmar;Habitat;2020-09-27;181477;203;3.63;1;1442.94
CLI-3766;CRE-3766;Epinal;Habitat;2021-05-10;241572;227;4.18;1;1905.67
CLI-3767;CRE-3767;Colmar;Auto;2019-12-20;18736;56;5.69;0;423.41
CLI-3768;CRE-3768;Mulhouse;Auto;2020-03-21;39196;37;4.77;1;1215.16
CLI-3769;CRE-3769;Strasbourg;Consommation;2020-04-27;10643;48;5.67;1;272.02
CLI-3770;CRE-3770;Mulhouse;Consommation;2020-02-28;24014;12;6.05;1;2122.24
CLI-3771;CRE-3771;Colmar;Auto;2021-12-18;41301;62;5.49;1;855.1
CLI-3772;CRE-3772;Epinal;Habitat;2021-05-08;246466;230;3.53;1;1796.61
CLI-3773;CRE-3773;Epinal;Habitat;2019-09-19;222407;227;3.78;1;1680.35
CLI-3774;CRE-3774;Mulhouse;Habitat;2022-07-22;426436;243;3.72;1;3076.83
CLI-3775;CRE-3775;Mulhouse;Consommation;2019-09-07;19115;20;7.29;1;1071.87
CLI-3776;CRE-3776;Colmar;Auto;2019-09-15;22024;79;4.85;0;367.8
CLI-3777;CRE-3777;Epinal;Consommation;2021-02-07;7480;57;7.28;1;176.61
CLI-3778;CRE-3778;Colmar;Consommation;2022-08-26;5867;24;6.96;1;278.49
CLI-3779;CRE-3779;Mulhouse;Consommation;2020-12-14;16941;59;6.61;0;380.45
CLI-3780;CRE-3780;Mulhouse;Habitat;2020-12-23;319032;248;3.3;0;2163.76
CLI-3781;CRE-3781;Colmar;Habitat;2019-03-01;265578;191;3.42;1;2147.36
CLI-3782;CRE-3782;Epinal;Habitat;2021-09-15;357955;265;3.37;1;2356.03
CLI-3783;CRE-3783;Mulhouse;Habitat;2020-01-31;248126;278;4.02;1;1723.76
CLI-3784;CRE-3784;Colmar;Habitat;2020-05-09;151225;285;3.41;1;960.35
CLI-3785;CRE-3785;Strasbourg;Habitat;2020-01-09;375378;246;3.64;0;2664.57
CLI-3786;CRE-3786;Strasbourg;Habitat;2022-07-12;203188;290;3.32;1;1262.8
CLI-3787;CRE-3787;Colmar;Consommation;2021-07-20;15508;44;6.41;0;435.29
CLI-3788;CRE-3788;Colmar;Habitat;2019-06-14;336104;271;3.77;1;2296.16
CLI-3789;CRE-3789;Colmar;Habitat;2019-08-30;327612;286;3.79;1;2180.2
CLI-3790;CRE-3790;Strasbourg;Auto;2022-07-29;20976;39;5.52;0;634.34
CLI-3791;CRE-3791;Strasbourg;Auto;2019-05-29;37870;40;5.87;1;1132.0
CLI-3792;CRE-3792;Colmar;Auto;2019-05-12;16597;48;5.21;1;417.83
CLI-3793;CRE-3793;Strasbourg;Habitat;2019-08-04;396623;274;3.44;0;2584.52
CLI-3794;CRE-3794;Epinal;Consommation;2022-11-22;5714;20;7.09;0;319.46
CLI-3795;CRE-3795;Strasbourg;Consommation;2022-06-11;5190;37;5.79;1;165.31
CLI-3796;CRE-3796;Strasbourg;Habitat;2020-11-01;208384;237;3.97;0;1568.66
CLI-3797;CRE-3797;Mulhouse;Consommation;2021-05-19;22780;57;6.45;1;522.09
CLI-3798;CRE-3798;Mulhouse;Consommation;2020-03-05;6188;12;6.97;1;551.61
CLI-3799;CRE-3799;Strasbourg;Habitat;2021-10-27;256011;266;3.61;1;1732.61
CLI-3800;CRE-3800;Strasbourg;Habitat;2020-11-14;441792;248;3.81;1;3184.11
CLI-3801;CRE-3801;Strasbourg;Habitat;2021-05-16;372540;199;3.4;1;2927.59
CLI-3802;CRE-3802;Colmar;Habitat;2019-02-08;282717;249;3.23;1;1896.39
CLI-3803;CRE-3803;Strasbourg;Habitat;2020-11-16;241134;296;3.89;1;1596.32
CLI-3804;CRE-3804;Epinal;Habitat;2021-12-27;281503;196;3.23;1;2193.95
CLI-3805;CRE-3805;Strasbourg;Habitat;2019-11-17;305067;263;3.73;1;2108.2
CLI-3806;CRE-3806;Mulhouse;Habitat;2020-10-26;381627;222;3.16;1;2723.99
CLI-3807;CRE-3807;Colmar;Habitat;2020-06-07;164670;251;3.9;0;1191.23
CLI-3808;CRE-3808;Strasbourg;Consommation;2021-04-06;21384;36;5.88;1;698.78
CLI-3809;CRE-3809;Colmar;Consommation;2019-02-02;15564;59;6.25;1;344.86
CLI-3810;CRE-3810;Strasbourg;Habitat;2021-02-20;200933;281;4.06;1;1394.89
CLI-3811;CRE-3811;Strasbourg;Habitat;2021-05-12;248929;248;4.18;1;1870.85
CLI-3812;CRE-3812;Epinal;Consommation;2021-10-19;5894;53;6.34;1;142.35
CLI-3813;CRE-3813;Mulhouse;Auto;2019-10-17;31916;46;5.01;1;827.08
CLI-3814;CRE-3814;Colmar;Consommation;2021-09-11;10355;30;6.06;1;397.46
CLI-3815;CRE-3815;Mulhouse;Habitat;2019-03-25;178192;228;3.37;0;1281.97
CLI-3816;CRE-3816;Strasbourg;Consommation;2019-06-12;24495;16;6.48;0;1663.21
CLI-3817;CRE-3817;Mulhouse;Consommation;2022-07-15;12403;27;6.31;1;524.59
CLI-3818;CRE-3818;Mulhouse;Habitat;2020-05-24;288613;258;3.77;0;2025.38
CLI-3819;CRE-3819;Strasbourg;Consommation;2021-12-09;7205;16;6.91;1;491.8
CLI-3820;CRE-3820;Colmar;Habitat;2022-11-20;161697;224;3.55;0;1200.22
CLI-3821;CRE-3821;Colmar;Habitat;2020-10-24;394626;197;3.98;1;3312.02
CLI-3822;CRE-3822;Colmar;Habitat;2022-02-10;403092;273;3.19;0;2548.08
CLI-3823;CRE-3823;Strasbourg;Habitat;2021-11-08;296208;243;3.79;1;2154.49
CLI-3824;CRE-3824;Colmar;Consommation;2020-07-25;5399;59;6.82;1;122.19
CLI-3825;CRE-3825;Colmar;Habitat;2020-11-19;403572;262;3.81;1;2821.69
CLI-3826;CRE-3826;Colmar;Auto;2020-10-26;24308;74;4.89;0;427.54
CLI-3827;CRE-3827;Mulhouse;Habitat;2019-12-05;293147;238;3.59;0;2108.71
CLI-3828;CRE-3828;Mulhouse;Habitat;2019-07-02;279987;205;3.72;1;2233.75
CLI-3829;CRE-3829;Epinal;Habitat;2020-07-29;183646;272;4.03;0;1291.91
CLI-3830;CRE-3830;Epinal;Habitat;2022-02-10;416985;180;3.45;0;3515.42
CLI-3831;CRE-3831;Mulhouse;Auto;2019-09-23;18822;52;5.49;1;448.07
CLI-3832;CRE-3832;Strasbourg;Consommation;2019-09-19;17593;49;7.4;1;467.53
CLI-3833;CRE-3833;Colmar;Consommation;2019-04-25;15070;43;6.06;1;426.57
CLI-3834;CRE-3834;Strasbourg;Consommation;2021-06-15;16580;51;5.77;0;404.82
CLI-3835;CRE-3835;Strasbourg;Habitat;2022-05-25;263205;261;4.03;1;1892.38
CLI-3836;CRE-3836;Colmar;Habitat;2021-12-29;389993;297;3.64;1;2496.09
CLI-3837;CRE-3837;Strasbourg;Auto;2021-05-03;26293;66;5.5;1;518.89
CLI-3838;CRE-3838;Colmar;Habitat;2021-04-07;414210;279;3.51;1;2696.19
CLI-3839;CRE-3839;Strasbourg;Consommation;2020-07-18;6724;47;5.9;1;176.12
CLI-3840;CRE-3840;Strasbourg;Habitat;2020-01-13;338750;201;3.5;0;2673.34
CLI-3841;CRE-3841;Strasbourg;Habitat;2019-09-04;244647;238;4.21;0;1886.23
CLI-3842;CRE-3842;Mulhouse;Consommation;2020-12-24;16372;54;7.04;1;399.23
CLI-3843;CRE-3843;Strasbourg;Auto;2021-06-10;41863;77;5.45;1;733.8
CLI-3844;CRE-3844;Mulhouse;Consommation;2021-09-18;14673;13;5.58;0;1196.92
CLI-3845;CRE-3845;Epinal;Habitat;2019-08-03;400361;200;3.1;1;3036.07
CLI-3846;CRE-3846;Strasbourg;Habitat;2021-09-18;381893;281;3.55;0;2488.82
CLI-3847;CRE-3847;Colmar;Habitat;2021-11-14;301066;237;3.64;1;2183.55
CLI-3848;CRE-3848;Mulhouse;Habitat;2022-09-29;433753;210;3.16;1;3207.71
CLI-3849;CRE-3849;Colmar;Habitat;2019-03-29;253659;192;3.99;1;2164.56
CLI-3850;CRE-3850;Mulhouse;Habitat;2021-09-28;315597;288;3.55;0;2029.46
CLI-3851;CRE-3851;Mulhouse;Habitat;2020-04-21;184039;290;3.82;1;1220.47
CLI-3852;CRE-3852;Colmar;Habitat;2021-05-26;391111;235;3.43;1;2782.23
CLI-3853;CRE-3853;Epinal;Consommation;2021-12-08;18162;30;6.16;0;698.63
CLI-3854;CRE-3854;Colmar;Auto;2020-09-29;32826;42;5.32;0;927.1
CLI-3855;CRE-3855;Epinal;Habitat;2020-01-26;244653;213;3.63;1;1888.68
CLI-3856;CRE-3856;Colmar;Habitat;2021-04-10;232655;194;3.98;0;1970.89
CLI-3857;CRE-3857;Strasbourg;Habitat;2021-12-04;427168;288;3.99;1;2903.56
CLI-3858;CRE-3858;Strasbourg;Habitat;2019-02-13;437039;226;3.49;0;3204.86
CLI-3859;CRE-3859;Colmar;Habitat;2021-11-22;247084;213;3.31;1;1841.56
CLI-3860;CRE-3860;Mulhouse;Consommation;2022-04-02;24948;53;6.35;1;602.73
CLI-3861;CRE-3861;Colmar;Habitat;2020-04-20;215287;201;3.92;0;1774.35
CLI-3862;CRE-3862;Epinal;Auto;2019-09-25;20073;37;4.94;1;625.15
CLI-3863;CRE-3863;Epinal;Consommation;2020-11-06;5436;19;7.33;1;319.31
CLI-3864;CRE-3864;Mulhouse;Consommation;2021-12-02;17989;58;5.88;1;398.3
CLI-3865;CRE-3865;Strasbourg;Habitat;2019-09-04;203335;180;4.06;1;1817.59
CLI-3866;CRE-3866;Mulhouse;Habitat;2021-12-10;419712;281;3.23;1;2623.36
CLI-3867;CRE-3867;Mulhouse;Consommation;2019-10-06;12293;52;6.45;1;302.48
CLI-3868;CRE-3868;Mulhouse;Consommation;2022-05-11;13312;54;5.99;1;312.97
CLI-3869;CRE-3869;Strasbourg;Auto;2021-08-19;19085;57;5.48;0;421.98
CLI-3870;CRE-3870;Strasbourg;Auto;2022-07-09;15327;41;5.3;0;441.52
CLI-3871;CRE-3871;Epinal;Habitat;2020-04-11;372122;183;3.25;0;3041.28
CLI-3872;CRE-3872;Mulhouse;Habitat;2022-02-22;209510;294;3.4;1;1306.23
CLI-3873;CRE-3873;Mulhouse;Habitat;2022-03-10;447757;256;3.88;1;3196.8
CLI-3874;CRE-3874;Strasbourg;Habitat;2020-05-06;182046;244;3.35;1;1254.3
CLI-3875;CRE-3875;Colmar;Consommation;2020-02-11;6029;44;5.98;0;167.07
CLI-3876;CRE-3876;Mulhouse;Habitat;2020-07-25;312606;223;3.36;0;2277.12
CLI-3877;CRE-3877;Strasbourg;Auto;2019-06-08;37974;36;5.77;1;1237.42
CLI-3878;CRE-3878;Epinal;Consommation;2020-07-09;12821;36;6.91;1;429.97
CLI-3879;CRE-3879;Mulhouse;Habitat;2021-10-17;201202;207;4.05;1;1651.05
CLI-3880;CRE-3880;Strasbourg;Consommation;2019-02-08;15675;35;5.99;1;526.1
CLI-3881;CRE-3881;Strasbourg;Consommation;2021-03-01;21913;26;6.15;0;955.11
CLI-3882;CRE-3882;Mulhouse;Auto;2021-10-09;30661;61;5.35;0;639.34
CLI-3883;CRE-3883;Epinal;Habitat;2020-09-01;290514;265;3.42;0;1924.24
CLI-3884;CRE-3884;Strasbourg;Consommation;2020-04-17;15379;24;7.21;1;733.19
CLI-3885;CRE-3885;Epinal;Habitat;2019-05-29;414854;258;3.59;1;2849.07
CLI-3886;CRE-3886;Epinal;Habitat;2020-05-24;322234;285;3.84;0;2161.79
CLI-3887;CRE-3887;Mulhouse;Habitat;2022-09-05;340303;279;3.15;0;2113.02
CLI-3888;CRE-3888;Epinal;Habitat;2022-04-12;378321;232;3.57;1;2756.2
CLI-3889;CRE-3889;Strasbourg;Habitat;2021-10-18;261340;200;3.46;0;2060.23
CLI-3890;CRE-3890;Epinal;Habitat;2019-08-08;207040;181;3.35;1;1721.85
CLI-3891;CRE-3891;Epinal;Consommation;2021-07-21;11507;18;5.83;1;695.18
CLI-3892;CRE-3892;Epinal;Habitat;2021-04-18;288820;231;3.95;1;2201.0
CLI-3893;CRE-3893;Mulhouse;Auto;2019-06-27;39635;60;5.14;0;830.35
CLI-3894;CRE-3894;Epinal;Auto;2019-10-09;25407;79;4.9;0;425.35
CLI-3895;CRE-3895;Epinal;Consommation;2022-07-30;14952;29;5.53;1;584.49
CLI-3896;CRE-3896;Epinal;Habitat;2020-01-21;365004;191;3.47;1;2966.49
CLI-3897;CRE-3897;Mulhouse;Habitat;2021-12-01;212453;291;4.07;1;1450.65
CLI-3898;CRE-3898;Strasbourg;Auto;2019-03-12;15902;74;4.83;0;278.9
CLI-3899;CRE-3899;Mulhouse;Habitat;2019-05-08;327634;274;3.83;1;2241.44
CLI-3900;CRE-3900;Mulhouse;Consommation;2019-07-06;15524;56;6.59;1;362.47
CLI-3901;CRE-3901;Colmar;Habitat;2019-07-24;231310;181;3.97;1;2043.21
CLI-3902;CRE-3902;Epinal;Habitat;2020-01-23;367744;223;3.11;1;2602.15
CLI-3903;CRE-3903;Colmar;Habitat;2022-10-30;421398;267;3.37;1;2761.7
CLI-3904;CRE-3904;Epinal;Habitat;2022-10-28;184469;277;3.77;1;1245.49
CLI-3905;CRE-3905;Epinal;Consommation;2019-07-22;23742;46;7.3;1;660.56
CLI-3906;CRE-3906;Epinal;Habitat;2019-08-09;227632;260;3.74;1;1584.96
CLI-3907;CRE-3907;Strasbourg;Consommation;2021-04-16;21986;32;6.23;0;801.21
CLI-3908;CRE-3908;Colmar;Habitat;2020-06-22;236713;277;3.43;1;1531.16
CLI-3909;CRE-3909;Strasbourg;Auto;2021-07-27;31966;46;5.47;0;840.62
CLI-3910;CRE-3910;Strasbourg;Habitat;2021-01-07;254893;292;3.24;0;1561.13
CLI-3911;CRE-3911;Epinal;Habitat;2022-09-01;162819;277;3.62;1;1078.96
CLI-3912;CRE-3912;Colmar;Habitat;2020-09-19;202544;209;3.99;1;1642.57
CLI-3913;CRE-3913;Strasbourg;Habitat;2020-04-29;178207;202;4.18;1;1502.97
CLI-3914;CRE-3914;Mulhouse;Habitat;2020-09-17;209476;232;4.04;1;1608.15
CLI-3915;CRE-3915;Mulhouse;Consommation;2019-04-24;16678;25;5.72;1;746.62
CLI-3916;CRE-3916;Mulhouse;Auto;2021-11-19;30018;63;5.69;0;618.81
CLI-3917;CRE-3917;Strasbourg;Consommation;2022-06-03;8716;15;7.48;0;635.4
CLI-3918;CRE-3918;Epinal;Habitat;2020-12-12;360057;212;3.19;1;2655.53
CLI-3919;CRE-3919;Strasbourg;Habitat;2022-09-14;281330;278;4.03;1;1956.78
CLI-3920;CRE-3920;Mulhouse;Auto;2021-01-22;28236;37;5.17;1;884.79
CLI-3921;CRE-3921;Strasbourg;Consommation;2019-07-14;7432;39;5.73;1;226.05
CLI-3922;CRE-3922;Colmar;Auto;2021-08-11;32323;56;5.49;1;725.07
CLI-3923;CRE-3923;Strasbourg;Habitat;2021-01-12;336686;298;3.75;0;2181.96
CLI-3924;CRE-3924;Colmar;Habitat;2020-02-24;445543;246;3.79;1;3218.32
CLI-3925;CRE-3925;Strasbourg;Habitat;2020-01-02;180407;267;3.48;1;1198.86
CLI-3926;CRE-3926;Strasbourg;Habitat;2020-05-11;168400;235;3.37;1;1189.52
CLI-3927;CRE-3927;Mulhouse;Habitat;2021-08-12;206445;188;3.41;1;1684.76
CLI-3928;CRE-3928;Epinal;Habitat;2021-12-19;423204;185;3.18;1;3409.08
CLI-3929;CRE-3929;Epinal;Consommation;2022-05-01;23404;39;5.78;1;712.83
CLI-3930;CRE-3930;Strasbourg;Consommation;2019-02-03;13113;28;6.84;1;543.07
CLI-3931;CRE-3931;Strasbourg;Auto;2019-08-27;43348;59;5.64;1;938.45
CLI-3932;CRE-3932;Colmar;Consommation;2021-04-07;9935;57;7.11;1;233.16
CLI-3933;CRE-3933;Strasbourg;Habitat;2019-06-20;339077;252;3.52;1;2340.17
CLI-3934;CRE-3934;Epinal;Habitat;2021-10-20;290188;271;3.83;1;1996.99
CLI-3935;CRE-3935;Epinal;Consommation;2021-07-10;23143;48;5.61;1;590.34
CLI-3936;CRE-3936;Colmar;Habitat;2021-03-18;156147;202;4.15;0;1313.01
CLI-3937;CRE-3937;Epinal;Habitat;2021-02-20;253752;256;3.89;1;1813.8
CLI-3938;CRE-3938;Strasbourg;Consommation;2019-11-14;13455;15;5.67;1;960.57
CLI-3939;CRE-3939;Mulhouse;Auto;2020-04-04;34646;80;5.12;0;580.9
CLI-3940;CRE-3940;Colmar;Consommation;2021-10-06;13360;16;7.38;1;917.16
CLI-3941;CRE-3941;Mulhouse;Auto;2019-04-19;35308;44;4.84;0;944.86
CLI-3942;CRE-3942;Strasbourg;Habitat;2022-05-04;313261;279;3.74;0;2099.13
CLI-3943;CRE-3943;Colmar;Habitat;2022-05-15;314674;195;3.63;1;2565.6
CLI-3944;CRE-3944;Colmar;Habitat;2019-09-15;153935;294;3.64;1;990.52
CLI-3945;CRE-3945;Epinal;Auto;2019-12-28;35189;48;5.29;1;888.23
CLI-3946;CRE-3946;Mulhouse;Habitat;2021-05-05;304544;241;3.88;1;2248.36
CLI-3947;CRE-3947;Epinal;Consommation;2019-11-07;8690;39;7.01;1;273.58
CLI-3948;CRE-3948;Strasbourg;Habitat;2021-12-05;337130;251;3.75;1;2396.68
CLI-3949;CRE-3949;Epinal;Habitat;2020-05-11;325488;217;3.54;1;2460.13
CLI-3950;CRE-3950;Epinal;Habitat;2021-06-02;428703;254;3.6;1;2973.92
CLI-3951;CRE-3951;Epinal;Auto;2019-12-22;24245;68;5.18;1;461.2
CLI-3952;CRE-3952;Strasbourg;Habitat;2021-07-25;351327;244;3.43;1;2444.07
CLI-3953;CRE-3953;Epinal;Consommation;2021-07-25;11172;54;6.31;0;265.63
CLI-3954;CRE-3954;Colmar;Habitat;2021-04-24;167919;298;3.52;0;1056.05
CLI-3955;CRE-3955;Colmar;Habitat;2020-11-18;381812;189;3.13;0;3016.06
CLI-3956;CRE-3956;Mulhouse;Auto;2022-05-08;22279;79;5.23;0;379.11
CLI-3957;CRE-3957;Strasbourg;Auto;2022-04-02;23545;57;5.46;1;520.2
CLI-3958;CRE-3958;Colmar;Habitat;2022-09-14;355899;230;3.21;0;2499.42
CLI-3959;CRE-3959;Colmar;Habitat;2022-06-12;160139;243;3.84;1;1171.45
CLI-3960;CRE-3960;Colmar;Habitat;2020-12-06;299976;257;3.36;0;2007.15
CLI-3961;CRE-3961;Strasbourg;Auto;2019-12-11;17504;72;5.28;1;320.13
CLI-3962;CRE-3962;Mulhouse;Habitat;2022-04-12;270469;186;4.17;0;2394.01
CLI-3963;CRE-3963;Colmar;Habitat;2021-07-02;277462;243;4.14;1;2099.06
CLI-3964;CRE-3964;Epinal;Habitat;2019-08-26;150592;268;4.16;0;1083.96
CLI-3965;CRE-3965;Epinal;Habitat;2022-06-30;232566;244;3.6;1;1650.84
CLI-3966;CRE-3966;Strasbourg;Consommation;2019-09-03;23034;17;6.05;0;1471.07
CLI-3967;CRE-3967;Colmar;Habitat;2021-03-15;222654;295;4.2;1;1534.05
CLI-3968;CRE-3968;Colmar;Auto;2022-06-27;30471;76;5.02;1;528.4
CLI-3969;CRE-3969;Mulhouse;Auto;2021-10-17;20794;71;4.93;0;378.3
CLI-3970;CRE-3970;Epinal;Habitat;2020-05-24;176573;198;3.95;1;1473.0
CLI-3971;CRE-3971;Strasbourg;Consommation;2021-08-30;19601;23;6.7;0;961.66
CLI-3972;CRE-3972;Epinal;Habitat;2019-08-26;421322;187;3.8;0;3587.25
CLI-3973;CRE-3973;Epinal;Habitat;2020-11-02;179069;271;3.75;1;1220.36
CLI-3974;CRE-3974;Strasbourg;Habitat;2022-07-25;441998;251;3.47;1;3039.06
CLI-3975;CRE-3975;Colmar;Consommation;2021-01-07;7110;41;6.55;0;212.22
CLI-3976;CRE-3976;Epinal;Auto;2022-07-17;37789;37;5.1;1;1181.93
CLI-3977;CRE-3977;Mulhouse;Habitat;2021-03-26;226222;241;4.02;1;1696.52
CLI-3978;CRE-3978;Epinal;Consommation;2022-06-15;24000;58;7.47;0;563.19
CLI-3979;CRE-3979;Epinal;Habitat;2021-05-27;172918;269;3.56;0;1155.81
CLI-3980;CRE-3980;Colmar;Habitat;2021-09-05;263990;229;3.6;0;1944.76
CLI-3981;CRE-3981;Mulhouse;Consommation;2021-08-15;16555;16;5.67;1;1112.91
CLI-3982;CRE-3982;Strasbourg;Habitat;2022-08-18;431383;205;3.08;1;3211.52
CLI-3983;CRE-3983;Mulhouse;Habitat;2021-09-30;341934;198;3.85;1;2823.98
CLI-3984;CRE-3984;Colmar;Consommation;2020-09-26;18265;14;5.8;0;1392.92
CLI-3985;CRE-3985;Colmar;Consommation;2020-01-11;10786;55;5.83;1;248.51
CLI-3986;CRE-3986;Mulhouse;Auto;2019-05-21;18683;78;5.46;1;324.53
CLI-3987;CRE-3987;Mulhouse;Consommation;2020-07-11;6452;48;6.73;1;170.6
CLI-3988;CRE-3988;Colmar;Consommation;2019-03-01;14372;30;7.26;1;566.02
CLI-3989;CRE-3989;Colmar;Habitat;2022-05-13;216524;282;3.99;1;1487.76
CLI-3990;CRE-3990;Mulhouse;Consommation;2022-07-02;8471;57;5.86;1;189.98
CLI-3991;CRE-3991;Colmar;Habitat;2020-05-04;254422;248;4.21;1;1918.49
CLI-3992;CRE-3992;Mulhouse;Habitat;2020-11-17;256310;296;3.73;0;1662.61
CLI-3993;CRE-3993;Mulhouse;Auto;2019-06-24;39324;55;5.55;1;896.86
CLI-3994;CRE-3994;Strasbourg;Consommation;2021-06-15;24976;45;7.37;1;708.42
CLI-3995;CRE-3995;Mulhouse;Habitat;2022-10-26;288647;188;3.99;0;2495.11
CLI-3996;CRE-3996;Epinal;Consommation;2020-12-08;18645;56;7.34;1;446.99
CLI-3997;CRE-3997;Mulhouse;Habitat;2019-11-07;331078;269;3.61;1;2226.77
CLI-3998;CRE-3998;Colmar;Auto;2020-08-15;28783;74;5.76;0;527.12
CLI-3999;CRE-3999;Epinal;Habitat;2021-02-01;400776;180;3.32;1;3335.35
CLI-4000;CRE-4000;Mulhouse;Habitat;2020-11-21;438366;182;3.67;1;3749.27
CLI-4001;CRE-4001;Strasbourg;Habitat;2022-06-14;197625;274;4.14;1;1403.07
CLI-4002;CRE-4002;Strasbourg;Habitat;2020-11-22;340321;193;3.61;1;2787.12
CLI-4003;CRE-4003;Mulhouse;Auto;2021-06-14;41024;51;5.7;1;999.26
CLI-4004;CRE-4004;Epinal;Habitat;2022-09-25;409701;241;3.33;0;2836.92
CLI-4005;CRE-4005;Strasbourg;Consommation;2021-05-26;20329;31;6.13;0;759.62
CLI-4006;CRE-4006;Epinal;Habitat;2019-05-21;353332;190;3.51;1;2893.14
CLI-4007;CRE-4007;Epinal;Auto;2022-07-10;31596;46;5.71;1;837.21
CLI-4008;CRE-4008;Epinal;Habitat;2020-07-31;175513;194;3.87;1;1470.74
CLI-4009;CRE-4009;Mulhouse;Habitat;2020-09-11;232915;251;3.26;0;1560.7
CLI-4010;CRE-4010;Strasbourg;Auto;2021-08-13;27430;51;5.46;1;662.65
CLI-4011;CRE-4011;Mulhouse;Auto;2020-12-10;37211;73;5.84;0;690.83
CLI-4012;CRE-4012;Epinal;Habitat;2019-06-04;245470;242;3.4;1;1709.84
CLI-4013;CRE-4013;Epinal;Auto;2020-08-25;31490;47;4.79;1;795.7
CLI-4014;CRE-4014;Mulhouse;Consommation;2019-10-19;11476;38;6.2;0;361.29
CLI-4015;CRE-4015;Mulhouse;Habitat;2022-01-04;154684;226;4.2;0;1225.84
CLI-4016;CRE-4016;Epinal;Habitat;2020-10-10;399027;241;4.02;1;2992.45
CLI-4017;CRE-4017;Epinal;Habitat;2020-02-27;420149;261;3.95;0;2992.76
CLI-4018;CRE-4018;Colmar;Habitat;2020-06-19;223002;258;3.4;1;1496.19
CLI-4019;CRE-4019;Mulhouse;Consommation;2019-05-27;10079;16;5.72;0;677.98
CLI-4020;CRE-4020;Mulhouse;Habitat;2020-08-21;402735;250;3.8;1;2886.27
CLI-4021;CRE-4021;Epinal;Habitat;2019-05-20;238713;202;3.61;0;1899.88
CLI-4022;CRE-4022;Strasbourg;Consommation;2022-07-23;17628;14;6.6;1;1356.1
CLI-4023;CRE-4023;Epinal;Habitat;2021-07-26;368141;263;3.94;1;2608.51
CLI-4024;CRE-4024;Mulhouse;Consommation;2022-05-20;17603;38;5.82;1;548.61
CLI-4025;CRE-4025;Mulhouse;Consommation;2021-04-03;15384;14;6.43;0;1181.29
CLI-4026;CRE-4026;Strasbourg;Habitat;2019-11-08;280793;203;3.25;1;2143.7
CLI-4027;CRE-4027;Epinal;Habitat;2020-01-06;226164;240;4.06;1;1707.54
CLI-4028;CRE-4028;Strasbourg;Habitat;2021-07-24;311986;291;3.55;1;1995.08
CLI-4029;CRE-4029;Mulhouse;Consommation;2020-09-14;11240;36;5.88;0;367.3
CLI-4030;CRE-4030;Colmar;Habitat;2021-02-27;305205;242;3.73;0;2209.86
CLI-4031;CRE-4031;Mulhouse;Auto;2021-08-27;25652;53;4.83;1;587.25
CLI-4032;CRE-4032;Strasbourg;Habitat;2021-05-29;423269;253;3.33;1;2847.57
CLI-4033;CRE-4033;Strasbourg;Consommation;2021-03-15;22326;47;7.12;1;607.49
CLI-4034;CRE-4034;Mulhouse;Consommation;2020-07-15;22081;12;7.01;1;1969.07
CLI-4035;CRE-4035;Strasbourg;Habitat;2019-05-18;397000;241;3.17;1;2696.04
CLI-4036;CRE-4036;Colmar;Habitat;2021-09-23;334267;278;3.42;1;2155.06
CLI-4037;CRE-4037;Mulhouse;Consommation;2020-05-11;14569;36;7.4;1;494.54
CLI-4038;CRE-4038;Epinal;Consommation;2021-12-27;23828;20;6.65;1;1323.45
CLI-4039;CRE-4039;Mulhouse;Consommation;2020-04-08;6708;12;5.84;0;591.65
CLI-4040;CRE-4040;Mulhouse;Auto;2020-04-11;38393;64;4.82;1;754.1
CLI-4041;CRE-4041;Epinal;Auto;2020-07-17;20130;54;5.07;1;457.83
CLI-4042;CRE-4042;Colmar;Habitat;2020-12-08;268331;186;3.99;0;2334.84
CLI-4043;CRE-4043;Strasbourg;Auto;2021-05-13;40349;37;5.86;1;1287.55
CLI-4044;CRE-4044;Strasbourg;Habitat;2022-11-21;192879;190;3.93;0;1646.83
CLI-4045;CRE-4045;Colmar;Habitat;2022-02-01;300886;247;3.27;1;2038.08
CLI-4046;CRE-4046;Colmar;Habitat;2021-07-10;189174;264;3.8;1;1315.62
CLI-4047;CRE-4047;Strasbourg;Habitat;2022-08-25;229996;182;3.49;1;1932.62
CLI-4048;CRE-4048;Strasbourg;Habitat;2020-08-09;155318;183;4.16;1;1387.17
CLI-4049;CRE-4049;Colmar;Habitat;2022-03-14;440950;212;3.16;1;3241.12
CLI-4050;CRE-4050;Strasbourg;Consommation;2022-10-16;6312;53;6.3;1;152.23
CLI-4051;CRE-4051;Strasbourg;Habitat;2021-04-04;153097;283;3.4;0;974.75
CLI-4052;CRE-4052;Strasbourg;Habitat;2021-06-17;448038;276;3.43;0;2903.97
CLI-4053;CRE-4053;Colmar;Consommation;2022-10-01;8496;38;6.9;0;272.43
CLI-4054;CRE-4054;Strasbourg;Auto;2022-02-27;29942;38;5.6;1;927.68
CLI-4055;CRE-4055;Strasbourg;Habitat;2019-08-01;319643;193;3.88;1;2689.69
CLI-4056;CRE-4056;Colmar;Auto;2020-01-18;27297;52;5.07;1;640.27
CLI-4057;CRE-4057;Colmar;Consommation;2020-06-19;9187;50;5.57;0;226.38
CLI-4058;CRE-4058;Mulhouse;Habitat;2019-02-26;430580;191;3.57;1;3535.32
CLI-4059;CRE-4059;Epinal;Habitat;2021-06-25;440994;208;3.75;1;3498.27
CLI-4060;CRE-4060;Mulhouse;Habitat;2019-03-15;168396;298;3.71;1;1085.71
CLI-4061;CRE-4061;Colmar;Consommation;2019-06-10;22777;33;6.92;0;821.56
CLI-4062;CRE-4062;Mulhouse;Habitat;2019-08-25;281124;192;3.99;0;2398.92
CLI-4063;CRE-4063;Colmar;Habitat;2021-10-28;220253;293;4.04;1;1493.24
CLI-4064;CRE-4064;Mulhouse;Auto;2022-10-30;35078;42;5.57;0;998.01
CLI-4065;CRE-4065;Mulhouse;Consommation;2021-07-20;14387;42;6.95;1;425.87
CLI-4066;CRE-4066;Mulhouse;Consommation;2020-07-15;23682;40;6.02;0;710.85
CLI-4067;CRE-4067;Strasbourg;Consommation;2020-10-08;17177;23;6.79;1;844.02
CLI-4068;CRE-4068;Epinal;Habitat;2021-06-30;321005;261;3.47;0;2158.14
CLI-4069;CRE-4069;Colmar;Auto;2021-03-19;38311;72;5.11;0;695.24
CLI-4070;CRE-4070;Mulhouse;Habitat;2021-10-27;274309;205;3.89;1;2227.31
CLI-4071;CRE-4071;Strasbourg;Auto;2022-07-12;34877;75;5.26;0;617.9
CLI-4072;CRE-4072;Strasbourg;Habitat;2021-03-11;421459;180;3.26;1;3486.4
CLI-4073;CRE-4073;Mulhouse;Consommation;2021-04-19;5940;23;5.81;1;287.02
CLI-4074;CRE-4074;Colmar;Consommation;2020-10-22;18917;39;5.96;1;579.01
CLI-4075;CRE-4075;Epinal;Habitat;2022-08-08;421018;209;3.87;1;3372.22
CLI-4076;CRE-4076;Epinal;Consommation;2022-01-26;15421;22;6.6;1;785.77
CLI-4077;CRE-4077;Epinal;Habitat;2020-06-30;420624;241;3.77;1;3066.79
CLI-4078;CRE-4078;Mulhouse;Consommation;2019-12-31;7742;50;6.06;1;193.94
CLI-4079;CRE-4079;Epinal;Consommation;2022-02-22;13507;17;6.63;1;869.16
CLI-4080;CRE-4080;Colmar;Habitat;2022-10-17;311516;259;3.37;0;2077.61
CLI-4081;CRE-4081;Mulhouse;Consommation;2022-04-30;20938;37;7.13;0;690.3
CLI-4082;CRE-4082;Colmar;Habitat;2020-06-29;255561;182;3.94;1;2243.27
CLI-4083;CRE-4083;Epinal;Auto;2020-07-25;34696;42;5.06;1;972.4
CLI-4084;CRE-4084;Colmar;Habitat;2019-02-04;199085;260;3.74;1;1386.19
CLI-4085;CRE-4085;Epinal;Consommation;2022-02-25;8413;38;5.68;1;261.22
CLI-4086;CRE-4086;Epinal;Habitat;2022-11-26;348713;251;3.54;0;2418.0
CLI-4087;CRE-4087;Colmar;Consommation;2022-03-13;11304;19;6.0;1;651.47
CLI-4088;CRE-4088;Mulhouse;Habitat;2019-07-17;211446;208;3.55;1;1642.1
CLI-4089;CRE-4089;Colmar;Consommation;2019-05-02;16297;57;6.46;0;373.64
CLI-4090;CRE-4090;Colmar;Consommation;2019-05-28;18189;46;7.16;0;503.94
CLI-4091;CRE-4091;Colmar;Auto;2022-11-22;29666;69;5.36;1;562.45
CLI-4092;CRE-4092;Epinal;Habitat;2019-11-21;162655;220;4.21;1;1309.99
CLI-4093;CRE-4093;Mulhouse;Habitat;2020-06-26;314210;238;3.52;1;2241.89
CLI-4094;CRE-4094;Epinal;Habitat;2019-10-17;430553;293;3.29;1;2649.9
CLI-4095;CRE-4095;Epinal;Consommation;2022-09-12;6154;44;5.84;1;169.81
CLI-4096;CRE-4096;Epinal;Consommation;2019-05-26;11200;14;7.34;1;868.51
CLI-4097;CRE-4097;Strasbourg;Auto;2022-01-25;25045;74;5.4;1;451.15
CLI-4098;CRE-4098;Epinal;Consommation;2019-08-11;15701;38;6.69;0;500.72
CLI-4099;CRE-4099;Epinal;Habitat;2022-04-28;294062;224;3.57;1;2187.61
CLI-4100;CRE-4100;Strasbourg;Consommation;2019-06-10;8048;17;5.77;1;512.11
CLI-4101;CRE-4101;Strasbourg;Habitat;2019-12-28;184410;190;3.66;1;1533.03
CLI-4102;CRE-4102;Colmar;Habitat;2021-04-10;170896;189;3.76;0;1439.69
CLI-4103;CRE-4103;Strasbourg;Habitat;2019-09-07;409350;277;3.16;1;2555.75
CLI-4104;CRE-4104;Colmar;Habitat;2020-10-14;152479;238;3.63;1;1101.92
CLI-4105;CRE-4105;Strasbourg;Habitat;2020-09-04;169940;221;3.47;0;1260.37
CLI-4106;CRE-4106;Epinal;Habitat;2019-09-09;286237;217;4.15;0;2308.97
CLI-4107;CRE-4107;Mulhouse;Habitat;2019-05-27;278621;264;3.26;1;1812.3
CLI-4108;CRE-4108;Strasbourg;Auto;2021-05-23;20163;67;5.55;1;394.19
CLI-4109;CRE-4109;Mulhouse;Habitat;2019-05-30;235851;205;3.77;0;1891.46
CLI-4110;CRE-4110;Mulhouse;Habitat;2021-05-25;357121;223;3.42;1;2619.23
CLI-4111;CRE-4111;Epinal;Consommation;2022-11-10;17131;29;6.32;1;680.95
CLI-4112;CRE-4112;Mulhouse;Consommation;2019-03-13;18115;59;7.42;0;419.04
CLI-4113;CRE-4113;Mulhouse;Consommation;2022-03-07;14246;47;5.67;1;370.42
CLI-4114;CRE-4114;Mulhouse;Habitat;2022-01-15;208973;246;4.23;0;1586.11
CLI-4115;CRE-4115;Epinal;Auto;2019-10-10;25762;65;5.52;1;514.84
CLI-4116;CRE-4116;Colmar;Consommation;2020-03-04;13440;42;7.06;0;399.07
CLI-4117;CRE-4117;Mulhouse;Auto;2021-11-22;30777;45;5.92;1;835.77
CLI-4118;CRE-4118;Epinal;Consommation;2020-11-02;21354;26;6.49;1;936.8
CLI-4119;CRE-4119;Strasbourg;Habitat;2022-05-25;256937;278;4.04;0;1789.26
CLI-4120;CRE-4120;Colmar;Habitat;2022-09-08;229022;189;3.89;1;1954.17
CLI-4121;CRE-4121;Strasbourg;Consommation;2020-09-11;14352;14;6.67;1;1104.92
CLI-4122;CRE-4122;Strasbourg;Auto;2019-10-09;37482;66;4.96;1;722.83
CLI-4123;CRE-4123;Epinal;Habitat;2022-11-19;380482;263;3.89;1;2680.1
CLI-4124;CRE-4124;Mulhouse;Habitat;2022-02-01;163291;273;3.98;1;1139.72
CLI-4125;CRE-4125;Strasbourg;Consommation;2022-02-19;13167;21;6.78;1;701.39
CLI-4126;CRE-4126;Colmar;Habitat;2021-05-11;357518;238;3.67;1;2595.59
CLI-4127;CRE-4127;Colmar;Habitat;2019-06-16;449336;297;3.69;1;2894.62
CLI-4128;CRE-4128;Strasbourg;Auto;2020-08-11;24603;77;5.54;1;433.1
CLI-4129;CRE-4129;Strasbourg;Habitat;2021-03-18;407244;258;3.61;1;2803.59
CLI-4130;CRE-4130;Colmar;Consommation;2020-07-26;6754;48;7.39;1;182.3
CLI-4131;CRE-4131;Strasbourg;Consommation;2022-09-02;14907;58;6.24;0;334.53
CLI-4132;CRE-4132;Epinal;Consommation;2021-02-19;15836;51;5.82;1;387.31
CLI-4133;CRE-4133;Mulhouse;Consommation;2022-05-25;6885;48;5.52;1;175.11
CLI-4134;CRE-4134;Strasbourg;Consommation;2020-07-30;22034;18;6.24;1;1338.69
CLI-4135;CRE-4135;Strasbourg;Habitat;2019-12-06;312075;196;3.92;1;2611.66
CLI-4136;CRE-4136;Colmar;Auto;2020-10-27;18110;62;4.79;1;364.39
CLI-4137;CRE-4137;Epinal;Habitat;2020-12-19;204956;234;3.52;1;1477.08
CLI-4138;CRE-4138;Colmar;Consommation;2020-01-16;23950;54;7.05;1;584.22
CLI-4139;CRE-4139;Colmar;Habitat;2022-07-18;330635;189;3.17;0;2622.82
CLI-4140;CRE-4140;Epinal;Auto;2019-04-08;44398;69;5.59;1;850.27
CLI-4141;CRE-4141;Epinal;Consommation;2022-07-31;7783;28;5.85;1;315.91
CLI-4142;CRE-4142;Colmar;Consommation;2022-01-20;20053;54;5.76;0;467.61
CLI-4143;CRE-4143;Epinal;Habitat;2020-12-09;395501;212;3.37;0;2976.27
CLI-4144;CRE-4144;Colmar;Habitat;2022-08-06;239221;184;3.25;0;1948.0
CLI-4145;CRE-4145;Mulhouse;Auto;2021-01-15;39418;69;4.86;1;730.92
CLI-4146;CRE-4146;Strasbourg;Habitat;2022-09-09;247889;235;3.43;1;1763.4
CLI-4147;CRE-4147;Colmar;Consommation;2022-11-14;7748;43;5.69;1;216.92
CLI-4148;CRE-4148;Epinal;Consommation;2021-05-01;10397;24;6.25;1;487.36
CLI-4149;CRE-4149;Mulhouse;Habitat;2021-06-23;352046;299;3.83;1;2301.02
CLI-4150;CRE-4150;Mulhouse;Habitat;2020-05-25;293526;225;3.7;1;2209.6
CLI-4151;CRE-4151;Strasbourg;Auto;2022-08-30;24005;78;5.54;1;418.58
CLI-4152;CRE-4152;Strasbourg;Consommation;2022-03-16;5315;46;6.72;1;145.31
CLI-4153;CRE-4153;Colmar;Habitat;2021-05-26;318795;235;3.25;1;2219.98
CLI-4154;CRE-4154;Strasbourg;Habitat;2020-06-24;255336;255;3.86;0;1822.65
CLI-4155;CRE-4155;Epinal;Habitat;2021-04-10;343086;215;3.2;0;2510.64
CLI-4156;CRE-4156;Colmar;Habitat;2022-10-25;240647;280;3.72;0;1605.46
CLI-4157;CRE-4157;Strasbourg;Habitat;2019-04-09;418660;252;3.4;1;2847.55
CLI-4158;CRE-4158;Strasbourg;Consommation;2022-04-15;22882;18;6.5;0;1395.17
CLI-4159;CRE-4159;Mulhouse;Auto;2022-01-10;28345;67;5.97;1;564.08
CLI-4160;CRE-4160;Strasbourg;Consommation;2022-02-25;15455;32;6.01;1;560.37
CLI-4161;CRE-4161;Epinal;Habitat;2020-06-20;411393;285;3.87;0;2770.23
CLI-4162;CRE-4162;Strasbourg;Consommation;2021-09-24;8973;47;6.2;0;237.28
CLI-4163;CRE-4163;Mulhouse;Habitat;2020-03-11;254011;225;3.94;1;1962.94
CLI-4164;CRE-4164;Epinal;Habitat;2022-05-23;243882;214;3.67;1;1885.51
CLI-4165;CRE-4165;Mulhouse;Consommation;2019-06-13;15384;58;6.67;0;350.75
CLI-4166;CRE-4166;Mulhouse;Consommation;2019-12-05;7010;21;5.86;1;368.04
CLI-4167;CRE-4167;Epinal;Consommation;2019-11-11;8283;13;6.0;0;678.57
CLI-4168;CRE-4168;Colmar;Habitat;2019-12-11;406850;264;3.92;1;2870.14
CLI-4169;CRE-4169;Strasbourg;Habitat;2020-11-04;198545;242;3.99;1;1480.6
CLI-4170;CRE-4170;Colmar;Habitat;2020-08-12;194139;297;3.42;0;1206.96
CLI-4171;CRE-4171;Mulhouse;Consommation;2022-03-13;9896;52;7.19;1;249.6
CLI-4172;CRE-4172;Mulhouse;Habitat;2022-03-27;405549;236;3.35;1;2850.59
CLI-4173;CRE-4173;Colmar;Habitat;2022-01-31;219180;188;3.77;0;1854.44
CLI-4174;CRE-4174;Colmar;Consommation;2021-12-20;15915;14;6.99;0;1229.49
CLI-4175;CRE-4175;Colmar;Auto;2019-02-15;43864;78;5.11;1;749.15
CLI-4176;CRE-4176;Strasbourg;Consommation;2020-12-28;17306;55;5.6;1;395.42
CLI-4177;CRE-4177;Colmar;Habitat;2020-06-13;293628;211;3.84;1;2331.21
CLI-4178;CRE-4178;Colmar;Habitat;2022-05-16;361793;270;3.64;0;2437.41
CLI-4179;CRE-4179;Mulhouse;Habitat;2022-02-27;214039;266;4.0;1;1518.12
CLI-4180;CRE-4180;Strasbourg;Habitat;2021-07-28;377978;193;3.86;1;3174.26
CLI-4181;CRE-4181;Colmar;Habitat;2022-08-27;275670;189;3.26;0;2207.47
CLI-4182;CRE-4182;Strasbourg;Consommation;2022-06-29;8704;30;7.39;0;343.74
CLI-4183;CRE-4183;Mulhouse;Consommation;2022-07-12;22427;47;6.17;1;592.48
CLI-4184;CRE-4184;Colmar;Consommation;2021-10-06;5574;12;5.96;0;492.18
CLI-4185;CRE-4185;Mulhouse;Habitat;2019-03-07;411560;276;3.56;1;2712.12
CLI-4186;CRE-4186;Strasbourg;Habitat;2020-10-12;418400;215;3.85;1;3288.41
CLI-4187;CRE-4187;Colmar;Consommation;2019-11-22;23545;13;7.34;1;1955.17
CLI-4188;CRE-4188;Strasbourg;Auto;2021-09-16;23730;78;5.7;1;416.95
CLI-4189;CRE-4189;Colmar;Auto;2020-05-31;38493;42;5.51;0;1093.25
CLI-4190;CRE-4190;Mulhouse;Consommation;2019-08-19;9895;19;5.87;0;569.19
CLI-4191;CRE-4191;Epinal;Consommation;2019-05-31;5706;41;5.82;0;166.84
CLI-4192;CRE-4192;Mulhouse;Habitat;2022-03-29;325280;282;3.37;1;2066.97
CLI-4193;CRE-4193;Epinal;Habitat;2021-02-21;438974;197;3.47;1;3497.66
CLI-4194;CRE-4194;Mulhouse;Habitat;2022-08-14;264430;188;3.89;1;2263.74
CLI-4195;CRE-4195;Colmar;Habitat;2020-05-01;393317;196;3.82;0;3258.78
CLI-4196;CRE-4196;Strasbourg;Habitat;2021-03-24;185365;232;4.0;1;1416.87
CLI-4197;CRE-4197;Mulhouse;Consommation;2020-08-13;16301;37;6.42;1;527.78
CLI-4198;CRE-4198;Mulhouse;Habitat;2020-03-14;347989;216;3.23;1;2547.73
CLI-4199;CRE-4199;Mulhouse;Habitat;2021-02-02;335573;253;3.2;0;2221.24
CLI-4200;CRE-4200;Colmar;Consommation;2022-07-30;6819;47;7.03;1;185.03
CLI-4201;CRE-4201;Colmar;Auto;2019-11-06;16583;80;5.14;1;278.32
CLI-4202;CRE-4202;Epinal;Auto;2020-04-13;34977;64;5.85;1;717.03
CLI-4203;CRE-4203;Colmar;Consommation;2019-02-02;13502;52;7.1;1;339.54
CLI-4204;CRE-4204;Mulhouse;Consommation;2020-01-11;19724;51;7.0;0;501.8
CLI-4205;CRE-4205;Colmar;Habitat;2019-07-17;308695;194;3.23;1;2422.12
CLI-4206;CRE-4206;Mulhouse;Consommation;2022-07-01;24146;42;6.35;1;702.68
CLI-4207;CRE-4207;Epinal;Habitat;2019-05-16;153575;279;4.18;1;1085.4
CLI-4208;CRE-4208;Colmar;Auto;2021-11-18;38144;69;4.87;1;707.61
CLI-4209;CRE-4209;Colmar;Habitat;2019-02-13;438216;290;3.66;1;2847.65
CLI-4210;CRE-4210;Mulhouse;Consommation;2020-08-05;20327;48;6.48;0;533.24
CLI-4211;CRE-4211;Mulhouse;Habitat;2019-12-06;382994;266;3.9;1;2684.56
CLI-4212;CRE-4212;Mulhouse;Habitat;2019-08-16;173424;270;3.84;1;1197.27
CLI-4213;CRE-4213;Colmar;Auto;2020-10-01;32756;66;4.97;1;631.97
CLI-4214;CRE-4214;Strasbourg;Auto;2020-09-18;32175;71;5.71;1;606.27
CLI-4215;CRE-4215;Mulhouse;Auto;2019-10-27;39507;60;5.6;1;842.82
CLI-4216;CRE-4216;Mulhouse;Habitat;2022-09-14;314164;276;3.84;1;2143.6
CLI-4217;CRE-4217;Epinal;Habitat;2020-07-12;304713;246;3.78;1;2198.52
CLI-4218;CRE-4218;Strasbourg;Auto;2020-12-11;22569;58;5.3;1;488.8
CLI-4219;CRE-4219;Strasbourg;Habitat;2019-11-02;325453;249;3.67;1;2302.38
CLI-4220;CRE-4220;Mulhouse;Habitat;2021-09-16;283269;256;3.95;1;2038.95
CLI-4221;CRE-4221;Colmar;Habitat;2022-03-01;343970;262;3.55;1;2330.44
CLI-4222;CRE-4222;Epinal;Consommation;2022-06-14;23887;44;7.42;0;690.59
CLI-4223;CRE-4223;Strasbourg;Consommation;2022-05-23;11943;18;6.92;0;732.37
CLI-4224;CRE-4224;Colmar;Habitat;2021-02-19;197525;188;3.81;1;1677.81
CLI-4225;CRE-4225;Mulhouse;Habitat;2022-08-14;174396;258;3.96;1;1251.46
CLI-4226;CRE-4226;Mulhouse;Habitat;2021-02-27;285488;201;3.46;0;2243.5
CLI-4227;CRE-4227;Colmar;Habitat;2019-07-07;259951;255;4.06;1;1898.92
CLI-4228;CRE-4228;Epinal;Habitat;2022-05-03;344442;216;3.33;0;2550.47
CLI-4229;CRE-4229;Mulhouse;Auto;2020-04-14;39848;67;5.4;1;774.06
CLI-4230;CRE-4230;Epinal;Habitat;2019-03-29;372485;267;3.1;0;2357.33
CLI-4231;CRE-4231;Strasbourg;Auto;2019-12-12;19799;62;4.88;1;399.85
CLI-4232;CRE-4232;Epinal;Consommation;2022-11-14;19442;48;6.01;0;502.41
CLI-4233;CRE-4233;Epinal;Habitat;2022-06-30;324400;185;3.47;1;2691.57
CLI-4234;CRE-4234;Mulhouse;Consommation;2020-07-23;14409;32;6.38;1;526.89
CLI-4235;CRE-4235;Colmar;Auto;2021-09-23;19520;76;5.94;1;353.47
CLI-4236;CRE-4236;Strasbourg;Habitat;2020-04-27;276622;284;3.32;0;1739.34
CLI-4237;CRE-4237;Strasbourg;Habitat;2021-12-24;431906;225;3.49;0;3175.71
CLI-4238;CRE-4238;Mulhouse;Consommation;2019-10-02;13138;25;6.58;1;597.56
CLI-4239;CRE-4239;Strasbourg;Auto;2019-02-13;38399;80;5.48;1;655.34
CLI-4240;CRE-4240;Mulhouse;Auto;2020-12-10;44901;70;5.28;1;839.01
CLI-4241;CRE-4241;Colmar;Habitat;2020-09-06;384039;256;3.08;1;2485.85
CLI-4242;CRE-4242;Colmar;Habitat;2021-01-27;240924;271;4.17;1;1726.23
CLI-4243;CRE-4243;Epinal;Consommation;2019-10-12;24360;13;5.68;0;1989.15
CLI-4244;CRE-4244;Colmar;Habitat;2022-01-19;415121;217;3.44;1;3103.01
CLI-4245;CRE-4245;Colmar;Habitat;2022-10-29;302758;233;3.53;1;2190.0
CLI-4246;CRE-4246;Colmar;Habitat;2021-09-27;275479;235;3.71;0;2023.94
CLI-4247;CRE-4247;Mulhouse;Consommation;2021-10-21;10825;20;7.12;1;605.48
CLI-4248;CRE-4248;Strasbourg;Consommation;2022-10-10;8518;53;7.24;1;212.11
CLI-4249;CRE-4249;Strasbourg;Consommation;2019-09-27;10025;38;5.96;1;313.61
CLI-4250;CRE-4250;Strasbourg;Habitat;2022-10-31;379962;210;3.9;1;3044.22
CLI-4251;CRE-4251;Mulhouse;Consommation;2019-05-16;24455;48;5.52;0;621.97
CLI-4252;CRE-4252;Strasbourg;Habitat;2022-01-11;384437;281;3.57;1;2511.8
CLI-4253;CRE-4253;Colmar;Habitat;2021-10-03;413985;190;3.8;1;3489.82
CLI-4254;CRE-4254;Strasbourg;Habitat;2019-04-07;412992;260;3.52;1;2799.87
CLI-4255;CRE-4255;Mulhouse;Consommation;2020-07-19;16134;29;6.88;1;648.85
CLI-4256;CRE-4256;Mulhouse;Auto;2022-08-21;26505;73;4.85;1;470.21
CLI-4257;CRE-4257;Mulhouse;Consommation;2020-04-23;24658;38;6.85;1;789.65
CLI-4258;CRE-4258;Mulhouse;Consommation;2021-08-27;18183;16;6.44;1;1234.02
CLI-4259;CRE-4259;Strasbourg;Habitat;2021-05-07;350118;295;4.1;1;2383.08
CLI-4260;CRE-4260;Strasbourg;Consommation;2022-10-11;15123;17;5.66;1;960.92
CLI-4261;CRE-4261;Epinal;Auto;2019-02-20;32210;64;5.68;1;655.74
CLI-4262;CRE-4262;Colmar;Habitat;2020-01-09;410404;182;3.69;1;3516.96
CLI-4263;CRE-4263;Mulhouse;Consommation;2022-10-25;15981;24;6.33;1;750.17
CLI-4264;CRE-4264;Strasbourg;Auto;2021-05-11;34398;46;5.03;1;891.97
CLI-4265;CRE-4265;Epinal;Habitat;2022-09-27;289508;195;3.98;1;2444.86
CLI-4266;CRE-4266;Mulhouse;Auto;2019-09-08;20626;37;5.44;0;650.96
CLI-4267;CRE-4267;Mulhouse;Habitat;2019-05-18;295110;258;4.09;1;2149.67
CLI-4268;CRE-4268;Colmar;Consommation;2020-05-05;18569;21;6.29;0;981.57
CLI-4269;CRE-4269;Epinal;Auto;2019-12-11;19091;65;5.86;0;386.94
CLI-4270;CRE-4270;Mulhouse;Auto;2020-05-10;26378;47;4.78;0;666.31
CLI-4271;CRE-4271;Mulhouse;Auto;2021-04-21;17407;83;5.23;0;285.59
CLI-4272;CRE-4272;Epinal;Auto;2022-02-09;37427;70;4.94;1;688.75
CLI-4273;CRE-4273;Colmar;Consommation;2021-06-12;21732;28;6.1;0;886.61
CLI-4274;CRE-4274;Strasbourg;Habitat;2021-03-16;365292;211;3.29;1;2732.75
CLI-4275;CRE-4275;Colmar;Consommation;2019-08-18;14688;12;5.71;0;1293.89
CLI-4276;CRE-4276;Epinal;Habitat;2022-09-15;306720;210;3.69;1;2403.74
CLI-4277;CRE-4277;Strasbourg;Consommation;2021-12-02;10053;40;6.51;1;305.86
CLI-4278;CRE-4278;Strasbourg;Habitat;2021-07-15;255940;217;4.15;1;2064.57
CLI-4279;CRE-4279;Epinal;Auto;2021-05-03;38063;58;5.85;1;841.82
CLI-4280;CRE-4280;Mulhouse;Habitat;2019-03-08;164392;231;4.32;1;1303.46
CLI-4281;CRE-4281;Strasbourg;Consommation;2022-03-28;10729;53;6.8;1;263.23
CLI-4282;CRE-4282;Colmar;Auto;2020-10-18;34076;36;4.78;1;1082.29
CLI-4283;CRE-4283;Colmar;Habitat;2022-10-19;275030;272;3.57;0;1829.35
CLI-4284;CRE-4284;Epinal;Consommation;2019-02-11;7328;51;6.27;1;181.98
CLI-4285;CRE-4285;Mulhouse;Habitat;2022-07-15;285335;257;3.97;1;2054.24
CLI-4286;CRE-4286;Strasbourg;Consommation;2019-12-08;10267;35;5.88;1;343.65
CLI-4287;CRE-4287;Colmar;Habitat;2020-08-24;248194;265;3.85;1;1732.87
CLI-4288;CRE-4288;Colmar;Habitat;2022-09-28;277300;230;3.94;1;2116.12
CLI-4289;CRE-4289;Colmar;Consommation;2020-05-25;12115;42;5.76;1;346.6
CLI-4290;CRE-4290;Epinal;Auto;2019-04-13;34572;64;5.3;1;692.88
CLI-4291;CRE-4291;Mulhouse;Habitat;2020-12-12;212630;193;3.96;1;1803.39
CLI-4292;CRE-4292;Strasbourg;Habitat;2022-09-23;437838;222;3.39;0;3209.14
CLI-4293;CRE-4293;Colmar;Habitat;2021-10-29;417990;222;3.54;1;3115.91
CLI-4294;CRE-4294;Mulhouse;Habitat;2022-03-27;210887;230;3.57;0;1544.29
CLI-4295;CRE-4295;Mulhouse;Habitat;2020-05-28;291251;238;3.3;1;2024.68
CLI-4296;CRE-4296;Mulhouse;Consommation;2020-10-26;11848;55;6.73;1;281.87
CLI-4297;CRE-4297;Strasbourg;Habitat;2019-07-04;195249;192;3.59;1;1601.04
CLI-4298;CRE-4298;Colmar;Consommation;2021-01-25;12182;22;6.76;1;622.35
CLI-4299;CRE-4299;Epinal;Habitat;2021-12-12;360975;262;3.61;0;2463.7
CLI-4300;CRE-4300;Strasbourg;Habitat;2019-11-17;235141;288;3.97;1;1594.39
CLI-4301;CRE-4301;Mulhouse;Habitat;2019-02-20;409547;199;3.29;1;3180.87
CLI-4302;CRE-4302;Colmar;Auto;2022-06-28;16113;75;4.82;1;279.56
CLI-4303;CRE-4303;Mulhouse;Auto;2022-06-14;41717;82;5.05;1;684.3
CLI-4304;CRE-4304;Mulhouse;Consommation;2020-11-30;13770;19;5.9;1;792.44
CLI-4305;CRE-4305;Strasbourg;Habitat;2019-05-24;165422;207;4.27;1;1387.77
CLI-4306;CRE-4306;Colmar;Auto;2020-06-10;37898;57;5.41;1;835.73
CLI-4307;CRE-4307;Mulhouse;Habitat;2022-09-04;389259;266;3.58;0;2624.67
CLI-4308;CRE-4308;Colmar;Habitat;2020-06-14;443592;257;3.56;1;3042.03
CLI-4309;CRE-4309;Colmar;Auto;2019-04-29;37303;46;5.45;0;980.35
CLI-4310;CRE-4310;Strasbourg;Habitat;2022-10-18;415150;209;3.76;1;3287.17
CLI-4311;CRE-4311;Mulhouse;Consommation;2021-04-28;20079;30;6.22;0;773.38
CLI-4312;CRE-4312;Colmar;Habitat;2019-10-19;205309;237;3.33;1;1436.02
CLI-4313;CRE-4313;Mulhouse;Habitat;2019-10-05;306904;237;3.42;0;2169.63
CLI-4314;CRE-4314;Mulhouse;Auto;2021-11-24;26915;63;5.31;0;546.32
CLI-4315;CRE-4315;Epinal;Auto;2020-06-28;38899;44;5.8;1;1072.08
CLI-4316;CRE-4316;Mulhouse;Habitat;2019-09-03;155687;236;4.28;1;1214.97
CLI-4317;CRE-4317;Strasbourg;Consommation;2020-03-05;16191;42;6.62;1;474.82
CLI-4318;CRE-4318;Epinal;Habitat;2020-03-29;264706;238;4.18;1;2034.27
CLI-4319;CRE-4319;Strasbourg;Habitat;2021-01-21;376472;208;3.93;1;3042.91
CLI-4320;CRE-4320;Epinal;Consommation;2019-08-15;6798;44;5.72;1;186.9
CLI-4321;CRE-4321;Epinal;Habitat;2022-10-20;197234;294;4.17;0;1356.25
CLI-4322;CRE-4322;Mulhouse;Consommation;2020-12-03;5384;30;5.88;1;205.85
CLI-4323;CRE-4323;Epinal;Auto;2019-11-04;44770;41;5.63;1;1302.0
CLI-4324;CRE-4324;Epinal;Habitat;2022-04-28;433705;267;3.17;1;2770.07
CLI-4325;CRE-4325;Strasbourg;Habitat;2021-10-29;218225;199;3.46;1;1725.82
CLI-4326;CRE-4326;Epinal;Consommation;2020-10-15;7991;33;6.27;0;283.9
CLI-4327;CRE-4327;Epinal;Habitat;2021-10-09;262414;194;3.25;1;2063.35
CLI-4328;CRE-4328;Strasbourg;Habitat;2021-10-16;444275;275;3.66;1;2970.58
CLI-4329;CRE-4329;Mulhouse;Habitat;2019-06-27;376764;217;3.9;1;2960.72
CLI-4330;CRE-4330;Colmar;Auto;2021-09-11;40595;45;5.82;1;1099.0
CLI-4331;CRE-4331;Colmar;Consommation;2022-02-04;6101;35;5.58;1;202.68
CLI-4332;CRE-4332;Colmar;Consommation;2021-01-05;7934;25;7.38;1;366.15
CLI-4333;CRE-4333;Colmar;Consommation;2022-11-18;10817;22;6.17;0;547.3
CLI-4334;CRE-4334;Colmar;Habitat;2022-04-27;255913;282;3.63;1;1681.63
CLI-4335;CRE-4335;Strasbourg;Consommation;2022-01-24;17325;44;5.63;0;475.03
CLI-4336;CRE-4336;Epinal;Habitat;2021-03-22;170845;272;4.02;1;1200.44
CLI-4337;CRE-4337;Strasbourg;Habitat;2022-07-12;170969;199;3.59;1;1370.62
CLI-4338;CRE-4338;Strasbourg;Habitat;2019-08-05;395183;252;3.74;0;2799.84
CLI-4339;CRE-4339;Epinal;Habitat;2020-10-12;225478;191;3.72;1;1879.49
CLI-4340;CRE-4340;Colmar;Habitat;2022-03-19;410106;234;3.65;0;3000.0
CLI-4341;CRE-4341;Mulhouse;Consommation;2021-03-04;13917;35;5.86;1;465.59
CLI-4342;CRE-4342;Strasbourg;Consommation;2021-01-11;19239;44;6.44;1;540.5
CLI-4343;CRE-4343;Strasbourg;Consommation;2022-10-22;22195;56;7.19;0;529.32
CLI-4344;CRE-4344;Epinal;Habitat;2021-11-29;365992;192;3.72;1;3040.78
CLI-4345;CRE-4345;Epinal;Habitat;2020-06-10;171123;239;3.68;0;1240.77
CLI-4346;CRE-4346;Strasbourg;Habitat;2019-09-07;204063;214;3.66;1;1575.96
CLI-4347;CRE-4347;Colmar;Auto;2019-03-14;39807;57;5.55;0;882.48
CLI-4348;CRE-4348;Epinal;Auto;2021-04-10;38077;42;5.11;1;1068.74
CLI-4349;CRE-4349;Epinal;Habitat;2019-02-04;381873;210;3.38;1;2894.05
CLI-4350;CRE-4350;Epinal;Habitat;2022-04-18;316663;220;3.99;1;2492.28
CLI-4351;CRE-4351;Strasbourg;Habitat;2019-02-27;298740;214;3.62;1;2297.18
CLI-4352;CRE-4352;Strasbourg;Habitat;2020-05-25;303298;246;3.4;1;2092.26
CLI-4353;CRE-4353;Strasbourg;Habitat;2021-11-21;338836;299;4.08;1;2285.27
CLI-4354;CRE-4354;Epinal;Auto;2021-01-11;35035;56;5.55;1;787.66
CLI-4355;CRE-4355;Strasbourg;Consommation;2019-06-15;17574;26;7.18;1;781.07
CLI-4356;CRE-4356;Colmar;Habitat;2020-10-16;159839;201;3.68;0;1285.39
CLI-4357;CRE-4357;Colmar;Habitat;2021-10-06;206055;277;4.04;0;1437.6
CLI-4358;CRE-4358;Mulhouse;Habitat;2021-06-17;352009;260;3.17;1;2283.77
CLI-4359;CRE-4359;Epinal;Habitat;2019-12-26;383643;246;3.22;0;2588.97
CLI-4360;CRE-4360;Strasbourg;Consommation;2020-11-19;15746;37;5.65;1;499.7
CLI-4361;CRE-4361;Colmar;Consommation;2022-02-08;9849;53;5.65;0;232.2
CLI-4362;CRE-4362;Strasbourg;Habitat;2021-09-22;407347;251;3.56;1;2831.36
CLI-4363;CRE-4363;Mulhouse;Habitat;2020-10-20;275389;245;4.02;1;2046.59
CLI-4364;CRE-4364;Strasbourg;Habitat;2022-02-04;302761;258;4.07;0;2200.36
CLI-4365;CRE-4365;Mulhouse;Habitat;2019-02-01;278160;216;3.95;1;2203.39
CLI-4366;CRE-4366;Colmar;Habitat;2021-05-24;391857;194;3.72;1;3234.64
CLI-4367;CRE-4367;Strasbourg;Habitat;2020-11-30;430231;226;3.66;1;3215.88
CLI-4368;CRE-4368;Epinal;Habitat;2021-09-30;185505;204;3.82;0;1499.86
CLI-4369;CRE-4369;Mulhouse;Consommation;2022-05-04;16019;36;5.95;1;524.4
CLI-4370;CRE-4370;Strasbourg;Consommation;2020-01-21;20565;36;7.37;0;697.55
CLI-4371;CRE-4371;Mulhouse;Habitat;2019-11-16;371780;276;3.17;1;2329.15
CLI-4372;CRE-4372;Strasbourg;Auto;2021-01-29;33169;65;5.39;0;659.28
CLI-4373;CRE-4373;Mulhouse;Habitat;2020-02-21;264478;188;3.7;1;2222.27
CLI-4374;CRE-4374;Colmar;Consommation;2019-03-11;24354;39;7.13;1;769.16
CLI-4375;CRE-4375;Colmar;Habitat;2020-01-25;405166;246;3.56;1;2849.01
CLI-4376;CRE-4376;Colmar;Consommation;2020-07-16;19767;43;7.25;1;579.12
CLI-4377;CRE-4377;Strasbourg;Consommation;2019-02-13;13123;24;6.73;1;620.39
CLI-4378;CRE-4378;Colmar;Consommation;2021-05-13;8034;19;7.31;1;471.78
CLI-4379;CRE-4379;Colmar;Auto;2022-05-19;23785;61;4.78;0;484.66
CLI-4380;CRE-4380;Strasbourg;Habitat;2019-09-10;243710;248;4.15;1;1825.53
CLI-4381;CRE-4381;Epinal;Consommation;2021-06-02;8634;45;6.97;1;242.02
CLI-4382;CRE-4382;Strasbourg;Consommation;2021-03-09;13398;18;6.6;1;818.02
CLI-4383;CRE-4383;Mulhouse;Habitat;2020-10-26;210859;277;3.79;1;1427.19
CLI-4384;CRE-4384;Epinal;Habitat;2022-03-04;413793;239;3.59;1;2969.28
CLI-4385;CRE-4385;Mulhouse;Habitat;2020-11-27;331928;294;3.86;1;2196.71
CLI-4386;CRE-4386;Strasbourg;Consommation;2021-05-06;17038;34;7.07;1;601.5
CLI-4387;CRE-4387;Strasbourg;Habitat;2021-05-15;328983;251;4.01;1;2410.04
CLI-4388;CRE-4388;Epinal;Habitat;2021-04-19;278362;215;3.25;1;2048.6
CLI-4389;CRE-4389;Epinal;Consommation;2020-12-27;5148;23;6.71;0;252.61
CLI-4390;CRE-4390;Epinal;Consommation;2019-09-16;10636;14;6.54;0;817.68
CLI-4391;CRE-4391;Mulhouse;Habitat;2022-08-06;168069;254;3.84;1;1199.51
CLI-4392;CRE-4392;Epinal;Habitat;2019-05-11;436920;291;3.27;1;2692.05
CLI-4393;CRE-4393;Colmar;Consommation;2022-08-11;5827;33;6.78;1;209.5
CLI-4394;CRE-4394;Mulhouse;Auto;2022-09-13;37238;54;5.88;1;872.06
CLI-4395;CRE-4395;Colmar;Habitat;2022-05-09;215284;222;3.64;1;1622.78
CLI-4396;CRE-4396;Strasbourg;Consommation;2021-01-03;15150;16;6.42;1;1027.93
CLI-4397;CRE-4397;Epinal;Habitat;2019-04-08;278411;263;3.62;1;1898.47
CLI-4398;CRE-4398;Mulhouse;Consommation;2019-04-10;20818;21;5.96;1;1094.73
CLI-4399;CRE-4399;Strasbourg;Habitat;2019-06-23;226114;183;3.6;0;1913.94
CLI-4400;CRE-4400;Mulhouse;Habitat;2020-11-02;352374;221;3.66;1;2669.19
CLI-4401;CRE-4401;Strasbourg;Consommation;2021-09-25;14976;14;6.13;1;1146.22
CLI-4402;CRE-4402;Mulhouse;Habitat;2022-03-08;344416;255;3.9;1;2470.0
CLI-4403;CRE-4403;Colmar;Habitat;2019-08-30;419268;192;3.14;0;3280.77
CLI-4404;CRE-4404;Colmar;Consommation;2022-10-06;22948;40;7.12;1;709.86
CLI-4405;CRE-4405;Colmar;Auto;2021-01-04;42503;74;5.76;1;778.38
CLI-4406;CRE-4406;Colmar;Consommation;2020-04-16;12662;54;6.23;1;300.22
CLI-4407;CRE-4407;Epinal;Auto;2019-06-29;22944;37;5.5;0;725.27
CLI-4408;CRE-4408;Strasbourg;Consommation;2021-10-20;17032;41;7.29;0;518.88
CLI-4409;CRE-4409;Epinal;Consommation;2019-12-11;14157;18;7.11;1;870.38
CLI-4410;CRE-4410;Colmar;Habitat;2019-06-22;432113;191;3.05;1;3360.66
CLI-4411;CRE-4411;Strasbourg;Auto;2019-04-05;24589;36;4.89;1;783.23
CLI-4412;CRE-4412;Mulhouse;Consommation;2021-02-15;14791;50;6.37;1;374.34
CLI-4413;CRE-4413;Epinal;Consommation;2021-05-12;21195;40;7.42;1;660.93
CLI-4414;CRE-4414;Strasbourg;Habitat;2020-07-25;181049;187;3.51;1;1497.74
CLI-4415;CRE-4415;Mulhouse;Habitat;2022-02-01;368450;189;3.85;1;3131.58
CLI-4416;CRE-4416;Epinal;Auto;2021-02-26;32404;52;5.66;0;775.99
CLI-4417;CRE-4417;Colmar;Auto;2020-01-12;20498;48;4.88;1;510.4
CLI-4418;CRE-4418;Strasbourg;Habitat;2019-09-18;280419;212;3.21;1;2072.85
CLI-4419;CRE-4419;Strasbourg;Habitat;2019-09-10;228026;240;3.25;1;1567.68
CLI-4420;CRE-4420;Strasbourg;Consommation;2022-01-24;22598;55;6.16;1;526.88
CLI-4421;CRE-4421;Strasbourg;Auto;2022-10-04;18269;62;4.79;1;367.59
CLI-4422;CRE-4422;Mulhouse;Habitat;2022-02-09;418519;262;3.7;0;2887.83
CLI-4423;CRE-4423;Mulhouse;Auto;2022-08-24;30831;43;5.81;1;866.27
CLI-4424;CRE-4424;Colmar;Habitat;2020-11-23;368306;182;3.2;1;3005.81
CLI-4425;CRE-4425;Strasbourg;Consommation;2022-02-19;9045;24;7.29;0;431.82
CLI-4426;CRE-4426;Mulhouse;Auto;2019-08-20;16645;57;5.24;1;364.7
CLI-4427;CRE-4427;Colmar;Consommation;2021-07-27;20592;22;6.94;1;1055.09
CLI-4428;CRE-4428;Colmar;Consommation;2020-07-26;7266;29;5.62;1;284.58
CLI-4429;CRE-4429;Mulhouse;Consommation;2021-10-13;22389;50;6.3;0;565.32
CLI-4430;CRE-4430;Colmar;Auto;2019-08-25;40349;36;5.72;1;1313.14
CLI-4431;CRE-4431;Colmar;Habitat;2022-02-04;198995;270;4.09;0;1415.26
CLI-4432;CRE-4432;Colmar;Consommation;2021-04-09;13671;13;7.28;0;1134.55
CLI-4433;CRE-4433;Mulhouse;Consommation;2022-09-30;10379;42;5.8;0;297.28
CLI-4434;CRE-4434;Mulhouse;Habitat;2022-10-12;397850;213;4.01;0;3197.32
CLI-4435;CRE-4435;Colmar;Habitat;2021-08-12;384054;244;3.23;1;2607.74
CLI-4436;CRE-4436;Strasbourg;Habitat;2022-10-08;397321;264;3.43;0;2640.68
CLI-4437;CRE-4437;Epinal;Habitat;2021-02-11;360193;202;3.69;0;2890.73
CLI-4438;CRE-4438;Strasbourg;Consommation;2020-11-16;15299;35;6.48;1;519.73
CLI-4439;CRE-4439;Epinal;Habitat;2021-05-26;411817;181;3.12;1;3345.96
CLI-4440;CRE-4440;Mulhouse;Habitat;2021-05-24;158798;278;3.91;1;1088.63
CLI-4441;CRE-4441;Mulhouse;Consommation;2020-01-17;14068;19;6.36;1;814.98
CLI-4442;CRE-4442;Strasbourg;Auto;2020-02-15;30002;37;5.2;1;940.87
CLI-4443;CRE-4443;Epinal;Consommation;2022-11-12;5243;32;6.31;1;191.41
CLI-4444;CRE-4444;Strasbourg;Consommation;2019-11-12;21222;13;5.53;0;1730.26
CLI-4445;CRE-4445;Colmar;Habitat;2019-07-13;193106;245;3.56;0;1361.07
CLI-4446;CRE-4446;Mulhouse;Consommation;2022-05-17;21273;51;6.38;1;530.22
CLI-4447;CRE-4447;Colmar;Habitat;2021-04-29;350013;267;3.17;1;2235.53
CLI-4448;CRE-4448;Colmar;Consommation;2021-07-22;19826;16;5.6;0;1331.65
CLI-4449;CRE-4449;Strasbourg;Consommation;2022-04-27;7532;57;6.52;0;173.06
CLI-4450;CRE-4450;Colmar;Consommation;2021-05-26;8958;23;6.66;1;439.2
CLI-4451;CRE-4451;Strasbourg;Consommation;2019-04-28;14470;27;6.99;1;620.21
CLI-4452;CRE-4452;Epinal;Consommation;2020-01-14;11568;32;6.45;1;423.68
CLI-4453;CRE-4453;Colmar;Habitat;2020-09-15;168832;270;3.79;1;1158.53
CLI-4454;CRE-4454;Strasbourg;Auto;2020-09-09;17377;62;5.42;0;358.76
CLI-4455;CRE-4455;Mulhouse;Consommation;2019-08-03;13465;40;7.16;1;416.97
CLI-4456;CRE-4456;Epinal;Consommation;2021-04-04;12760;19;6.52;1;740.91
CLI-4457;CRE-4457;Colmar;Consommation;2021-09-02;5187;39;7.19;1;164.08
CLI-4458;CRE-4458;Mulhouse;Habitat;2021-04-20;219808;262;3.26;1;1436.11
CLI-4459;CRE-4459;Strasbourg;Habitat;2022-09-03;203659;268;4.13;1;1460.85
CLI-4460;CRE-4460;Mulhouse;Habitat;2020-04-29;339585;237;3.73;0;2488.39
CLI-4461;CRE-4461;Epinal;Habitat;2021-10-24;211845;294;3.61;1;1357.86
CLI-4462;CRE-4462;Mulhouse;Consommation;2020-01-27;12888;20;6.79;1;717.32
CLI-4463;CRE-4463;Colmar;Consommation;2021-06-29;9239;20;5.53;1;504.53
CLI-4464;CRE-4464;Strasbourg;Habitat;2019-06-13;344012;204;4.02;1;2838.77
CLI-4465;CRE-4465;Colmar;Consommation;2020-11-05;7341;57;6.5;0;168.55
CLI-4466;CRE-4466;Strasbourg;Habitat;2019-10-20;347275;180;3.68;0;2994.28
CLI-4467;CRE-4467;Strasbourg;Habitat;2022-06-13;376033;187;3.84;0;3214.18
CLI-4468;CRE-4468;Epinal;Habitat;2020-06-14;360774;238;3.69;1;2625.24
CLI-4469;CRE-4469;Strasbourg;Auto;2022-11-24;25515;79;5.94;1;449.27
CLI-4470;CRE-4470;Mulhouse;Auto;2021-09-06;34203;54;5.39;1;787.02
CLI-4471;CRE-4471;Strasbourg;Auto;2021-11-16;35218;38;5.62;1;1091.73
CLI-4472;CRE-4472;Colmar;Consommation;2022-04-10;20206;36;6.8;0;675.78
CLI-4473;CRE-4473;Mulhouse;Consommation;2021-02-05;23265;20;5.98;1;1279.19
CLI-4474;CRE-4474;Mulhouse;Habitat;2022-05-20;165044;197;3.41;0;1306.79
CLI-4475;CRE-4475;Epinal;Habitat;2021-01-21;218373;251;3.79;1;1559.71
CLI-4476;CRE-4476;Colmar;Consommation;2020-09-08;20543;33;6.38;1;731.74
CLI-4477;CRE-4477;Strasbourg;Habitat;2020-09-16;275256;225;3.9;0;2117.94
CLI-4478;CRE-4478;Mulhouse;Habitat;2021-08-18;223723;257;3.61;1;1543.55
CLI-4479;CRE-4479;Mulhouse;Auto;2020-12-05;22426;54;4.9;1;506.87
CLI-4480;CRE-4480;Strasbourg;Auto;2019-10-05;21394;58;4.88;1;455.86
CLI-4481;CRE-4481;Epinal;Auto;2021-08-31;28568;83;5.46;0;474.18
CLI-4482;CRE-4482;Strasbourg;Consommation;2020-09-26;10718;58;7.18;0;248.92
CLI-4483;CRE-4483;Mulhouse;Habitat;2020-08-01;337803;277;3.45;1;2190.69
CLI-4484;CRE-4484;Epinal;Auto;2020-03-17;31279;76;5.6;0;557.53
CLI-4485;CRE-4485;Strasbourg;Habitat;2020-03-12;392107;297;3.14;1;2346.24
CLI-4486;CRE-4486;Colmar;Consommation;2022-01-24;23327;58;6.25;1;523.68
CLI-4487;CRE-4487;Strasbourg;Habitat;2022-04-27;415978;223;3.08;0;2933.05
CLI-4488;CRE-4488;Mulhouse;Habitat;2020-12-18;394295;198;3.36;0;3095.41
CLI-4489;CRE-4489;Mulhouse;Habitat;2019-07-15;216671;272;3.88;1;1497.15
CLI-4490;CRE-4490;Colmar;Habitat;2019-02-11;251383;202;3.96;0;2074.03
CLI-4491;CRE-4491;Colmar;Consommation;2020-01-28;13146;16;5.62;1;883.19
CLI-4492;CRE-4492;Colmar;Habitat;2021-05-21;279857;243;3.49;1;1965.59
CLI-4493;CRE-4493;Colmar;Habitat;2019-12-11;168087;280;4.22;0;1191.42
CLI-4494;CRE-4494;Strasbourg;Consommation;2021-08-29;16108;15;5.8;0;1151.72
CLI-4495;CRE-4495;Colmar;Auto;2021-04-10;22242;37;5.2;1;697.52
CLI-4496;CRE-4496;Epinal;Habitat;2022-09-25;433056;226;3.34;1;3121.52
CLI-4497;CRE-4497;Mulhouse;Auto;2019-11-29;37638;65;5.87;1;763.16
CLI-4498;CRE-4498;Strasbourg;Consommation;2022-11-16;16305;44;6.75;1;462.28
CLI-4499;CRE-4499;Colmar;Auto;2019-02-16;31484;71;4.77;1;568.59
CLI-4500;CRE-4500;Colmar;Habitat;2019-12-19;218081;284;3.8;0;1458.48
CLI-4501;CRE-4501;Colmar;Habitat;2022-11-07;185991;196;3.49;1;1489.86
CLI-4502;CRE-4502;Mulhouse;Consommation;2020-05-25;20862;58;6.55;1;473.56
CLI-4503;CRE-4503;Strasbourg;Habitat;2021-10-11;378533;232;3.9;1;2861.84
CLI-4504;CRE-4504;Strasbourg;Habitat;2022-01-16;416615;233;3.75;1;3089.97
CLI-4505;CRE-4505;Epinal;Consommation;2021-06-13;18073;30;5.76;1;689.18
CLI-4506;CRE-4506;Strasbourg;Auto;2020-10-24;17585;43;5.66;0;491.9
CLI-4507;CRE-4507;Epinal;Habitat;2020-11-17;167380;223;4.1;0;1322.46
CLI-4508;CRE-4508;Epinal;Consommation;2021-03-25;22771;40;7.4;1;709.7
CLI-4509;CRE-4509;Epinal;Habitat;2021-11-03;169894;217;3.47;0;1274.2
CLI-4510;CRE-4510;Mulhouse;Consommation;2022-06-16;6125;49;6.17;0;156.49
CLI-4511;CRE-4511;Mulhouse;Habitat;2019-12-31;427803;276;3.71;1;2872.64
CLI-4512;CRE-4512;Colmar;Consommation;2020-06-07;15506;35;6.77;1;530.51
CLI-4513;CRE-4513;Strasbourg;Consommation;2022-03-15;14797;32;5.58;1;531.21
CLI-4514;CRE-4514;Mulhouse;Habitat;2021-11-27;217611;296;3.97;0;1455.1
CLI-4515;CRE-4515;Strasbourg;Habitat;2020-10-24;392766;198;3.49;1;3125.96
CLI-4516;CRE-4516;Colmar;Habitat;2021-06-02;223800;271;3.94;1;1560.64
CLI-4517;CRE-4517;Epinal;Auto;2021-04-24;43759;69;5.17;1;822.72
CLI-4518;CRE-4518;Strasbourg;Consommation;2020-01-21;19086;32;5.92;0;690.6
CLI-4519;CRE-4519;Colmar;Habitat;2020-05-30;258239;196;3.79;1;2133.15
CLI-4520;CRE-4520;Strasbourg;Habitat;2020-08-07;175834;193;3.51;1;1425.37
CLI-4521;CRE-4521;Mulhouse;Consommation;2022-05-25;13153;54;5.52;1;304.08
CLI-4522;CRE-4522;Mulhouse;Auto;2021-08-09;31913;70;4.97;0;588.07
CLI-4523;CRE-4523;Strasbourg;Consommation;2022-07-04;24540;20;5.65;1;1342.54
CLI-4524;CRE-4524;Epinal;Consommation;2021-06-03;9309;38;5.87;1;290.51
CLI-4525;CRE-4525;Epinal;Habitat;2021-10-31;244840;189;3.36;1;1981.0
CLI-4526;CRE-4526;Colmar;Habitat;2020-12-19;408740;222;3.15;1;2914.11
CLI-4527;CRE-4527;Strasbourg;Consommation;2020-03-29;11143;23;7.42;1;553.38
CLI-4528;CRE-4528;Strasbourg;Auto;2020-12-12;15820;66;5.92;1;317.74
CLI-4529;CRE-4529;Strasbourg;Auto;2020-10-16;16842;54;5.03;0;382.48
CLI-4530;CRE-4530;Epinal;Habitat;2019-06-24;261181;204;3.22;1;1981.13
CLI-4531;CRE-4531;Colmar;Consommation;2019-09-25;9010;17;6.74;0;580.61
CLI-4532;CRE-4532;Strasbourg;Consommation;2019-06-19;7552;27;6.83;0;322.69
CLI-4533;CRE-4533;Strasbourg;Consommation;2021-03-07;5842;53;6.57;1;142.21
CLI-4534;CRE-4534;Epinal;Consommation;2022-02-13;15014;35;5.49;0;497.66
CLI-4535;CRE-4535;Strasbourg;Consommation;2019-12-30;22337;14;7.03;0;1726.36
CLI-4536;CRE-4536;Colmar;Consommation;2021-04-26;22255;34;6.75;1;779.74
CLI-4537;CRE-4537;Colmar;Habitat;2019-05-03;396478;278;3.62;0;2622.22
CLI-4538;CRE-4538;Mulhouse;Habitat;2022-08-08;226951;264;3.35;1;1493.23
CLI-4539;CRE-4539;Colmar;Auto;2020-09-08;26086;75;5.64;1;470.42
CLI-4540;CRE-4540;Strasbourg;Auto;2020-10-13;38142;83;4.76;1;610.84
CLI-4541;CRE-4541;Strasbourg;Consommation;2019-10-02;8348;49;7.4;0;221.85
CLI-4542;CRE-4542;Colmar;Consommation;2020-01-04;12074;43;7.09;1;352.13
CLI-4543;CRE-4543;Colmar;Consommation;2022-04-09;7927;57;6.88;1;184.52
CLI-4544;CRE-4544;Mulhouse;Consommation;2022-09-17;18018;52;6.29;1;440.94
CLI-4545;CRE-4545;Strasbourg;Habitat;2020-02-16;166546;185;4.01;1;1456.79
CLI-4546;CRE-4546;Colmar;Auto;2021-05-25;39589;42;5.76;1;1132.62
CLI-4547;CRE-4547;Strasbourg;Habitat;2022-02-16;203686;261;3.41;1;1359.21
CLI-4548;CRE-4548;Colmar;Habitat;2019-03-21;415656;266;3.14;1;2650.25
CLI-4549;CRE-4549;Mulhouse;Auto;2020-10-22;20661;61;5.38;0;431.34
CLI-4550;CRE-4550;Epinal;Auto;2020-07-17;21692;48;5.94;0;559.29
CLI-4551;CRE-4551;Colmar;Consommation;2019-12-20;13817;40;6.8;1;423.72
CLI-4552;CRE-4552;Mulhouse;Consommation;2021-07-27;23575;53;6.87;0;579.78
CLI-4553;CRE-4553;Strasbourg;Consommation;2019-10-11;18822;30;5.71;1;716.96
CLI-4554;CRE-4554;Epinal;Habitat;2021-02-24;388498;183;3.24;1;3171.88
CLI-4555;CRE-4555;Mulhouse;Habitat;2019-09-09;168121;217;3.56;1;1273.51
CLI-4556;CRE-4556;Epinal;Habitat;2019-11-06;242786;207;4.21;0;2024.65
CLI-4557;CRE-4557;Strasbourg;Habitat;2021-10-21;346113;209;4.09;1;2835.71
CLI-4558;CRE-4558;Strasbourg;Habitat;2019-10-02;280489;204;3.64;1;2225.76
CLI-4559;CRE-4559;Epinal;Habitat;2020-05-22;313960;253;4.11;1;2316.26
CLI-4560;CRE-4560;Strasbourg;Habitat;2019-08-23;176631;208;4.06;1;1446.79
CLI-4561;CRE-4561;Mulhouse;Habitat;2019-05-20;210153;263;4.16;1;1527.59
CLI-4562;CRE-4562;Mulhouse;Auto;2020-07-24;29761;56;5.94;1;678.76
CLI-4563;CRE-4563;Mulhouse;Consommation;2022-07-08;23991;27;6.11;1;1010.71
CLI-4564;CRE-4564;Strasbourg;Habitat;2020-01-16;333193;249;3.83;0;2401.57
CLI-4565;CRE-4565;Strasbourg;Auto;2019-08-17;38727;55;4.87;0;861.29
CLI-4566;CRE-4566;Strasbourg;Auto;2020-03-13;15295;73;5.59;1;280.77
CLI-4567;CRE-4567;Strasbourg;Consommation;2019-01-31;8248;38;6.05;1;258.64
CLI-4568;CRE-4568;Colmar;Habitat;2022-03-10;361216;278;3.41;1;2325.79
CLI-4569;CRE-4569;Colmar;Habitat;2021-08-11;334186;229;3.6;0;2461.89
CLI-4570;CRE-4570;Mulhouse;Habitat;2019-04-12;432877;242;3.34;0;2993.59
CLI-4571;CRE-4571;Strasbourg;Habitat;2019-07-10;242701;291;4.23;1;1689.55
CLI-4572;CRE-4572;Mulhouse;Habitat;2020-07-29;347757;286;3.3;1;2172.27
CLI-4573;CRE-4573;Strasbourg;Habitat;2020-10-25;437041;240;3.06;1;2935.46
CLI-4574;CRE-4574;Mulhouse;Consommation;2019-12-28;10140;35;6.2;1;342.1
CLI-4575;CRE-4575;Mulhouse;Habitat;2020-07-24;443587;283;3.68;0;2927.78
CLI-4576;CRE-4576;Epinal;Auto;2021-05-18;19686;73;4.96;0;351.04
CLI-4577;CRE-4577;Strasbourg;Habitat;2022-02-26;392459;256;3.36;1;2631.93
CLI-4578;CRE-4578;Mulhouse;Consommation;2020-12-11;24248;23;7.41;1;1203.99
CLI-4579;CRE-4579;Colmar;Habitat;2022-05-03;401023;228;3.6;0;2961.94
CLI-4580;CRE-4580;Epinal;Habitat;2019-03-18;255848;245;3.62;1;1816.09
CLI-4581;CRE-4581;Colmar;Habitat;2019-04-12;155849;187;4.05;0;1359.41
CLI-4582;CRE-4582;Strasbourg;Consommation;2022-06-06;20496;57;7.45;0;486.82
CLI-4583;CRE-4583;Mulhouse;Auto;2019-12-01;24337;42;5.4;1;688.97
CLI-4584;CRE-4584;Epinal;Auto;2020-01-05;24716;79;5.97;0;435.82
CLI-4585;CRE-4585;Epinal;Habitat;2020-10-14;185632;290;4.21;1;1291.37
CLI-4586;CRE-4586;Strasbourg;Habitat;2020-04-20;196895;256;3.54;1;1349.96
CLI-4587;CRE-4587;Epinal;Auto;2022-07-01;21646;56;4.91;1;475.1
CLI-4588;CRE-4588;Epinal;Habitat;2019-04-24;199865;183;3.47;1;1670.1
CLI-4589;CRE-4589;Epinal;Consommation;2021-01-10;7310;42;7.11;0;217.36
CLI-4590;CRE-4590;Colmar;Habitat;2021-10-28;200591;288;4.03;1;1370.15
CLI-4591;CRE-4591;Epinal;Auto;2020-04-25;15292;36;5.43;1;493.97
CLI-4592;CRE-4592;Strasbourg;Habitat;2022-10-11;284367;278;4.16;0;2008.71
CLI-4593;CRE-4593;Colmar;Consommation;2022-04-18;7871;38;6.6;1;250.42
CLI-4594;CRE-4594;Epinal;Consommation;2019-12-05;22811;30;5.55;1;865.87
CLI-4595;CRE-4595;Strasbourg;Consommation;2020-02-06;24441;39;6.46;1;758.27
CLI-4596;CRE-4596;Colmar;Habitat;2021-02-18;443701;221;3.43;1;3275.94
CLI-4597;CRE-4597;Mulhouse;Habitat;2020-10-04;315528;184;3.82;1;2719.26
CLI-4598;CRE-4598;Epinal;Auto;2021-03-06;25926;46;4.82;1;667.74
CLI-4599;CRE-4599;Mulhouse;Consommation;2021-04-26;15296;56;5.64;1;345.03
CLI-4600;CRE-4600;Epinal;Consommation;2022-11-06;15213;58;6.12;0;339.88
CLI-4601;CRE-4601;Mulhouse;Habitat;2019-12-26;314275;299;3.84;1;2056.77
CLI-4602;CRE-4602;Strasbourg;Consommation;2019-07-18;9332;27;6.49;0;396.1
CLI-4603;CRE-4603;Colmar;Consommation;2022-10-22;22681;24;7.4;1;1084.91
CLI-4604;CRE-4604;Strasbourg;Habitat;2020-05-16;390056;287;3.6;1;2529.25
CLI-4605;CRE-4605;Epinal;Habitat;2022-06-01;363933;242;3.38;1;2528.93
CLI-4606;CRE-4606;Mulhouse;Habitat;2019-12-29;396617;269;3.83;1;2740.28
CLI-4607;CRE-4607;Colmar;Auto;2020-07-12;17602;43;5.44;1;489.14
CLI-4608;CRE-4608;Strasbourg;Habitat;2020-06-18;443441;235;3.31;1;3110.14
CLI-4609;CRE-4609;Strasbourg;Habitat;2022-10-11;367139;228;3.34;1;2632.13
CLI-4610;CRE-4610;Epinal;Habitat;2020-01-18;165419;266;3.36;1;1085.05
CLI-4611;CRE-4611;Mulhouse;Auto;2020-12-18;28292;71;5.82;0;535.7
CLI-4612;CRE-4612;Strasbourg;Habitat;2020-01-24;283660;183;3.88;1;2467.22
CLI-4613;CRE-4613;Epinal;Habitat;2020-12-16;367809;243;4.04;1;2751.91
CLI-4614;CRE-4614;Colmar;Habitat;2019-12-02;222169;186;4.25;0;1981.31
CLI-4615;CRE-4615;Epinal;Consommation;2022-01-25;22543;28;6.72;1;931.35
CLI-4616;CRE-4616;Mulhouse;Consommation;2020-04-13;22355;59;5.92;1;489.18
CLI-4617;CRE-4617;Strasbourg;Consommation;2020-05-03;12612;53;6.35;1;304.7
CLI-4618;CRE-4618;Colmar;Habitat;2020-01-28;281190;225;3.21;1;2001.92
CLI-4619;CRE-4619;Mulhouse;Consommation;2019-05-20;15587;17;6.66;0;1003.39
CLI-4620;CRE-4620;Mulhouse;Habitat;2022-09-15;235149;192;3.36;1;1883.15
CLI-4621;CRE-4621;Epinal;Habitat;2019-08-11;219787;192;3.74;0;1829.73
CLI-4622;CRE-4622;Colmar;Consommation;2021-06-19;11448;58;6.72;1;261.49
CLI-4623;CRE-4623;Mulhouse;Consommation;2022-05-03;13097;18;5.57;0;788.4
CLI-4624;CRE-4624;Epinal;Consommation;2020-02-15;5032;29;5.86;0;198.09
CLI-4625;CRE-4625;Mulhouse;Habitat;2021-06-09;390890;197;3.35;0;3075.45
CLI-4626;CRE-4626;Colmar;Consommation;2020-06-23;10404;36;5.74;1;338.77
CLI-4627;CRE-4627;Mulhouse;Habitat;2021-02-17;203006;244;3.92;0;1495.14
CLI-4628;CRE-4628;Colmar;Consommation;2020-09-16;9262;14;6.66;0;712.98
CLI-4629;CRE-4629;Strasbourg;Habitat;2019-04-27;265405;221;3.29;1;1928.58
CLI-4630;CRE-4630;Strasbourg;Habitat;2021-06-07;422631;199;3.8;1;3462.11
CLI-4631;CRE-4631;Epinal;Consommation;2021-10-26;16805;49;6.61;1;435.53
CLI-4632;CRE-4632;Strasbourg;Habitat;2021-09-03;397917;217;3.85;1;3110.37
CLI-4633;CRE-4633;Strasbourg;Consommation;2019-02-08;9238;19;6.48;1;536.1
CLI-4634;CRE-4634;Colmar;Auto;2020-10-14;31580;55;5.32;1;714.19
CLI-4635;CRE-4635;Colmar;Habitat;2019-09-24;401115;270;3.55;0;2672.24
CLI-4636;CRE-4636;Mulhouse;Consommation;2019-08-06;15027;33;7.46;1;548.78
CLI-4637;CRE-4637;Mulhouse;Habitat;2019-06-28;398334;193;3.86;1;3345.21
CLI-4638;CRE-4638;Strasbourg;Consommation;2021-07-23;15130;48;6.92;1;402.46
CLI-4639;CRE-4639;Colmar;Consommation;2019-04-13;14480;20;5.65;1;792.18
CLI-4640;CRE-4640;Strasbourg;Habitat;2021-01-02;199673;255;3.57;0;1377.06
CLI-4641;CRE-4641;Colmar;Auto;2021-09-18;43153;63;5.06;0;866.93
CLI-4642;CRE-4642;Mulhouse;Consommation;2022-08-11;23789;52;7.0;0;596.25
CLI-4643;CRE-4643;Colmar;Habitat;2019-06-08;411091;273;3.8;1;2807.62
CLI-4644;CRE-4644;Epinal;Habitat;2019-12-31;247390;202;4.16;1;2082.32
CLI-4645;CRE-4645;Colmar;Habitat;2020-04-01;323918;270;3.66;0;2187.65
CLI-4646;CRE-4646;Mulhouse;Habitat;2019-09-19;318194;203;3.61;0;2524.69
CLI-4647;CRE-4647;Colmar;Habitat;2020-05-03;384242;273;3.66;0;2579.42
CLI-4648;CRE-4648;Mulhouse;Consommation;2022-05-09;7728;31;6.23;1;289.41
CLI-4649;CRE-4649;Colmar;Habitat;2019-08-19;333536;202;3.21;1;2543.38
CLI-4650;CRE-4650;Mulhouse;Consommation;2022-03-21;19381;17;5.85;1;1234.54
CLI-4651;CRE-4651;Strasbourg;Auto;2022-11-18;44543;53;5.43;1;1041.99
CLI-4652;CRE-4652;Mulhouse;Consommation;2020-12-29;10602;25;6.47;1;481.24
CLI-4653;CRE-4653;Colmar;Auto;2022-03-16;15142;49;5.64;0;380.19
CLI-4654;CRE-4654;Epinal;Consommation;2020-03-09;24223;16;5.55;1;1625.97
CLI-4655;CRE-4655;Mulhouse;Habitat;2022-06-18;311566;293;3.37;0;1938.35
CLI-4656;CRE-4656;Epinal;Habitat;2019-12-02;266636;193;4.04;0;2279.21
CLI-4657;CRE-4657;Strasbourg;Consommation;2021-05-23;20050;57;6.7;1;463.7
CLI-4658;CRE-4658;Mulhouse;Consommation;2022-09-23;14691;53;6.32;1;354.56
CLI-4659;CRE-4659;Strasbourg;Habitat;2019-06-01;165625;193;4.21;1;1439.23
CLI-4660;CRE-4660;Strasbourg;Habitat;2020-12-13;261744;243;4.12;1;1975.79
CLI-4661;CRE-4661;Epinal;Habitat;2021-04-16;224495;225;3.72;0;1693.69
CLI-4662;CRE-4662;Epinal;Habitat;2019-10-13;233990;244;3.41;1;1623.9
CLI-4663;CRE-4663;Epinal;Habitat;2021-06-19;348189;194;3.51;1;2813.24
CLI-4664;CRE-4664;Mulhouse;Habitat;2020-11-18;326320;210;4.13;1;2676.99
CLI-4665;CRE-4665;Colmar;Auto;2022-09-29;32462;48;5.18;1;816.42
CLI-4666;CRE-4666;Colmar;Habitat;2021-06-26;246461;190;4.22;0;2163.88
CLI-4667;CRE-4667;Strasbourg;Habitat;2022-03-09;434085;242;3.56;0;3081.53
CLI-4668;CRE-4668;Strasbourg;Consommation;2020-08-14;9519;56;5.5;1;213.61
CLI-4669;CRE-4669;Strasbourg;Auto;2022-07-22;28480;55;5.73;1;653.81
CLI-4670;CRE-4670;Mulhouse;Habitat;2022-07-25;419509;267;3.56;1;2815.74
CLI-4671;CRE-4671;Mulhouse;Consommation;2022-11-25;21392;58;6.67;0;487.73
CLI-4672;CRE-4672;Epinal;Habitat;2019-12-25;316370;201;3.17;0;2409.72
CLI-4673;CRE-4673;Colmar;Auto;2022-05-22;38305;44;5.79;0;1055.39
CLI-4674;CRE-4674;Colmar;Habitat;2020-12-12;218513;194;4.01;0;1856.55
CLI-4675;CRE-4675;Mulhouse;Habitat;2020-11-26;287379;227;3.34;1;2065.86
CLI-4676;CRE-4676;Epinal;Habitat;2021-08-16;311613;217;3.34;1;2303.33
CLI-4677;CRE-4677;Mulhouse;Habitat;2019-10-11;229267;241;3.64;1;1646.76
CLI-4678;CRE-4678;Colmar;Habitat;2021-03-24;328111;296;3.6;0;2092.82
CLI-4679;CRE-4679;Mulhouse;Auto;2020-02-05;22787;63;4.96;1;455.88
CLI-4680;CRE-4680;Epinal;Habitat;2022-10-29;415367;290;3.26;1;2560.71
CLI-4681;CRE-4681;Mulhouse;Habitat;2020-08-25;217123;185;3.9;1;1879.29
CLI-4682;CRE-4682;Epinal;Habitat;2019-06-20;154317;296;3.42;0;961.14
CLI-4683;CRE-4683;Colmar;Habitat;2021-01-16;331420;254;4.02;1;2415.06
CLI-4684;CRE-4684;Mulhouse;Consommation;2021-08-10;16423;19;7.35;1;964.96
CLI-4685;CRE-4685;Epinal;Consommation;2019-06-03;9810;21;6.32;1;518.81
CLI-4686;CRE-4686;Epinal;Habitat;2021-02-02;359035;239;3.29;0;2486.59
CLI-4687;CRE-4687;Mulhouse;Consommation;2021-06-27;5307;15;5.94;1;380.07
CLI-4688;CRE-4688;Epinal;Habitat;2021-08-27;190664;223;3.35;0;1387.27
CLI-4689;CRE-4689;Mulhouse;Habitat;2019-07-01;384348;182;3.39;0;3197.59
CLI-4690;CRE-4690;Epinal;Habitat;2020-11-20;259323;223;3.42;1;1901.95
CLI-4691;CRE-4691;Strasbourg;Consommation;2020-02-08;19872;35;6.83;0;680.88
CLI-4692;CRE-4692;Epinal;Consommation;2022-03-25;17804;56;7.32;1;426.53
CLI-4693;CRE-4693;Strasbourg;Habitat;2022-10-07;282826;242;3.81;1;2066.68
CLI-4694;CRE-4694;Strasbourg;Habitat;2021-10-14;353695;183;3.27;1;2896.58
CLI-4695;CRE-4695;Colmar;Consommation;2019-12-28;8869;45;7.04;1;249.12
CLI-4696;CRE-4696;Strasbourg;Habitat;2022-01-17;182347;202;3.86;0;1489.26
CLI-4697;CRE-4697;Colmar;Consommation;2020-07-12;7191;48;5.86;1;184.93
CLI-4698;CRE-4698;Colmar;Consommation;2020-10-27;17737;46;6.75;1;485.36
CLI-4699;CRE-4699;Epinal;Auto;2019-08-27;35506;76;5.17;1;620.16
CLI-4700;CRE-4700;Mulhouse;Habitat;2019-07-26;422636;204;3.58;1;3332.61
CLI-4701;CRE-4701;Mulhouse;Consommation;2022-04-18;12394;59;6.5;1;277.2
CLI-4702;CRE-4702;Strasbourg;Habitat;2019-06-18;437042;240;3.33;0;3033.8
CLI-4703;CRE-4703;Strasbourg;Habitat;2021-04-29;446657;235;3.8;1;3315.08
CLI-4704;CRE-4704;Mulhouse;Habitat;2019-06-13;381804;202;3.99;1;3159.62
CLI-4705;CRE-4705;Mulhouse;Consommation;2019-07-03;18911;18;6.85;1;1158.56
CLI-4706;CRE-4706;Mulhouse;Consommation;2021-06-19;21755;22;6.71;1;1110.51
CLI-4707;CRE-4707;Mulhouse;Habitat;2022-02-22;395227;182;3.26;1;3245.28
CLI-4708;CRE-4708;Epinal;Consommation;2020-04-13;7778;57;6.1;1;175.99
CLI-4709;CRE-4709;Epinal;Consommation;2022-08-14;17445;12;6.02;1;1541.27
CLI-4710;CRE-4710;Epinal;Consommation;2022-02-24;21403;46;6.54;1;581.93
CLI-4711;CRE-4711;Colmar;Auto;2020-07-08;40495;72;5.19;1;737.57
CLI-4712;CRE-4712;Colmar;Auto;2021-11-21;35132;61;5.25;0;729.64
CLI-4713;CRE-4713;Colmar;Habitat;2020-03-25;383486;225;3.09;1;2691.86
CLI-4714;CRE-4714;Colmar;Auto;2021-05-15;26189;81;5.21;0;437.02
CLI-4715;CRE-4715;Mulhouse;Habitat;2021-01-13;171239;187;3.96;0;1480.81
CLI-4716;CRE-4716;Epinal;Auto;2019-04-06;37604;60;4.82;0;777.78
CLI-4717;CRE-4717;Strasbourg;Consommation;2021-02-19;21930;16;6.05;0;1481.19
CLI-4718;CRE-4718;Strasbourg;Habitat;2019-04-12;331589;219;3.37;1;2445.32
CLI-4719;CRE-4719;Colmar;Auto;2021-01-20;21311;58;5.01;1;456.4
CLI-4720;CRE-4720;Mulhouse;Habitat;2019-06-02;426743;234;3.31;0;3000.79
CLI-4721;CRE-4721;Colmar;Habitat;2019-05-30;276438;241;3.72;1;2004.0
CLI-4722;CRE-4722;Strasbourg;Consommation;2022-02-13;18637;20;5.75;1;1021.15
CLI-4723;CRE-4723;Mulhouse;Consommation;2020-09-18;5000;33;7.43;0;182.47
CLI-4724;CRE-4724;Colmar;Consommation;2022-02-12;12212;27;6.21;1;515.49
CLI-4725;CRE-4725;Strasbourg;Consommation;2019-05-31;11320;33;6.49;0;404.25
CLI-4726;CRE-4726;Mulhouse;Habitat;2020-11-28;406408;199;3.3;1;3159.87
CLI-4727;CRE-4727;Mulhouse;Consommation;2022-08-26;24710;19;7.05;1;1445.7
CLI-4728;CRE-4728;Mulhouse;Auto;2019-05-11;24221;60;5.37;0;512.07
CLI-4729;CRE-4729;Epinal;Habitat;2022-08-13;297069;239;3.57;1;2126.75
CLI-4730;CRE-4730;Colmar;Habitat;2020-01-03;219434;213;4.15;1;1789.08
CLI-4731;CRE-4731;Colmar;Auto;2021-07-29;44148;56;5.95;0;1007.26
CLI-4732;CRE-4732;Mulhouse;Habitat;2021-05-14;433324;214;3.03;0;3119.02
CLI-4733;CRE-4733;Mulhouse;Consommation;2020-01-11;23635;14;7.02;1;1826.48
CLI-4734;CRE-4734;Colmar;Consommation;2020-12-11;14537;26;7.46;1;649.49
CLI-4735;CRE-4735;Mulhouse;Consommation;2019-08-05;10548;50;6.31;1;266.42
CLI-4736;CRE-4736;Epinal;Habitat;2019-10-24;312912;208;4.09;0;2570.89
CLI-4737;CRE-4737;Mulhouse;Habitat;2022-05-22;179411;182;3.63;1;1528.49
CLI-4738;CRE-4738;Epinal;Habitat;2022-07-05;447667;252;3.8;1;3194.07
CLI-4739;CRE-4739;Strasbourg;Habitat;2019-05-21;182180;265;4.0;1;1294.74
CLI-4740;CRE-4740;Colmar;Habitat;2019-10-19;434914;240;3.07;0;2924.8
CLI-4741;CRE-4741;Epinal;Habitat;2022-07-07;389735;231;3.48;1;2817.4
CLI-4742;CRE-4742;Epinal;Consommation;2021-03-26;9985;56;7.06;1;237.05
CLI-4743;CRE-4743;Epinal;Auto;2021-04-06;33493;79;5.05;0;564.91
CLI-4744;CRE-4744;Mulhouse;Habitat;2019-05-29;153889;219;3.55;1;1157.94
CLI-4745;CRE-4745;Colmar;Habitat;2020-06-24;158814;233;4.32;1;1253.34
CLI-4746;CRE-4746;Mulhouse;Auto;2021-02-02;34402;45;5.35;1;917.86
CLI-4747;CRE-4747;Mulhouse;Habitat;2020-05-12;238979;264;3.51;1;1604.24
CLI-4748;CRE-4748;Mulhouse;Consommation;2019-02-23;17402;49;5.62;1;436.64
CLI-4749;CRE-4749;Epinal;Habitat;2022-01-01;334452;296;3.86;1;2205.73
CLI-4750;CRE-4750;Epinal;Habitat;2021-01-15;416727;257;3.49;1;2833.49
CLI-4751;CRE-4751;Strasbourg;Habitat;2022-02-06;155449;289;3.94;1;1048.28
CLI-4752;CRE-4752;Mulhouse;Consommation;2022-08-27;5295;19;5.53;1;303.09
CLI-4753;CRE-4753;Mulhouse;Habitat;2020-07-19;269295;290;3.88;0;1799.32
CLI-4754;CRE-4754;Strasbourg;Habitat;2019-06-08;400064;234;3.78;1;2969.88
CLI-4755;CRE-4755;Strasbourg;Auto;2022-04-26;18771;76;5.0;1;325.2
CLI-4756;CRE-4756;Strasbourg;Consommation;2019-12-23;8062;21;5.61;1;421.59
CLI-4757;CRE-4757;Epinal;Habitat;2020-10-29;238641;210;3.42;1;1816.51
CLI-4758;CRE-4758;Mulhouse;Habitat;2020-02-23;447982;249;3.38;1;3060.94
CLI-4759;CRE-4759;Strasbourg;Consommation;2021-09-24;18372;20;6.05;1;1011.23
CLI-4760;CRE-4760;Strasbourg;Habitat;2022-03-22;322387;191;3.61;1;2657.74
CLI-4761;CRE-4761;Epinal;Habitat;2022-05-10;186599;230;4.01;0;1434.85
CLI-4762;CRE-4762;Mulhouse;Consommation;2019-04-20;20993;37;6.09;1;673.92
CLI-4763;CRE-4763;Epinal;Consommation;2022-04-11;23423;47;6.5;1;625.24
CLI-4764;CRE-4764;Colmar;Consommation;2021-01-31;19843;13;6.77;1;1638.33
CLI-4765;CRE-4765;Epinal;Auto;2022-01-31;33102;66;4.88;1;636.16
CLI-4766;CRE-4766;Epinal;Habitat;2022-08-01;402317;286;3.38;1;2539.9
CLI-4767;CRE-4767;Epinal;Auto;2020-09-29;22752;41;5.0;1;649.73
CLI-4768;CRE-4768;Epinal;Auto;2019-09-09;31520;77;5.13;0;544.1
CLI-4769;CRE-4769;Colmar;Auto;2019-10-15;23962;58;5.3;0;518.97
CLI-4770;CRE-4770;Epinal;Auto;2022-01-18;40986;60;5.92;1;885.3
CLI-4771;CRE-4771;Epinal;Habitat;2020-03-18;399491;188;3.62;1;3330.08
CLI-4772;CRE-4772;Colmar;Consommation;2022-04-20;24466;50;5.81;0;607.78
CLI-4773;CRE-4773;Epinal;Consommation;2019-04-21;5088;35;7.33;0;176.45
CLI-4774;CRE-4774;Colmar;Consommation;2019-02-02;9030;25;6.39;1;409.28
CLI-4775;CRE-4775;Mulhouse;Habitat;2021-01-12;224495;268;4.09;0;1602.82
CLI-4776;CRE-4776;Strasbourg;Habitat;2019-05-29;421368;189;3.67;0;3518.14
CLI-4777;CRE-4777;Colmar;Habitat;2022-11-22;295597;208;4.03;0;2413.85
CLI-4778;CRE-4778;Strasbourg;Habitat;2021-01-24;314490;235;3.27;1;2195.24
CLI-4779;CRE-4779;Epinal;Auto;2022-03-09;31622;67;4.9;1;601.09
CLI-4780;CRE-4780;Mulhouse;Auto;2021-05-31;30528;55;5.73;0;700.83
CLI-4781;CRE-4781;Epinal;Habitat;2021-01-22;428674;200;3.1;0;3250.78
CLI-4782;CRE-4782;Epinal;Habitat;2021-07-10;411785;225;3.07;0;2883.64
CLI-4783;CRE-4783;Strasbourg;Auto;2020-02-20;24582;54;5.16;1;560.92
CLI-4784;CRE-4784;Epinal;Consommation;2022-02-14;10033;14;5.79;1;765.05
CLI-4785;CRE-4785;Epinal;Auto;2020-08-11;15089;78;5.26;1;259.59
CLI-4786;CRE-4786;Epinal;Habitat;2020-03-01;240524;287;3.36;0;1511.53
CLI-4787;CRE-4787;Mulhouse;Consommation;2022-04-28;18224;21;6.68;0;969.26
CLI-4788;CRE-4788;Strasbourg;Auto;2022-04-20;29556;83;5.42;1;489.59
CLI-4789;CRE-4789;Strasbourg;Habitat;2021-05-10;208370;248;3.65;1;1473.99
CLI-4790;CRE-4790;Epinal;Habitat;2021-07-27;156132;297;3.94;1;1038.33
CLI-4791;CRE-4791;Epinal;Consommation;2020-04-28;5952;39;6.01;1;182.42
CLI-4792;CRE-4792;Epinal;Consommation;2019-11-13;18417;45;6.1;1;502.89
CLI-4793;CRE-4793;Strasbourg;Habitat;2020-05-05;245202;249;4.22;1;1847.04
CLI-4794;CRE-4794;Mulhouse;Habitat;2019-09-16;416901;227;3.26;0;2969.15
CLI-4795;CRE-4795;Mulhouse;Habitat;2019-05-08;389785;297;3.92;1;2585.71
CLI-4796;CRE-4796;Epinal;Consommation;2021-10-10;17164;57;7.08;1;402.39
CLI-4797;CRE-4797;Mulhouse;Consommation;2021-03-27;24648;40;5.49;1;728.96
CLI-4798;CRE-4798;Mulhouse;Consommation;2020-07-09;16968;43;5.61;0;473.93
CLI-4799;CRE-4799;Mulhouse;Consommation;2020-01-11;19246;52;7.46;1;489.76
CLI-4800;CRE-4800;Mulhouse;Consommation;2021-06-26;6994;13;5.92;1;572.5
CLI-4801;CRE-4801;Mulhouse;Consommation;2019-05-17;24975;21;5.64;1;1306.67
CLI-4802;CRE-4802;Mulhouse;Auto;2019-07-30;26864;72;5.3;1;491.76
CLI-4803;CRE-4803;Epinal;Consommation;2019-06-01;12968;12;5.51;0;1140.21
CLI-4804;CRE-4804;Mulhouse;Habitat;2021-09-23;221638;238;3.54;1;1585.08
CLI-4805;CRE-4805;Epinal;Consommation;2020-06-14;16733;43;6.73;1;482.98
CLI-4806;CRE-4806;Colmar;Habitat;2022-02-04;195677;200;4.19;0;1661.62
CLI-4807;CRE-4807;Colmar;Habitat;2022-10-02;411230;280;3.27;1;2589.28
CLI-4808;CRE-4808;Colmar;Auto;2019-12-10;18458;50;5.08;1;447.3
CLI-4809;CRE-4809;Colmar;Habitat;2019-12-29;182347;199;3.61;1;1464.88
CLI-4810;CRE-4810;Colmar;Consommation;2019-06-10;5623;48;6.03;1;145.4
CLI-4811;CRE-4811;Strasbourg;Habitat;2021-12-27;222480;181;3.87;0;1946.67
CLI-4812;CRE-4812;Strasbourg;Auto;2019-08-24;24400;47;4.96;1;620.0
CLI-4813;CRE-4813;Colmar;Auto;2021-08-14;38637;66;5.24;0;754.12
CLI-4814;CRE-4814;Strasbourg;Consommation;2019-04-10;23483;46;6.8;1;643.57
CLI-4815;CRE-4815;Mulhouse;Habitat;2019-10-30;242432;221;3.99;0;1903.06
CLI-4816;CRE-4816;Colmar;Habitat;2022-08-03;277646;231;4.05;0;2138.99
CLI-4817;CRE-4817;Mulhouse;Consommation;2022-03-14;22718;49;6.32;1;583.28
CLI-4818;CRE-4818;Strasbourg;Consommation;2019-04-30;23041;56;6.28;0;532.03
CLI-4819;CRE-4819;Epinal;Consommation;2022-09-01;11726;42;6.14;1;339.19
CLI-4820;CRE-4820;Mulhouse;Habitat;2019-08-25;382085;286;3.93;1;2587.29
CLI-4821;CRE-4821;Mulhouse;Consommation;2022-11-13;21801;37;6.58;0;708.76
CLI-4822;CRE-4822;Epinal;Auto;2022-10-29;40125;44;5.26;0;1087.81
CLI-4823;CRE-4823;Mulhouse;Consommation;2019-07-25;8726;23;6.43;1;426.15
CLI-4824;CRE-4824;Mulhouse;Habitat;2022-08-23;370407;202;3.71;1;2978.87
CLI-4825;CRE-4825;Strasbourg;Consommation;2019-06-16;12874;12;6.15;1;1138.81
CLI-4826;CRE-4826;Colmar;Habitat;2022-10-19;243135;236;4.02;0;1844.74
CLI-4827;CRE-4827;Epinal;Auto;2019-06-17;43944;59;5.09;1;931.21
CLI-4828;CRE-4828;Colmar;Habitat;2021-09-13;221654;275;4.07;1;1557.79
CLI-4829;CRE-4829;Mulhouse;Auto;2020-11-30;23074;79;5.77;1;403.02
CLI-4830;CRE-4830;Strasbourg;Consommation;2019-06-28;11262;44;7.0;1;321.65
CLI-4831;CRE-4831;Epinal;Habitat;2020-04-19;201911;249;3.95;1;1475.51
CLI-4832;CRE-4832;Epinal;Consommation;2022-07-29;6525;46;6.65;0;178.01
CLI-4833;CRE-4833;Epinal;Habitat;2019-05-06;195347;249;3.3;1;1321.73
CLI-4834;CRE-4834;Epinal;Habitat;2021-07-18;298145;226;3.6;1;2213.66
CLI-4835;CRE-4835;Epinal;Consommation;2021-10-14;20446;31;6.94;1;777.79
CLI-4836;CRE-4836;Colmar;Habitat;2021-05-07;423109;263;3.83;1;2959.2
CLI-4837;CRE-4837;Colmar;Habitat;2021-07-19;175399;290;3.35;0;1094.48
CLI-4838;CRE-4838;Strasbourg;Consommation;2019-06-08;18422;13;6.38;1;1515.02
CLI-4839;CRE-4839;Colmar;Habitat;2020-07-12;410265;209;3.76;1;3248.49
CLI-4840;CRE-4840;Colmar;Habitat;2022-04-06;195824;213;4.0;1;1572.11
CLI-4841;CRE-4841;Strasbourg;Auto;2020-02-28;20484;69;5.03;1;382.73
CLI-4842;CRE-4842;Strasbourg;Auto;2020-02-01;32569;65;5.6;1;653.05
CLI-4843;CRE-4843;Colmar;Consommation;2021-09-19;9247;27;5.55;1;385.25
CLI-4844;CRE-4844;Colmar;Habitat;2021-07-27;205120;239;4.08;1;1555.65
CLI-4845;CRE-4845;Strasbourg;Habitat;2020-05-18;415935;280;3.28;1;2622.37
CLI-4846;CRE-4846;Mulhouse;Habitat;2019-05-20;260235;286;3.43;1;1653.75
CLI-4847;CRE-4847;Mulhouse;Habitat;2020-02-10;203297;218;4.16;1;1637.32
CLI-4848;CRE-4848;Epinal;Habitat;2019-09-29;295543;266;3.45;1;1960.75
CLI-4849;CRE-4849;Strasbourg;Auto;2022-04-04;41612;55;4.85;0;924.76
CLI-4850;CRE-4850;Mulhouse;Consommation;2020-07-30;10674;28;6.21;1;436.45
CLI-4851;CRE-4851;Mulhouse;Habitat;2019-07-18;279180;249;3.31;1;1891.28
CLI-4852;CRE-4852;Colmar;Habitat;2021-05-06;152611;236;3.45;1;1085.41
CLI-4853;CRE-4853;Colmar;Habitat;2019-06-04;315527;229;4.11;1;2458.53
CLI-4854;CRE-4854;Colmar;Consommation;2019-08-06;11735;21;5.73;1;614.84
CLI-4855;CRE-4855;Colmar;Consommation;2022-08-19;24748;51;6.08;1;610.64
CLI-4856;CRE-4856;Mulhouse;Habitat;2020-08-06;263818;185;4.11;1;2329.62
CLI-4857;CRE-4857;Strasbourg;Consommation;2020-09-08;15352;50;5.52;1;377.66
CLI-4858;CRE-4858;Mulhouse;Auto;2022-09-08;40863;40;5.31;1;1202.39
CLI-4859;CRE-4859;Mulhouse;Consommation;2021-02-11;14940;48;6.99;1;398.28
CLI-4860;CRE-4860;Mulhouse;Habitat;2022-01-04;441372;181;3.86;0;3858.27
CLI-4861;CRE-4861;Strasbourg;Consommation;2021-04-20;22264;21;6.54;1;1181.53
CLI-4862;CRE-4862;Colmar;Habitat;2019-09-03;273106;219;3.67;0;2082.31
CLI-4863;CRE-4863;Strasbourg;Consommation;2020-05-28;5061;13;7.34;1;420.26
CLI-4864;CRE-4864;Mulhouse;Habitat;2019-06-27;392109;241;3.91;1;2904.63
CLI-4865;CRE-4865;Mulhouse;Consommation;2022-02-27;6196;30;7.17;1;243.55
CLI-4866;CRE-4866;Strasbourg;Habitat;2020-05-29;368762;184;3.49;1;3076.62
CLI-4867;CRE-4867;Strasbourg;Habitat;2020-09-14;353671;196;3.55;0;2850.72
CLI-4868;CRE-4868;Mulhouse;Habitat;2021-08-01;261427;255;4.14;0;1927.13
CLI-4869;CRE-4869;Strasbourg;Consommation;2020-03-01;16438;32;5.7;0;591.77
CLI-4870;CRE-4870;Colmar;Auto;2021-04-25;32544;39;5.44;0;981.99
CLI-4871;CRE-4871;Colmar;Habitat;2021-01-31;363132;185;3.54;1;3034.12
CLI-4872;CRE-4872;Epinal;Habitat;2020-04-04;192642;299;4.16;0;1312.11
CLI-4873;CRE-4873;Strasbourg;Habitat;2021-08-04;433114;273;3.5;1;2849.75
CLI-4874;CRE-4874;Epinal;Consommation;2019-05-04;10567;31;7.47;1;406.65
CLI-4875;CRE-4875;Epinal;Habitat;2022-11-02;176895;261;3.81;1;1239.4
CLI-4876;CRE-4876;Mulhouse;Habitat;2020-12-23;273427;235;3.96;0;2065.83
CLI-4877;CRE-4877;Mulhouse;Consommation;2021-06-21;22950;42;7.3;1;686.04
CLI-4878;CRE-4878;Epinal;Habitat;2020-07-19;428840;227;3.58;1;3168.54
CLI-4879;CRE-4879;Mulhouse;Consommation;2020-07-19;8570;15;7.49;1;624.82
CLI-4880;CRE-4880;Colmar;Consommation;2021-01-22;14308;48;6.51;0;375.7
CLI-4881;CRE-4881;Strasbourg;Consommation;2019-10-24;13384;43;6.03;1;378.51
CLI-4882;CRE-4882;Mulhouse;Auto;2022-08-31;21211;45;5.39;1;566.63
CLI-4883;CRE-4883;Strasbourg;Habitat;2021-11-10;255111;223;3.58;1;1905.08
CLI-4884;CRE-4884;Epinal;Habitat;2020-10-21;389040;296;3.64;1;2494.41
CLI-4885;CRE-4885;Epinal;Auto;2022-05-20;18316;59;5.39;0;392.71
CLI-4886;CRE-4886;Colmar;Habitat;2021-07-17;185787;209;3.74;1;1467.97
CLI-4887;CRE-4887;Strasbourg;Consommation;2020-08-22;22727;48;6.09;1;588.82
CLI-4888;CRE-4888;Colmar;Habitat;2021-04-17;278426;258;3.96;1;1997.98
CLI-4889;CRE-4889;Colmar;Habitat;2022-07-10;243570;258;3.23;0;1599.68
CLI-4890;CRE-4890;Colmar;Habitat;2021-04-16;229946;223;3.29;1;1661.58
CLI-4891;CRE-4891;Strasbourg;Consommation;2019-09-10;16312;44;5.87;1;450.52
CLI-4892;CRE-4892;Epinal;Habitat;2021-09-26;313733;191;3.73;1;2617.77
CLI-4893;CRE-4893;Strasbourg;Habitat;2019-09-04;162704;258;4.27;1;1209.59
CLI-4894;CRE-4894;Colmar;Auto;2019-04-22;28364;82;5.48;1;475.43
CLI-4895;CRE-4895;Strasbourg;Habitat;2022-03-18;212998;200;4.24;1;1817.58
CLI-4896;CRE-4896;Mulhouse;Consommation;2022-11-08;13539;14;7.44;0;1051.01
CLI-4897;CRE-4897;Mulhouse;Habitat;2019-10-24;410408;255;3.64;1;2854.35
CLI-4898;CRE-4898;Colmar;Habitat;2020-11-15;151796;199;3.62;1;1220.71
CLI-4899;CRE-4899;Strasbourg;Habitat;2019-12-21;435666;251;3.87;0;3140.74
CLI-4900;CRE-4900;Mulhouse;Consommation;2021-01-01;21193;14;7.06;0;1638.47
CLI-4901;CRE-4901;Strasbourg;Habitat;2020-06-29;184996;245;4.29;1;1416.45
CLI-4902;CRE-4902;Mulhouse;Auto;2022-01-09;22514;61;5.06;1;464.02
CLI-4903;CRE-4903;Mulhouse;Habitat;2022-06-16;363780;229;3.61;1;2682.93
CLI-4904;CRE-4904;Colmar;Habitat;2022-03-04;231722;183;3.45;0;1932.44
CLI-4905;CRE-4905;Colmar;Habitat;2021-08-03;442113;273;3.14;0;2776.32
CLI-4906;CRE-4906;Epinal;Auto;2019-09-24;26111;41;5.21;0;750.22
CLI-4907;CRE-4907;Epinal;Habitat;2021-01-23;196452;263;4.0;1;1401.81
CLI-4908;CRE-4908;Mulhouse;Habitat;2021-08-13;352201;189;3.98;1;3031.63
CLI-4909;CRE-4909;Mulhouse;Habitat;2022-09-28;382550;251;3.16;1;2531.49
CLI-4910;CRE-4910;Strasbourg;Consommation;2022-08-27;19900;45;6.77;1;554.49
CLI-4911;CRE-4911;Epinal;Habitat;2020-05-10;206408;187;3.86;1;1767.73
CLI-4912;CRE-4912;Strasbourg;Habitat;2021-04-02;208788;194;3.65;1;1711.29
CLI-4913;CRE-4913;Colmar;Habitat;2022-08-16;268359;282;3.84;0;1810.38
CLI-4914;CRE-4914;Strasbourg;Habitat;2021-01-04;238748;226;3.57;1;1766.68
CLI-4915;CRE-4915;Mulhouse;Auto;2021-08-11;43081;43;5.51;1;1199.7
CLI-4916;CRE-4916;Colmar;Consommation;2022-06-02;6743;37;5.95;0;215.68
CLI-4917;CRE-4917;Strasbourg;Auto;2020-03-18;36978;77;5.26;0;642.32
CLI-4918;CRE-4918;Strasbourg;Habitat;2020-11-24;268387;248;4.09;1;1996.96
CLI-4919;CRE-4919;Epinal;Auto;2022-09-19;34258;68;5.74;1;667.66
CLI-4920;CRE-4920;Mulhouse;Auto;2019-11-27;18847;38;5.43;1;581.26
CLI-4921;CRE-4921;Mulhouse;Habitat;2022-05-28;339960;260;3.46;1;2287.76
CLI-4922;CRE-4922;Strasbourg;Habitat;2021-06-13;265442;215;3.76;1;2066.33
CLI-4923;CRE-4923;Colmar;Habitat;2022-05-13;437190;209;3.22;1;3264.94
CLI-4924;CRE-4924;Strasbourg;Habitat;2019-11-14;164885;271;3.82;0;1133.32
CLI-4925;CRE-4925;Strasbourg;Habitat;2020-06-04;405040;268;3.11;1;2561.07
CLI-4926;CRE-4926;Strasbourg;Consommation;2021-03-28;20628;31;7.2;1;789.19
CLI-4927;CRE-4927;Epinal;Habitat;2022-06-27;208121;249;3.7;0;1477.53
CLI-4928;CRE-4928;Epinal;Auto;2021-03-24;33742;69;5.37;1;640.01
CLI-4929;CRE-4929;Colmar;Habitat;2021-12-13;424840;250;3.35;0;2885.37
CLI-4930;CRE-4930;Epinal;Auto;2020-11-20;32722;51;5.8;0;799.76
CLI-4931;CRE-4931;Epinal;Auto;2022-06-13;40266;67;5.02;1;769.43
CLI-4932;CRE-4932;Colmar;Habitat;2021-06-03;261271;289;3.45;1;1655.21
CLI-4933;CRE-4933;Colmar;Consommation;2021-08-10;9195;38;5.81;1;286.49
CLI-4934;CRE-4934;Colmar;Auto;2020-10-10;15529;63;5.69;1;320.13
CLI-4935;CRE-4935;Colmar;Consommation;2019-11-02;24650;15;6.33;1;1773.36
CLI-4936;CRE-4936;Epinal;Consommation;2022-04-26;23389;27;6.23;1;987.69
CLI-4937;CRE-4937;Epinal;Consommation;2019-06-19;21809;51;6.74;1;550.12
CLI-4938;CRE-4938;Colmar;Consommation;2020-08-10;18075;46;6.93;1;497.32
CLI-4939;CRE-4939;Mulhouse;Habitat;2020-01-31;448675;229;3.69;1;3338.96
CLI-4940;CRE-4940;Colmar;Habitat;2022-03-24;328170;292;3.24;1;2009.93
CLI-4941;CRE-4941;Strasbourg;Auto;2019-07-28;21453;60;5.8;0;461.24
CLI-4942;CRE-4942;Strasbourg;Habitat;2019-11-15;423710;223;3.87;1;3266.51
CLI-4943;CRE-4943;Mulhouse;Auto;2022-11-22;35771;53;5.81;1;848.12
CLI-4944;CRE-4944;Colmar;Habitat;2019-11-17;359040;295;3.72;1;2330.11
CLI-4945;CRE-4945;Strasbourg;Consommation;2020-09-14;10491;40;7.34;0;326.44
CLI-4946;CRE-4946;Epinal;Habitat;2021-10-26;427137;221;3.32;0;3114.49
CLI-4947;CRE-4947;Strasbourg;Auto;2022-10-24;25702;40;5.87;0;768.28
CLI-4948;CRE-4948;Epinal;Consommation;2020-01-18;24896;25;6.11;1;1122.6
CLI-4949;CRE-4949;Mulhouse;Habitat;2021-11-01;230344;200;3.74;1;1869.63
CLI-4950;CRE-4950;Mulhouse;Habitat;2021-10-18;325651;261;3.38;1;2164.96
CLI-4951;CRE-4951;Strasbourg;Auto;2020-12-03;20401;68;5.83;1;399.13
CLI-4952;CRE-4952;Epinal;Consommation;2021-05-22;22089;12;5.89;1;1949.17
CLI-4953;CRE-4953;Epinal;Habitat;2020-10-15;389072;245;3.38;1;2683.94
CLI-4954;CRE-4954;Mulhouse;Habitat;2019-05-26;430232;211;3.2;0;3186.3
CLI-4955;CRE-4955;Strasbourg;Habitat;2020-12-10;251135;187;3.69;1;2115.21
CLI-4956;CRE-4956;Colmar;Habitat;2020-11-29;444535;182;3.71;1;3816.85
CLI-4957;CRE-4957;Epinal;Habitat;2021-04-19;401807;181;3.28;1;3318.2
CLI-4958;CRE-4958;Strasbourg;Habitat;2022-06-10;190939;218;3.79;0;1478.92
CLI-4959;CRE-4959;Colmar;Habitat;2021-04-18;213697;234;4.01;1;1627.34
CLI-4960;CRE-4960;Mulhouse;Auto;2020-09-23;35571;36;5.48;1;1150.52
CLI-4961;CRE-4961;Colmar;Consommation;2019-05-13;21957;58;6.8;1;502.99
CLI-4962;CRE-4962;Strasbourg;Habitat;2020-07-06;345150;236;3.38;0;2434.67
CLI-4963;CRE-4963;Mulhouse;Habitat;2020-03-20;412136;290;3.79;1;2722.82
CLI-4964;CRE-4964;Epinal;Habitat;2022-10-28;370066;218;3.37;0;2736.82
CLI-4965;CRE-4965;Colmar;Habitat;2021-08-10;302617;220;4.07;0;2401.91
CLI-4966;CRE-4966;Strasbourg;Consommation;2019-02-27;19821;20;5.68;1;1084.87
CLI-4967;CRE-4967;Colmar;Consommation;2022-09-04;17280;36;6.44;0;572.74
CLI-4968;CRE-4968;Strasbourg;Auto;2022-03-22;27085;51;5.11;1;646.42
CLI-4969;CRE-4969;Mulhouse;Auto;2022-08-26;31231;75;4.92;1;544.46
CLI-4970;CRE-4970;Epinal;Consommation;2020-11-27;24808;14;7.02;1;1917.13
CLI-4971;CRE-4971;Strasbourg;Consommation;2019-12-13;7867;27;6.35;1;333.0
CLI-4972;CRE-4972;Strasbourg;Consommation;2021-11-15;5099;59;6.7;0;114.89
CLI-4973;CRE-4973;Strasbourg;Consommation;2021-01-08;14210;43;7.03;1;413.71
CLI-4974;CRE-4974;Strasbourg;Habitat;2020-10-03;231345;252;3.87;1;1664.12
CLI-4975;CRE-4975;Strasbourg;Auto;2022-11-08;35831;75;4.94;1;625.25
CLI-4976;CRE-4976;Epinal;Consommation;2019-07-04;13900;53;6.07;0;332.57
CLI-4977;CRE-4977;Colmar;Habitat;2020-07-30;180562;287;3.82;1;1203.92
CLI-4978;CRE-4978;Colmar;Habitat;2019-06-09;422920;268;3.79;0;2913.78
CLI-4979;CRE-4979;Strasbourg;Habitat;2020-02-03;226589;230;3.76;0;1695.15
CLI-4980;CRE-4980;Mulhouse;Auto;2022-09-18;29132;51;5.48;0;704.25
CLI-4981;CRE-4981;Strasbourg;Consommation;2021-10-05;10718;27;6.99;1;459.4
CLI-4982;CRE-4982;Colmar;Auto;2019-08-31;31001;48;4.91;1;772.7
CLI-4983;CRE-4983;Strasbourg;Auto;2020-05-21;32490;63;5.25;1;657.86
CLI-4984;CRE-4984;Mulhouse;Consommation;2022-08-05;20390;24;6.36;0;957.65
CLI-4985;CRE-4985;Colmar;Habitat;2019-03-14;169843;199;3.56;1;1357.35
CLI-4986;CRE-4986;Mulhouse;Auto;2020-09-20;24415;51;5.44;1;589.41
CLI-4987;CRE-4987;Colmar;Habitat;2020-09-10;352878;297;3.16;0;2117.39
CLI-4988;CRE-4988;Colmar;Consommation;2022-09-26;18675;59;5.98;0;409.59
CLI-4989;CRE-4989;Epinal;Consommation;2021-05-30;18487;40;6.5;1;562.31
CLI-4990;CRE-4990;Colmar;Auto;2019-03-02;29048;62;5.74;0;607.46
CLI-4991;CRE-4991;Colmar;Habitat;2021-07-09;263358;230;4.05;1;2033.87
CLI-4992;CRE-4992;Strasbourg;Habitat;2021-01-06;335497;242;3.78;1;2443.17
CLI-4993;CRE-4993;Epinal;Consommation;2020-01-21;6272;22;6.21;0;317.55
CLI-4994;CRE-4994;Colmar;Auto;2022-01-10;29203;48;5.14;1;733.48
CLI-4995;CRE-4995;Colmar;Habitat;2022-09-14;352595;257;3.73;1;2467.95
CLI-4996;CRE-4996;Strasbourg;Habitat;2020-06-02;222580;197;3.38;1;1756.78
CLI-4997;CRE-4997;Epinal;Auto;2019-03-16;38887;52;5.94;1;940.32
CLI-4998;CRE-4998;Colmar;Consommation;2021-10-12;7280;39;5.9;0;222.46
CLI-4999;CRE-4999;Colmar;Habitat;2019-05-29;205297;212;3.63;1;1589.41
CLI-5000;CRE-5000;Strasbourg;Consommation;2019-11-14;14545;47;5.69;1;378.44
